
===== story:bio (20s, 2703 chars)
Zander Demo is a former Operations Director who grew the HVAC division at Harlow & Pike from £4.2m to £11.8m in five years. He now coaches MDs and owners in building services contracting to fix the same problems he solved from the inside.

- **£4.2m** HVAC division revenue when Zander took the lead at Harlow & Pike
- **£11.8m** Revenue five years later, with margin held
- **8** Maximum clients he carries, to give each proper time
- **£1,950** Minimum monthly fee per client

### Proof inventory

| Result | Where | Timeframe | How | Status |
| --- | --- | --- | --- | --- |
| Revenue grew from £4.2m to £11.8m | HVAC division, Harlow & Pike Building Services (Division Leader) | 5 years | Shifted the model from one-off installs to planned maintenance contracts; tightened job pricing to hold margin through the growth phase | Ready |

### Short bio

I spent my career inside building services: project engineer, contracts manager, then Operations Director at Harlow & Pike, where I led the HVAC division from £4.2m to £11.8m in five years. We got there by shifting from one-off installs to planned maintenance contracts and keeping a tight grip on job pricing and margin. I have lived the retentions problem, the margin bleed, and the MD-as-bottleneck problem firsthand. I now work with owners and MDs in HVAC, M&E, electrical contracting, and facilities management to fix exactly those three things, faster than they would on their own.

### One-line introduction

Zander Demo is a former Operations Director in building services who coaches HVAC and M&E contractors to stop margin bleeding, free the MD from the middle, and get retentions moving.

### For partners and events

Zander Demo is a former Operations Director with a career built inside building services: HVAC, M&E contracting, and facilities management. At Harlow & Pike he led the HVAC division from £4.2m to £11.8m over five years by moving the business from one-off installs to planned maintenance contracts and holding margin through disciplined job pricing. He now coaches MDs and owners of contracting businesses to fix the three problems he knows best: margin bleed, owner dependency, and retention cash sitting unchased. He works with businesses turning over £1m to £20m across HVAC, M&E, electrical contracting, and facilities management, and takes on a maximum of eight clients at a time.

> **No additional numbers needed:** Every result in the proof inventory is marked Ready. The single career result has a precise from (£4.2m), a precise to (£11.8m), and a confirmed timeframe (5 years). If Zander adds client results from his coaching practice, log each one with the same three data points before using it in any copy.

===== market:options (30s, 3655 chars)
Zander's strongest play is HVAC and M&E contracting firms, where his Harlow & Pike proof lands without explanation and the three problems he solves are universal.

| Option | Value | Pain | Growing | Easy to find | Purchasing power |
| --- | --- | --- | --- | --- | --- |
| HVAC and M&E contractors (£1m–£15m) | 5 | 5 | 4 | 5 | 4 |
| Planned maintenance and FM contractors (£2m–£20m) | 4 | 4 | 4 | 3 | 4 |
| Electrical contractors (£1m–£10m) | 3 | 4 | 4 | 3 | 3 |

### Option 1: HVAC and M&E contractors

This is the exact environment Zander ran. His Harlow & Pike result, growing the HVAC division from £4.2m to £11.8m by fixing job pricing and shifting to planned maintenance contracts, is not a story he needs to translate. The MD in an M&E firm hears it and recognises it immediately. The pains are acute and consistent: jobs that looked profitable at quote stage bleed margin by completion, retentions sit unchased for months, and the owner is still fielding site calls because no operational rhythm exists below them. These firms are findable on LinkedIn Sales Navigator by sector, company size, and geography, and an MD billing £3m to £15m can comfortably sustain a £1,950 monthly engagement once they see the return on tighter job costing alone.

### Option 2: Planned maintenance and FM contractors

Zander's credibility here is real. The model shift he led at Harlow & Pike, moving from one-off installs to planned maintenance contracts, is the same model these businesses run. Owner dependency is the dominant pain: the MD holds every client relationship, every scheduling decision, and every pricing call because no management layer has been built beneath them. Zander understands that problem from the inside. The gap against Option 1 is access. FM contractors are slightly harder to segment and reach on LinkedIn, and Zander's warmest contacts and most direct proof sit in HVAC and M&E rather than pure FM. A strong second market to move into once the primary is running.

### Option 3: Electrical contractors

Electrical contracting sits within Zander's stated sector knowledge and the pains, margin bleed and retention cash going unchased, are the same. The weakness is proof. Zander has no specific electrical contractor result to anchor the conversation, which matters in a sector where owners are already sceptical of outsiders. Electrical owners at this turnover range also tend to be price-sensitive buyers, and educating them on the value of a retained engagement at £1,950 a month takes more groundwork than the HVAC and M&E market where Zander's story does that work for him. Best treated as an opportunistic market, not the primary target.

### Recommended core client

> My core client is an MD or owner of an HVAC or M&E contracting business with 10 to 50 employees doing £1M to £20M revenue.

HVAC and M&E scores highest on every criterion and it is the only market where Zander's proof requires no adaptation. The Harlow & Pike result speaks directly to the buyer, removes the scepticism that follows generic coaches into this sector, and creates immediate credibility before any sales conversation starts.

> **If two options feel close on the Decision Call:** Ask Zander this: 'If an MD called you today and said their business was in serious trouble, which type of firm would you feel most confident walking into and fixing?' The answer is the primary market. Confidence in the room, not scoring on paper, is what determines whether the first conversations convert. Option 2 (FM contractors) is a natural expansion once eight clients is within reach and Zander has coaching results of his own to add to the proof inventory.

===== market:avatar (48s, 6287 chars)
Margin-Squeezed Mike: MD of a 25-person M&E contracting firm in the North of England, winning plenty of work and wondering where the profit keeps going.

- **Name:** Mike
- **Age:** 42 to 54
- **Location:** North of England, Midlands
- **Business:** HVAC or M&E contracting firm, usually family-founded or owner-built
- **Revenue:** £2m to £12m
- **Team:** 15 to 40, mix of office and site
- **Role:** MD or Owner, often Contracts Manager in an earlier life
- **Time in the business:** Typically 8 or more years, often the founder or second-generation owner

### A day in the life

It is 7.15am and Mike is already in the van, phone wedged against his ear, talking one of the lads through a commissioning issue on a commercial fit-out in Wakefield. He has not opened his emails yet but he can feel there are twelve waiting. By 8.30 he is in the yard, signing off a materials order he probably should have delegated, fielding a question about a retention that has been sitting on the books since March, and promising the estimator he will look at the Hargreaves tender by lunchtime. He does not look at it until 4pm. The numbers look tight but the job feels winnable, so he prices it the way he always has: gut feel and a quick scan of the labour hours. At 6pm he sits at the kitchen table with the monthly P&L his accountant sends over. Revenue is up. He squints at the bottom line. It is not up anywhere near as much as the revenue suggests it should be. He is not sure which job leaked it. He has a feeling it was the Rotherham school, but he cannot prove it, and by the time it matters it is already too late to do anything about it.

### In his words

> We've had a decent year on paper. Turnover's up, the lads are busy, we've got work on the board into next spring. But I'm sitting here looking at this P&L and the profit just isn't where it should be. We're working harder than we ever have and I'm not taking any more home. I know some of the jobs have bled a bit but I couldn't tell you which ones or why, not properly. The accountant tells me we're doing alright but I don't feel like we're doing alright. I'm on the phone from seven in the morning and I'm still answering site queries at half seven at night. I've got good lads, don't get me wrong, but nothing moves unless I'm pushing it. I keep thinking I need to sort the pricing out, get someone else handling the day-to-day, chase up these retentions properly. I've been thinking that for about three years. I just don't know where to start, or whether spending money on getting help is going to make it worse before it gets better.
>
> Mike, MD

### What they want

- To know, job by job, where the money went - and to fix it before the next one bleeds the same way.
- To step back from the day-to-day without the wheels coming off - someone else fielding the site calls, making the small decisions.
- To grow the business without growing the stress proportionally.
- To get retentions moving and stop carrying other people's cash for months at a time.
- To have a business that works without them being in the middle of everything, and eventually the option to step back on their own terms.

### What they fear

- That the margin problem is unfixable in their sector and they just have to live with it.
- That if they let go of the day-to-day, something serious goes wrong on site and it falls back on them.
- That they are further behind than their peers and too proud to admit it.
- That spending £1,950 a month on outside help is the thing that finally tips the cash flow over the edge.
- That they will end up with nothing to show for twenty years of building the business.

### What they have tried

- Brought in an estimator or QS to tighten up pricing, but the bleed carried on because job costing in the field was never tackled.
- Promoted a good engineer or site supervisor to a management role, only to find themselves still making all the real decisions.
- Had a conversation with their accountant about margins, got a report, put it in a drawer.
- Looked at new software to track job costs, spent three months implementing it, and never quite got the team to use it properly.

### What they suspect

- That most business coaches have never run a contracting operation and would not last a week on a live site.
- That consultants come in, produce a report full of things they already knew, and disappear when it gets hard.
- That coaching is for bigger businesses with a proper management team, not a firm where the MD is still running jobs.
- That anyone charging nearly two grand a month had better know the difference between a planned maintenance contract and a one-off install.

### What finally makes them act

- A job that looked healthy at quote stage comes in well under, and for the first time they can see exactly how much it cost them.
- They miss a family commitment because of a site crisis that one of the team should have handled.
- A retention figure on the aged debtors report stops them cold: more cash sitting unchased than they realised.
- A competitor they know personally sells their firm or takes on a big contract, and it prompts the question: why not us?
- They have a blunt conversation with their partner or spouse about the hours, and cannot defend them.

### How they talk

| Thing | What they call it |
| --- | --- |
| Customers | Clients, main contractors, the client side |
| Site staff | The lads, engineers, operatives |
| Office staff | The office, back office, the girls in the office |
| Jobs | Contracts, projects, works, a job |
| Revenue | Turnover, what we've billed, what we've got on |
| Profit | What's left, the margin, the bottom line |
| Unpaid retention money | Retentions, money sitting out there, what they owe us |
| Job cost review | Going through the numbers, seeing where it went |
| Planned maintenance work | Service contracts, planned maintenance, PM work |
| Estimating | Pricing up, doing the tender, putting a number on it |

### Ready to act

> I've built a decent business but I'm working too hard for what I'm taking home. I need someone who actually knows contracting to help me get the margins right, get the retentions moving, and get me out of the middle of everything. I'm not looking for theory. I want someone who's done it.
>
> Mike, MD

===== story:onepager (33s, 4261 chars)
Zander Demo is a former Operations Director who grew the HVAC division at Harlow & Pike from £4.2m to £11.8m in five years. He now works with MDs and owners of building services contracting businesses to fix the three problems that cap almost every firm in the sector: margin bleed, owner dependency, and retentions sitting unchased.

- **£4.2m to £11.8m** HVAC division revenue grown at Harlow & Pike over five years, margin held throughout
- **£1,950/month** Minimum monthly engagement fee
- **8** Maximum clients carried at any one time, to give each proper attention

### Who I help

My clients are MDs and owners of HVAC, M&E, electrical contracting, and facilities management businesses turning over £1m to £20m with 10 to 50 people on the books. They are usually the founder or a long-standing owner-operator, often a former contracts manager or engineer who built the business from the tools up. They are busy, they are winning work, and they are quietly frustrated that the profit does not reflect the effort. The business runs through them: every site query, every pricing call, every client relationship. They know something needs to change. They have been meaning to sort it for a couple of years.

### The problems I fix

- Jobs that looked healthy at quote stage come in under margin at completion, and nobody can say exactly which contract bled or why.
- The MD is still fielding site calls at half seven in the evening because no operational rhythm exists below them and the team waits to be told.
- Retentions are sitting on the aged debtors for months with nobody chasing them systematically, tying up cash the business has already earned.
- Revenue is growing but the bottom line is not moving in the same direction, and the accountant's monthly report arrives too late to do anything about it.

### How I work

1. **First conversation.** A straight-talking call to understand the business: what is on the books, where the margin is going, and what the MD's week actually looks like. No pitch, no jargon. By the end we both know whether working together makes sense.
2. **Operational profit audit.** In the first weeks I sit in on job reviews and pricing discussions to see exactly where the numbers are leaking. I come in as someone who already knows the sector, so we are not wasting the first month explaining how retentions work or what a planned maintenance contract looks like.
3. **Weekly numbers rhythm.** Once I know the business, we build a rhythm: job costing visibility, margin tracking, and retentions on a chasing cycle. The MD gets sight of problems before they become crises, and gradually the team starts carrying more of the operation without the owner in the middle of everything. Delivery is hybrid, a mix of video calls and in-person where it adds value.

### Results

- At Harlow & Pike, led the HVAC division from £4.2m to £11.8m over five years by shifting from one-off installs to planned maintenance contracts and holding margin through disciplined job pricing throughout the growth phase.
- The same three levers, job costing discipline, a planned maintenance model, and getting the MD out of the operational middle, are the foundation of every engagement I take on.

### Working together

If you work with MDs or owners in building services contracting, the clients worth introducing are the ones who are growing but not banking what the revenue should produce, or who tell you they are carrying everything themselves. Accountants, finance directors, solicitors, and commercial insurance brokers tend to see these businesses at the moment the margin problem becomes visible in the numbers. An introduction to me gives your client access to someone who has run this type of operation from the inside, knows the sector without needing a briefing, and works in a structured monthly engagement rather than a one-off project. The outcome for your client is better margin visibility, a more functional team, and an MD who is not the single point of failure in their own business. Happy to have a conversation first to see whether the fit makes sense.

### Working together

- **LinkedIn:** linkedin.com/in/zander-demo
- **Website:** Profit Coach page (profitcoach.co.uk/zander-demo)
- **Location:** Leeds, West Yorkshire

===== voice:sound (23s, 2672 chars)
Zander talks the way a former Contracts Manager talks: direct, plain, no padding. He earns trust by showing he has lived the problem, not by claiming he can solve it.

- **Tone:** Straight-talking, grounded, dry, quietly confident, no-nonsense
- **Pace:** Unhurried. He lets a point land before moving on.
- **Formality:** Low. First names, short sentences, Yorkshire directness. No corporate language.
- **Humour:** Dry and sparing. A wry observation rather than a joke. Never at the client's expense.
- **Regional flavour:** Leeds. 'Aye', 'nowt', 'the lads'. Natural, not performed.

### Sounds like

- If I can see where the margin went on every job before month-end, the MD stops firefighting and starts running the business.
- I've nowt to offer someone who wants theory. I want to get into the numbers and the operation from week one.
- Retentions sitting unchased for six months isn't a cash flow problem. It's a management problem, and it's fixable.

### Does not sound like

- I'm passionate about empowering business leaders to unlock their full potential and navigate the journey ahead.
- Let's unpack your growth strategy and dive deep into the key levers that will elevate your organisation.
- In today's competitive landscape, robust systems are crucial for seamless operational excellence.

### Words and phrases to use

- The lads, the engineers, the site team
- Job costing, job pricing, the tender
- Margin, the margin on that job, where the margin went
- Retentions, money sitting out there
- Planned maintenance contracts, PM work, service contracts
- The MD's in the middle of everything
- Get into the numbers
- Aye, nowt, from the off
- Live site, the operation
- A clean block, proper time
- Fix and scale what's already there

### Words to avoid

- Empower, unlock, elevate
- Leverage (as a verb)
- Robust, seamless, crucial
- Navigate, journey
- Dive deep, unpack
- Passionate
- Holistic, transformational
- Best practice
- Stakeholder
- Solutions

### A message in your voice

**Example**

```text
Hi Mike, I spent years inside HVAC contracting as Contracts Manager then Operations Director at Harlow & Pike. The margin bleed, retentions sitting unchased, the MD fielding every site call at seven in the evening. I know that world properly. I now work with MDs in building services to sort exactly those three things. If any of it sounds familiar, I'd be happy to have a straight conversation about where the money's going and whether I can help. No pitch, just a chat. Would a Monday or Thursday afternoon suit you?
```

_Use for LinkedIn connection follow-up or cold outreach to MDs of HVAC and M&E firms in the North of England and Midlands._

===== market:pains (55s, 7629 chars)
Under every problem Mike names, there is one sentence: 'We're winning the work, so where the hell is the money going?'

| Pain | What they say out loud | What it costs | What they want instead | Lever |
| --- | --- | --- | --- | --- |
| Margin bleed on jobs | 'Revenue's up but I'm not taking any more home. Some jobs have bled but I couldn't tell you which ones or why, not properly.' | Profit that should exist doesn't. Owner works harder each year for the same or less. Business feels busier than it is valuable. | Job-by-job visibility so they can see where the margin went before the next job bleeds the same way. | Profit margin / Control |
| Owner stuck in the middle of everything | 'Nothing moves unless I'm pushing it. I'm on the phone from seven in the morning and still answering site queries at half seven at night.' | No time for pricing, strategy or family. Exhaustion compounds annually. Business growth is capped at the owner's personal capacity. | A team and an operational rhythm that handles the day-to-day without the MD being the last line of everything. | Owner dependency / Control |
| Retentions sitting unchased | 'There's money sitting out there that they owe us. Nobody's chasing it properly and it's been like that for months.' | Cash tied up that belongs to the business. Pressure on working capital. Owner carries the stress of knowing it is there but not fixing it. | A systematic chase process that gets retention cash moving and off the aged debtors report. | Profit margin / Velocity |
| Pricing by gut feel | 'I price it the way I always have - gut feel and a quick scan of the labour hours. The tender looks tight but the job feels winnable.' | Jobs priced to win rather than to profit. Margin bleed baked in before a spanner is lifted. Estimator tightened up quotes but field job costing was never fixed. | A pricing discipline that works from quote stage through to completion, with the numbers to prove each job stacked up. | Profit margin / Control |
| No real-time numbers visibility | 'The accountant sends over the monthly P&L. Revenue's up. The bottom line's not up anywhere near as much as it should be. I don't know which job leaked it.' | Problems found weeks or months after they are fixable. Owner is always reacting, never ahead of it. | A weekly numbers rhythm that shows what is happening on live jobs before month-end, not after. | Profit margin / Control |
| Promoted engineers who are not managing | 'I put one of my best engineers into a management role. I'm still making all the real decisions. Nothing's actually changed.' | Wage bill goes up. Owner workload stays the same. The promoted person is frustrated. The MD is still the bottleneck. | A management layer that actually works: people who make decisions, own outcomes, and reduce the load on the MD. | Owner dependency / Value |
| Scepticism that outside help is worth the fee | 'Spending nearly two grand a month on a coach - what if that's the thing that tips the cash flow over the edge? And how do I know they actually understand contracting?' | Owner stays stuck rather than risk a fee they cannot justify. Problems compound for another year or more. | Confidence that the person they hire has lived the operation, knows the sector, and will pay for themselves in tighter margins alone. | Velocity / Control |

### At 3am

> We billed more this year than ever and I'm still not taking enough home. I've got no idea which jobs killed the margin and by the time I find out it's too late to do anything about it.
> 
> If I step back and something goes wrong on site, it comes back to me. The lads are good but they're not making the calls they should be. I'm still in the middle of everything and I can't see a way out of it.
> 
> There's a retention figure on that aged debtors report that shouldn't be there. That's our money. I keep meaning to get it sorted and I never do.
>
> Mike, MD

### Main desire hooks

- Are you looking to know, job by job, exactly where your margin went - and fix the pricing before the next one bleeds the same way?
- Are you looking to get out of the middle of the operation so the site calls stop landing on your phone at seven in the evening?
- Are you looking to get your retentions moving and stop carrying other people's cash for six months at a time?

### Buying triggers

- A job that looked healthy at quote stage comes in well under, and for the first time the owner can see exactly how much it cost them.
- A retention figure on the aged debtors report stops them cold: more cash sitting unchased than they realised.
- They miss a family event or commitment because of a site crisis that one of the team should have handled.
- A competitor they know sells up or wins a contract that prompts the question: why not us?
- A blunt conversation with a partner or spouse about the hours, and no good answer to give.
- An estimator or QS was brought in to tighten pricing but margin is still bleeding, and the owner knows the problem is somewhere else.
- New job-costing software was installed, the team never properly adopted it, and nothing changed.

### Objections and honest answers

| Objection | Answer |
| --- | --- |
| 'You've never run a contracting business yourself.' | Zander spent his career inside building services as a Project Engineer, Contracts Manager, and then Operations Director. He grew a HVAC division from £4.2m to £11.8m over five years. He has lived the retentions problem, the margin bleed, and the MD-as-bottleneck problem from the inside. He does not need six months to understand how the sector works. |
| '£1,950 a month is a lot. What if it tips the cash flow?' | The margin bleed on one mid-sized job typically costs more than twelve months of the coaching fee. The first focus is always on finding where the money is going and stopping the leak. Most clients recover the fee inside the first few months through tighter job costing alone. |
| 'We've tried a consultant before. They wrote a report and disappeared.' | Zander gets into job reviews and pricing discussions from week one. He does not produce a report and leave. The engagement runs on a weekly numbers rhythm: live jobs, margin visibility, retentions. If it is not working in practice, he knows about it before month-end. |
| 'I don't have time for coaching. I'm already stretched.' | That is exactly the problem to fix, not a reason to wait. The sessions are structured around what is live in the business: current jobs, current numbers. The time investment pays back quickly when the MD stops being the first call for every site issue. |
| 'My problems are specific to my sector. A generic coach won't get it.' | Zander works only with building services contractors. He knows the difference between a planned maintenance contract and a one-off install, how retentions work in practice, and why gut-feel pricing kills margin on jobs that look winnable. There is no sector education required. |
| 'I'm not sure coaching is for businesses like mine. We're not big enough.' | Zander works with businesses between £1m and £20m. His work is operational and numbers-based, not strategic theory. A firm with 15 to 40 people and live jobs on the board is exactly the right size to fix job costing, get retentions moving, and build a management layer that reduces owner dependency. |
| 'What if I commit and it doesn't work?' | The engagement starts with Zander sitting in on job reviews and pricing discussions so both sides can see whether it is working early. He takes a maximum of eight clients and turns down quick-fix seekers, so the fit is assessed before any commitment is made. |

===== market:criteria (31s, 4442 chars)
The list is MDs and owners of HVAC, M&E, and electrical contracting firms in England with 11 to 50 staff, turning over £1m to £20m, who sign every decision and still cannot work out where the margin went.

| Filter | Include | Exclude |
| --- | --- | --- |
| Connections | 2nd and 3rd degree | 1st degree (already connected) |
| Location | England (prioritise North of England and Midlands) | Scotland, Wales, Northern Ireland unless added later |
| Headcount | 11 to 50 (primary); add 1 to 10 and 51 to 200 if list runs thin) | Under 10, over 200 |
| Current job title | Owner, Co-owner, Founder, Co-founder, CEO, Managing Director, Co-Managing Director, Managing Partner, Operations Director, Contracts Director, Commercial Director | Coach, coaching, consultant, consulting, consultants, psychologist, recruiter, recruiting, recruitment |
| Industry | Construction, Mechanical or Industrial Engineering, Facilities Services, Utilities, Oil and Energy (use as secondary filter alongside keywords) | Software, finance, retail, hospitality, professional services unrelated to built environment |
| Keywords in profile | HVAC, M&E, mechanical and electrical, building services, planned maintenance, FM, facilities management, contracting, contractor, subcontractor, service contracts, maintenance contracts, Refcom, gas safe, NIC EIC, CHAS | Agency, recruitment, SaaS, fintech, property development (no site operations) |
| Company exclusions | Businesses under £1m turnover (filter by headcount proxy if revenue unavailable), start-ups, national FM corporates (Mitie, Amey, Sodexo, CBRE, ISS) | Any business on Zander's personal conflict list |
| Signals (optional refinements) | Posted on LinkedIn in last 30 days, job change in last 90 days, company headcount growth shown | No activity in over 6 months |

### Keyword strings to try

- "HVAC" AND ("MD" OR "Managing Director" OR "Owner" OR "Founder")
- "M&E contractor" AND ("Managing Director" OR "Owner")
- "mechanical and electrical" AND ("MD" OR "Owner" OR "Director")
- "building services" AND ("Managing Director" OR "Owner" OR "Contracts Director")
- "planned maintenance" AND ("Owner" OR "MD")
- "facilities management" AND ("Owner" OR "Managing Director") AND ("contractor" OR "contracting")
- "electrical contractor" AND ("MD" OR "Owner" OR "Founder")
- "mechanical contractor" AND ("Director" OR "Owner")
- "service contracts" AND "HVAC" AND ("Owner" OR "MD")
- "building services" AND "contracting" AND ("North" OR "Yorkshire" OR "Midlands" OR "Manchester" OR "Leeds" OR "Sheffield" OR "Birmingham" OR "Nottingham")

### Leave out

- Start-ups and pre-revenue businesses: Zander's work is fixing and scaling what is already running, not building from scratch.
- Businesses under £1m turnover: the fee does not fit and the problems are different at that size.
- Anyone signalling they want a quick fix: if the profile or outreach response shows impatience with process, pass.
- National FM corporates (Mitie, Amey, Sodexo, CBRE, ISS and similar): too large, decision not with an owner.
- Property developers and house builders: construction sector but not contracting operations, different problem set.
- Coaches, consultants and consulting firms: title filters above handle this, double-check company name if unsure.
- Recruiters and recruitment agencies: exclude unless Zander specifically opens that market.
- Psychologists, therapists and wellbeing practitioners: caught by title filter, exclude at keyword level too.

- **800 to 1,500** Target list size in Sales Navigator before outreach begins (enough to run 12 months of sequenced activity without exhausting the pool)
- **Above 30%** Connection acceptance rate to aim for (below this, review the request message and title targeting first)
- **Above 10%** Reply rate of accepted connections to aim for (below this, review the follow-up message and opening hook)

> **Watch these two numbers in the first two weeks:** Run the first 30 to 50 connection requests before scaling. If acceptance sits below 30%, the job title or industry filters are pulling in the wrong people - tighten the keyword strings and recheck that headcount and sector filters are applied together, not separately. If acceptance is healthy but replies are below 10% of those accepted, the opening message is the problem, not the list. Fix the message before adding volume. Do not expand the list until both numbers are moving in the right direction.

===== linkedin:rewrite (65s, 8806 chars)
This rewrite replaces a blank profile with a page that earns immediate credibility with HVAC and M&E MDs: it leads with the margin problem they recognise, anchors on the Harlow & Pike result, and ends with a clear next step.

### Headline

**Headline option 1**

```text
Helping HVAC and M&E contractors fix margin bleed, free the MD from the middle, and get retentions moving | Former Operations Director, Harlow & Pike
```

_Formula: Transformation + audience. Lists all three pain points in plain contracting language. Recommended if Zander wants maximum relevance to the target buyer on first impression. Under 220 characters and sector-specific from the first word._

**Headline option 2**

```text
Job-by-job profit visibility for building services contractors, without the MD stuck in the middle of everything | HVAC division: £4.2m to £11.8m
```

_Formula: Outcome + constraint removed. Leads with what the owner wants (visibility, freedom) and includes the career proof number. Recommended if Zander wants the result to do the credibility work before anyone reads the About section._

**Headline option 3**

```text
Former Ops Director, Harlow & Pike Building Services | Coaching HVAC and M&E MDs to stop the margin bleed and get out of the weeds
```

_Formula: Authority + specificity. Leads with the role and the employer, then states the outcome plainly. Good if Zander is connecting with people who already know Harlow & Pike or the building services world in the North of England._

> **Recommendation:** Use Headline option 1. It names the three problems the target buyer carries every day. The pain language ('margin bleed', 'MD from the middle', 'retentions moving') will stop the right person and filter out everyone else. The career anchor is in the About section where there is room to give it context.

### About

**About section**

```text
You're winning the work. The lads are busy. Turnover's up. So why isn't the money there at the end of the year?

That's the question I kept hearing when I was inside building services, and it's the question I hear every week now from MDs running HVAC and M&E firms across the North of England and the Midlands.

The answer is almost always the same three things: margin bleeding out on jobs before anyone's caught it, the MD still fielding every site call because no management layer is actually working, and retentions sitting on the aged debtors report for months that nobody's properly chasing.

I know those problems because I lived them. I spent my career inside building services as a Project Engineer, then Contracts Manager, then Operations Director at Harlow & Pike, where I led the HVAC division from £4.2m to £11.8m over five years. We got there by shifting the model from one-off installs to planned maintenance contracts and keeping a tight grip on job pricing through every stage of growth. I've sat in job reviews where the numbers told a different story to the quote. I've dealt with retention debt that sat unchased for too long. I've been the person trying to build a management layer underneath an MD who couldn't let go, because I understood why they couldn't.

I now work with MDs and owners of building services contractors to fix exactly those three things. My work is operational and numbers-based from week one. I sit in on job reviews and pricing discussions early, find where the margin is going, and then build a weekly numbers rhythm that gives you sight of live jobs before month-end rather than after.

This is for you if:
- You run an HVAC, M&E, electrical or FM contracting business turning over £1m to £20m
- You're winning work but the profit isn't where it should be and you can't tell which jobs are killing it
- You're still the first call for every site issue and you're exhausted with it
- You've tried an estimator, new software, or a consultant's report, and the margin is still bleeding

I take on a maximum of eight clients and I turn down quick-fix seekers at the first conversation. If you want someone who'll get into the numbers with you and already knows the difference between a PM contract and a one-off install, I'd be happy to have a straight conversation.

The BOSS Scorecard takes three minutes and shows you which part of the business is capping your profit right now. Link below. Or message me directly and we'll talk.
```

_1,847 characters. The hook is in the first two lines and names the exact frustration Mike carries. Proof is specific: from, to, timeframe, method. The four bullets qualify the reader without listing coaching deliverables. CTA offers two paths: the BOSS Scorecard or a direct message._

### Core skills

| Skill | What it means for the owner |
| --- | --- |
| Job costing and margin visibility | You find out which jobs bled the margin and why, before the next one does the same thing. Zander gets into the numbers on live jobs, not last month's P&L. |
| Operational rhythm and owner dependency | The MD stops being the last line of every decision. A weekly rhythm is built so the team handles the day-to-day and site calls stop landing on your phone at seven in the evening. |
| Retentions and cash flow | Money sitting unchased on the aged debtors report gets a proper process behind it. Retentions start moving instead of sitting there carrying your cash flow. |
| Pricing discipline from tender to completion | Gut-feel pricing gets replaced with a method that works from the quote stage through to job close, so margin is protected before a spanner is lifted. |

### Key milestones

- Started on the tools side of the industry as a Project Engineer at Northern M&E, building an understanding of how contracts work from the ground up.
- Moved into Contracts Manager at Harlow & Pike Building Services, taking responsibility for job delivery, pricing, and the commercial side of the operation.
- Became Operations Director at Harlow & Pike and led the HVAC division from £4.2m to £11.8m over five years by shifting from one-off installs to planned maintenance contracts and holding margin through disciplined job pricing throughout the growth phase.

### Banner

**Banner line**

```text
HVAC division: £4.2m to £11.8m in 5 years | Helping building services MDs fix the margin, free the MD, get retentions moving
```

_Place on the background image as a single line of bold text, ideally white on a dark site or industrial background. The result anchors credibility before the visitor reads a word of the About section._

### Featured

- The BOSS Scorecard: pin the link to Zander's Profit Coach scorecard page. Label it 'Find out what's capping your profit right now. Three minutes.' This is the primary lead magnet and should be the first featured item.
- A LinkedIn post or article on margin bleed: write a post in Zander's voice about how one job can look healthy at quote stage and come in badly under, and what the numbers usually reveal. Pin it here to show the lived expertise before anyone asks for credentials.
- The Harlow & Pike case study or a 'how we did it' article: a short piece explaining the shift from one-off installs to planned maintenance contracts and what it did to margin stability. This is the proof anchor and gives MDs a reason to believe the BOSS Scorecard result is worth acting on.

### Checklist

1. **Headshot.** Use a recent photo, plain background, clear face, natural smile. Ditch any site photo or old corporate headshot. The buyer is an MD checking whether Zander is the real thing, not a model. A straight-on, well-lit shot on a neutral background does the job.
2. **Custom URL.** Set the LinkedIn URL to linkedin.com/in/zander-demo if not already done. Clean URLs look deliberate and copy cleanly into emails and documents.
3. **Company page.** Link the Profit Coach company page to the current role so the logo appears on the profile. Also add Harlow & Pike Building Services and Northern M&E to past roles using the LinkedIn company dropdown so they are searchable and carry the company logo.
4. **Contact info.** Open contact info to second-degree connections at minimum. Add the Profit Coach page URL as the website link. Make the email address visible so MDs who do not want to message on LinkedIn can reach Zander directly.
5. **Job titles.** Use the LinkedIn dropdown to match job titles to registered company names: Operations Director at Harlow & Pike Building Services, Contracts Manager at Harlow & Pike, Project Engineer at Northern M&E. Accurate titles improve search placement and add credibility when a prospect checks the work history.

> **Discreet version available:** This profile is written for public visibility, as Zander confirmed. If circumstances change and a discreet version is needed (no mention of coaching, positioned as an operational adviser), a separate version is available on request.

===== campaigns:messaging (54s, 7885 chars)
Every message leads with the same question Mike asks himself at the kitchen table: you're winning the work, so where is the profit going?

- **Core client:** Mike, MD or Owner of a HVAC or M&E contracting firm, £2m to £12m turnover, North of England or Midlands
- **Main desire:** To know, job by job, where the margin went and fix the pricing before the next one bleeds the same way
- **Proof used:** HVAC division at Harlow & Pike Building Services: £4.2m revenue to £11.8m in five years, margin held, by shifting to planned maintenance contracts and tightening job pricing
- **Proof type:** Career proof (Division Leader, Harlow & Pike)

### Campaign A: Connector

**Connection request**

```text
Hi {first_name}, I see you run a UK M&E or HVAC contracting business. Are you looking to know, job by job, exactly where your margin went? I ask because at Harlow & Pike I used a simple system to grow the HVAC division from £4.2m to £11.8m in five years by fixing job pricing and shifting to planned maintenance contracts. Is this of interest?
```

_Send with connection request. 272 characters._

**Message 1**

```text
Hi {first_name}, thanks for connecting.

At Harlow & Pike I grew the HVAC division from £4.2m to £11.8m in five years by tightening job pricing and moving the model from one-off installs to planned maintenance contracts. Margin held through the whole growth phase.

The reason I mention it: most M&E and HVAC contractors I speak to are winning plenty of work but the profit isn't landing where it should. They're busy, the lads are busy, but the bottom line doesn't reflect it. They're watching the margin bleed on jobs they priced to win, and by the time they know which job caused it, it's too late to do anything about it.

The PROFIT System removes that. It puts a weekly numbers rhythm in place so the MD can see what's happening on live jobs before month-end, not after.

I believe with the right system in place, your business can do the same.

Are you looking to know, job by job, exactly where your margin went? Would you be interested in learning more?
```

_Send 30 minutes after connecting._

**Message 2**

```text
Hi {first_name}, just checking this landed. No rush on your end. If the margin question is something you're sitting with, I'm happy to have a straight conversation about it.
```

_Send 1 day after Message 1._

**Message 3**

```text
Hi {first_name}, I know LinkedIn's full of coaches and consultants pitching things. I get it, and I wouldn't blame you for ignoring most of them.

All I'd say is I spent my career inside building services, not outside looking in. I know what margin bleed and retentions sitting unchased actually cost an operation. It never hurts to have a conversation.
```

_Send 2 days after Message 2._

**Message 4**

```text
Hi {first_name}, would you be open to a short call? Mondays and Thursdays from 1pm work well for me. No pitch, just a straight conversation about where the margin's going and whether there's anything useful I can offer. Would either of those days suit you?
```

_Send 4 days after Message 3._

**Message 5**

```text
Hi {first_name}, I'll leave this one with you. If you're at a point where the margin isn't matching the revenue and you want to know why, I'm here. That's the problem I know how to fix, and I've nowt to offer anyone who isn't ready to get into the numbers properly. If the timing's right further down the line, feel free to come back.
```

_Send 2 weeks after Message 4. Final message in the sequence._

### Open InMail

**Open InMail**

```text
Hi {first_name},

I work with MDs and owners of HVAC and M&E contracting businesses across the North of England and Midlands. I reached out because the challenges I see most often in firms like yours are ones I've dealt with directly.

1️⃣ Revenue up, profit not following. The bottom line doesn't match what you've billed and you can't point to which jobs leaked it.
2️⃣ You're still in the middle of everything. Site queries landing on your phone at seven in the evening, decisions that should sit with your team landing with you instead.
3️⃣ Retentions sitting on the aged debtors report for months with nobody chasing them properly.

I grew the HVAC division at Harlow & Pike from £4.2m to £11.8m in five years. We held margin through the whole growth phase by moving from one-off installs to planned maintenance contracts and getting a proper grip on job pricing and job costing.

I've built that approach into The M&E PROFIT System: a weekly numbers rhythm that gives the MD visibility on live jobs before problems become month-end surprises, a job pricing discipline that works from tender through to completion, and a way of building the management layer so the MD stops being the last line of everything.

Most contractors I speak to are busy and winning work. The margin bleed is quieter, harder to see, and a lot more expensive than it looks on the surface.

If any of this sounds familiar, I'd be happy to have a straight conversation. No pitch. Just a chat about where the money's going.

Interested?
```

_Use for first-degree connections who have not responded, or for targeted outreach to MDs where a connection request is not possible._

### Campaign B: Conversation into the BOSS Scorecard

**After connecting**

```text
Hi {first_name}, good to connect. Quick question: are you mainly focused on growing the business at the moment, or more on protecting what you've already built?
```

_Send immediately after connecting. Keep it open. Let Mike answer before moving on._

**Insight**

```text
Good to know. What I see a lot in HVAC and M&E firms is that the thing holding the business back isn't always the thing the MD thinks it is. The margin looks like a pricing problem. Turns out it's a job costing problem. Or the owner dependency looks like a team problem and it's actually a systems problem. Every business has a weakest link. Most owners are guessing which one it is, and spending time and money on the wrong thing because of it.
```

_Send after Mike responds. Tailor the opening line to what he said if he answered the growth vs protection question._

**Scorecard offer**

```text
There's a three-minute scorecard I use with contractors to find the actual constraint, not just the symptoms. It covers the five areas that drive profit in a contracting business: lead flow, conversion, margin, cash, and how much the business depends on the MD. It gives a score out of 100 and shows which area is capping everything else. Most MDs find it useful because it puts a number on what they've been feeling for a while.
```

_Send as a follow-up to the insight message. Offer the scorecard, do not push it._

**Leave the link**

```text
Here's the link if you want to give it a go: {assessment_url}

Takes about three minutes. Happy to talk through what comes back if it's useful. No pressure either way.
```

_Send after the scorecard offer. Final message in the sequence. No follow-up chase needed at this point._

### Check before launch

| Check | Pass |
| --- | --- |
| Under 275 characters | Yes. Connection request is 272 characters. |
| Opens with Hi {first_name}, | Yes. |
| Specific callout: industry and location | Yes. 'I see you run a UK M&E or HVAC contracting business.' |
| Hook as a question: main desire | Yes. 'Are you looking to know, job by job, exactly where your margin went?' |
| 'I ask because' bridge | Yes. Present and correctly placed before the proof. |
| 'A simple system' framing | Yes. 'I used a simple system to grow...' |
| Specific proof with numbers and a timeframe | Yes. £4.2m to £11.8m in five years. Career proof, Harlow & Pike. |
| Mechanism tied to the hook | Yes. Fixing job pricing and shifting to planned maintenance contracts. |
| Owner's language used | Yes. Job pricing, planned maintenance contracts, margin. |
| Closes with 'Is this of interest?' | Yes. |

===== conversations:followup (83s, 10289 chars)
Most replies are not a no. They are a pause. Your job is to ask one more question, not fill the silence with a pitch.

### When they reply

**They say: Yes, interested**

```text
Good to hear, {first_name}. Quick question before we go any further: is the margin thing your main headache right now, or is it more the owner-dependency side - being stuck in the middle of everything?

Either way I can help, just want to make sure I'm talking about the right problem from the off.
```

_Do not jump to booking a call. Find out which pain is live before you move._

**They say: What is it exactly?**

```text
Fair question. It is a retained engagement - I work with MDs of HVAC and M&E contractors, usually between £2m and £12m turnover, on three things: getting the margin visible job by job before month-end, getting retentions moving, and building enough of a management layer that the MD stops being the last line of everything.

I get into the numbers and the job reviews from week one rather than sitting at arm's length. Hybrid - some on-site, some remote.

What made you open the message in the first place - is one of those three landing closer than the others?
```

_Describe what it is in plain operational terms. Then bring it back to them._

**They say: How much is it?**

```text
Top end, contractors I work with invest up to £50,000 a year. But you can start for under £2,000 a month - £1,950 is where I begin.

The reason I mention the range: the first thing we almost always find is margin bleed that is costing more than the fee. One mid-sized job that bleeds on labour or retentions sitting unchased for six months will typically cost more than a full year's engagement.

Is the fee a deal-breaker, or is it more that you want to be sure it is worth it before you commit?
```

_Use the anchor first, then land on the entry price. Do not apologise for the fee. Redirect to the cost of inaction._

**They say: Not right now**

```text
Understood, {first_name}. No pressure at all.

Can I ask - is it a timing thing, or is the margin or dependency problem not really biting at the moment?

Either way I will leave you to it. If anything shifts in the next few months, feel free to come back.
```

_One question only. Do not chase. Move them to the nurture rhythm after this._

**They say: We are doing fine**

```text
Good to hear - a lot of contractors I speak to are busy and winning work, so on the surface things look fine.

The question I'd ask is whether the bottom line is moving as fast as the revenue. That is usually where it gets interesting.

If the margin is where it should be and the MD's not fielding every site call himself, then aye, you probably are doing fine. If either of those is a bit off, that is worth a conversation.

Happy to leave it there if it is genuinely not the right time.
```

_Neutral is not no. Plant the seed without pushing. One gentle challenge, then let it land._

**They say: Who are you?**

```text
I spent my career inside building services - project engineer, contracts manager, then Operations Director at Harlow & Pike, where I led the HVAC division from £4.2m to £11.8m in five years. We got there by moving from one-off installs to planned maintenance contracts and keeping a proper grip on job pricing and margin.

I now work with MDs and owners in HVAC, M&E, electrical contracting, and facilities management - fixing the same three problems I dealt with firsthand: margin bleed, owner dependency, and retentions sitting unchased.

I take on eight clients at a time so there is proper time for each one, not a conveyor belt.

Does that background sound relevant to where you are at the moment?
```

_Give the facts. No coaching language. Close with a question about them._

**They say: (a neutral one-liner, no clear yes or no)**

```text
Aye, appreciate the reply.

Just so I'm not talking about the wrong thing - is the margin side something that keeps coming up for you, or is it more the owner-dependency problem: being stuck in the middle of everything and nothing moving unless you push it?
```

_When the reply gives you nothing to work with, ask the simplest possible question to find out which pain is live._

**They say: Send me some info**

```text
Happy to. Before I send anything over, it is worth knowing which area is actually capping the business - otherwise I'm sending a load of stuff that might not be relevant.

There's a three-minute scorecard I use with contractors that covers the five areas driving profit in a contracting business: lead flow, conversion, margin, cash, and how much the business depends on the MD. It scores out of 100 and shows which one is capping everything else.

Here is the link: {assessment_url}

Once you have a score, I can send you something that actually fits where you are. Takes about three minutes.
```

_Do not send a brochure. Send the BOSS Scorecard. It does more work than any PDF._

### Avoid

- Pitching the system before you know which problem is live.
- Filling silence with more messages - one question, then wait.
- Apologising for the fee or softening the price before they object.
- Sending a PDF or a long explainer when they ask for info - send the scorecard instead.
- Treating a neutral reply as a no and moving on.
- Matching their scepticism - stay steady and plain-spoken.
- Using coaching language in replies: transformation, journey, unlock, empower.
- More than one question per message - pick the one that matters most.

### VIP nurture: top 100

> **Who goes on the list and how often to message them:** Your top 100 are MDs and owners of HVAC, M&E, electrical, or FM businesses in the North of England or Midlands, with a LinkedIn profile that confirms they are running the operation themselves. Prioritise anyone who has engaged with your content, replied to a message (even briefly), or been referred by someone in your network. Send two to four messages a month - roughly every two weeks. Always personalise the first line. Each message gives something useful away with no strings attached. Never pitch on a nurture message.

**VIP nurture 1: Profit Maximiser**

```text
{personalisation}

I put together a tool I use with contractors when the bottom line is not moving as fast as the revenue. It is called the Profit Maximiser.

It shows you three things:

1️⃣ How a small shift in margin on each job compounds across the year - at a 10% margin, cutting expenses by 11% doubles profit.
2️⃣ Which of the five profit levers in your business is doing the least work right now: leads, conversion, job value, repeat work, or margin.
3️⃣ Where a 10% improvement on each lever takes you - the numbers compound faster than most MDs expect.

Most contractors I share this with find it lands somewhere. A job they thought was fine looks different once the lever maths is in front of them.

Happy to send it over: [link]

No strings. If it is useful, great. If not, nowt lost.
```

_Send as first nurture message. Follow up three to four days later with the five-step expense review: 'Does this cost help me get or keep a customer?' - one question applied to every line on the P&L._

**VIP nurture 2: Cashflow Forecaster**

```text
{personalisation}

Retentions are the one I hear about most from MDs in contracting. Money that belongs to the business, sitting on the aged debtors report, nobody chasing it properly.

I use a Cashflow Forecaster with contractors that makes two things visible:

1️⃣ Where the cash actually is at any point in the month - not what the P&L says, what the bank is going to do.
2️⃣ Which retentions are due and when, so there is a systematic chase rather than hoping the client pays up.
3️⃣ The five methods that move cash fastest in a contracting business - more than 25 tactics across invoicing, retentions, and payment terms.

Revenue is vanity, profit is sanity, cash is king. Most of the contractors I work with know that. Getting it into a working system is a different thing.

Here it is if you want it: [link]

Take it and use it.
```

_Send as second nurture message, roughly two weeks after the first. Pairs well with any prospect who mentioned retentions or cash pressure in an earlier reply._

**VIP nurture 3: Time Value Tracker**

```text
{personalisation}

A lot of MDs in contracting tell me the same thing: there is never enough time. What I usually find when we look at the week is that a big chunk of it is going on £10 jobs - things the MD is best placed to get off their plate.

I use a tool called the Time Value Tracker with the MDs I work with.

1️⃣ It sorts the week into £10 jobs, £100 jobs, and £1,000 jobs - so the MD can see where the highest-value time is going and where it is being lost.
2️⃣ It shows which tasks should be sitting with the team rather than landing with the MD every time.
3️⃣ Most MDs who use it find two to three hours a week inside the first month - time that goes back into pricing, numbers, and getting out of the middle.

If you want it, here it is: [link]

Straight to use, no setup needed.
```

_Send as third nurture message, two weeks after the second. Works especially well for prospects whose pain is owner dependency rather than margin._

### Nurture rhythm

- **Week 2:** Send the Profit Maximiser. First VIP nurture message. Personalised first line referencing something specific about their business or a post they shared. Give the tool away with no strings. Three to four days later, follow up with the five-step expense review question.
- **Week 5:** Send the Cashflow Forecaster. Second VIP nurture message. Lead with retentions if they mentioned cash or debtors in any earlier exchange. Otherwise open with the broader cashflow point. Give the forecaster and the five methods.
- **Week 8:** Send the Time Value Tracker. Third VIP nurture message. Angle toward owner dependency - the MD doing £10 jobs. If they have engaged with either earlier message, reference it briefly in the personalised first line.
- **Day 90:** Check-in: one plain question. Send a single short message. No tool, no link. Something like: 'Hi {first_name}, just checking in. Has the margin picture changed at all in the last few months, or is it still the same headache?' One question. Leave space for them to answer. If they engage, move to a call on a Monday or Thursday from 1pm.

===== offer:direction (42s, 5881 chars)
I help MDs and owners of HVAC and M&E contracting businesses stop margin bleeding, get retentions moving, and get out of the middle of the operation, without waiting months for a consultant's report to gather dust, using a weekly numbers rhythm built on how contracting actually works.

### The gap

| Today | What they want |
| --- | --- |
| Revenue is up but the bottom line tells a different story every month-end | Job-by-job margin visibility before the next contract bleeds the same way |
| The MD is still the last call on every site query, from 7am to half seven at night | A team and a rhythm that handles the day-to-day without the owner in the middle of it |
| Retentions sitting unchased on the aged debtors report for months at a time | A systematic chase process that gets that cash moving and off the report for good |
| Gut-feel pricing that wins the tender and loses the margin somewhere between quote and completion | A pricing discipline that holds from tender stage through to final account, with the numbers to prove it |

### Why they will buy

- Know-how: Mike has tried an estimator, a consultant's report, and new software. None of it fixed the underlying problem because none of it came with someone who has actually run the operation. Zander has. He knows retentions, job costing, and the MD-as-bottleneck problem from the inside of building services, not from a textbook.
- Speed: the engagement starts with Zander sitting in on job reviews and pricing discussions from week one. There is no six-month onboarding, no sector education required. The problems are visible quickly because Zander already speaks the language.
- Ease: a weekly numbers rhythm means Mike is not left to implement a framework on his own. Zander is in the numbers with him, on live jobs, before month-end. The structure does the heavy lifting.
- Fit: Zander works only with building services contractors. Mike does not need to explain what a planned maintenance contract is, how retentions work in practice, or why a job that looked winnable at tender can bleed badly in the field. That removes the biggest objection Mike has to outside help.

### Key messages

1. You are winning the work. The turnover is there. The problem is not revenue, it is that the margin disappears somewhere between the tender and the final account, and by the time the monthly P&L lands you cannot tell which job leaked it or why.
2. The MD answering every site call is not a people problem, it is a structure problem. Until there is a weekly operational rhythm and a management layer that actually makes decisions, the phone will keep ringing at half seven in the evening.
3. Retentions sitting unchased for six months is not a cash flow problem, it is a management problem. The money belongs to the business. The only reason it is still out there is that nobody owns the process of getting it back.
4. Bringing in an estimator, buying new software, or having a chat with the accountant does not fix margin bleed. The bleed usually happens in field job costing, not at quote stage, and you need someone who knows the difference to find it.
5. A contractor's MD spending nearly two grand a month on outside help needs to know the person has lived the operation, not just studied it. The fee pays for itself when one job that would have bled holds its margin instead.

### The offer

- **Name:** The Contractor's Profit Practice
- **Promise:** Job-by-job margin visibility, retentions moving, and the MD out of the middle of the operation, built around a weekly numbers rhythm that shows what is happening on live jobs before problems become expensive.
- **Who it is for:** MDs and owners of HVAC, M&E, electrical contracting, and facilities management businesses turning over £1m to £20m, with 15 to 40 people and the owner still carrying more of the operation than they should.
- **What is included:** Weeks 1 to 4: Zander sits in on job reviews and pricing discussions, diagnoses where margin is bleeding, and identifies the fastest retention wins. From week 5: two 90-minute sessions a month on a fixed weekly rhythm, covering live job costing, margin tracking, retentions, and the management actions needed before the next session. Direct access between sessions for anything that cannot wait. Hybrid delivery: calls and, where useful, on-site.
- **Format:** Weekly sessions for the first four to six weeks, then two 90-minute sessions a month on Tuesdays or Wednesdays. Maximum eight clients carried at any time so each gets proper attention.
- **Price options:** £1,950 a month rolling. Six months upfront available at a fixed rate on request. Price rises with each new client taken on, so early clients secure the lowest rate.

### Why you

- Zander led the HVAC division at Harlow & Pike from £4.2m to £11.8m over five years, shifting the model from one-off installs to planned maintenance contracts and holding margin through disciplined job pricing throughout the growth.
- He has carried the roles his clients now employ: Project Engineer, Contracts Manager, Operations Director. He does not need an explanation of how retentions work in practice, what a planned maintenance contract looks like on the books, or why gut-feel pricing kills margin on jobs that looked winnable.
- He grew the division by solving the same three problems his clients face now: margin bleed, owner dependency, and cash tied up in unchased retentions. The method is not theory, it is what actually worked inside a live contracting business.
- He takes a maximum of eight clients. Each gets a clean block of time, proper preparation, and a coach who knows what is live in their business before every session.
- He works only in building services: HVAC contractors, M&E firms, electrical contractors, and facilities management. No sector education required, no generic frameworks dressed up in contracting language.

===== offer:payment (37s, 4655 chars)
The fee is not a cost. It is the first margin decision Mike makes, and it pays for itself when one job that would have bled holds its margin instead.

| Option | Investment | Best for |
| --- | --- | --- |
| Monthly rolling | £1,950 per month | MDs who want to start and see results before committing further. Easiest yes on the call. |
| Six months upfront | £10,800 (two payments of £5,400, or three of £3,600) | Owners who want a fixed commitment and a clear horizon. Builds accountability on both sides. |

### If they ask the price early

**Anchor script - price asked early**

```text
I work with a small number of contractors, so it varies depending on what the business needs. The clients I work with invest anywhere up to £50,000 a year, but you can get started for under £2,000 a month. What makes sense depends on your situation - the margin picture, where the cash is tied up, how deep in the operation you are. I'd rather spend twenty minutes looking at the numbers with you before we talk specifics. I've got Monday or Thursday afternoon free this week. Which works better for you?
```

_Use this any time price comes up before the diagnostic conversation. It anchors high, holds the door open, and moves to a booking without dodging the question._

### At the end of the call

**Either-or close**

```text
Right, based on what you've told me, I think we can get into the job costing and the retentions from week one and have a clear picture of where the margin's going well before month-end. The way it works is £1,950 a month on a rolling basis, or if you'd rather fix it for six months and know what you're committed to, I can do that at £10,800 with a couple of payment options. Which of those feels like the better fit for where you are right now?
```

_Deliver this after you have summarised the two or three biggest problems they named on the call. Pause after the question and let them answer._

### Proposal outline

1. **Where you are now.** One short paragraph reflecting back what Mike said on the call: the margin problem, the retention figure, how much of the operation still sits on his shoulders. Use his words where you can. This shows you listened.
2. **What it is costing.** Name the cost in plain terms: the profit that should exist but does not, the cash sitting unchased on the aged debtors report, the hours he cannot get back. Keep it to three bullet points, each tied to something he said.
3. **What the engagement covers.** Weeks 1 to 4: Zander sits in on job reviews and pricing discussions, diagnoses where margin is leaking, identifies the fastest retention wins. From week 5: two 90-minute sessions a month on Tuesdays or Wednesdays, covering live job costing, margin tracking, retentions, and the management actions needed before the next session. Direct access between sessions for anything that cannot wait.
4. **Why this works for a contracting business.** Two or three sentences, no more. The engagement is built around live jobs and real numbers, not frameworks. Zander does not need the sector explained to him. The problems are visible quickly because he already knows where to look.
5. **Proof.** One result, stated plainly: Zander led the HVAC division at Harlow & Pike from £4.2m to £11.8m over five years by fixing job pricing, shifting the model to planned maintenance contracts, and holding margin through the growth. Same problems, same sector.
6. **The investment and next step.** State both options clearly: £1,950 a month rolling, or £10,800 for six months (two payments of £5,400 or three of £3,600). Name the next step: a follow-up call to confirm the fit, or a straightforward yes on the option that suits. Keep it to one sentence.

### Raising your price

Start at £1,950 a month for your first two clients. When you take on client three or four, move to £2,450. By client five or six, £2,950 is a fair and defensible number. You are not discounting for early clients out of generosity - you are building proof and rhythm. The clients who come in early get the lowest rate and they keep it. Everyone after pays the current rate. Each time you raise it, the next prospect anchors to a higher number without you having to justify the gap. Do not wait until you feel ready to raise it. Raise it when the next client comes in.

> **Hold the number:** If Mike pushes back on the fee, do not drop it. Remind him that the margin bleed on one mid-sized job typically costs more than twelve months of the engagement. If the cash flow is genuinely tight, offer the monthly rolling option rather than a discount. Discounting before you have started signals that the number was not real to begin with.

===== sales:value (76s, 10643 chars)
The Margin Audit Call gives Mike a clear picture of where his margin is going on live jobs, which retentions need chasing first, and one or two things he can act on before the week is out. He walks away with a straight answer, not a brochure.

- **Name:** The Margin Audit Call
- **Length:** 30 minutes
- **Who it is for:** MDs and owners of HVAC, M&E, and electrical contracting businesses turning over £1m to £20m, still carrying more of the operation than they should
- **What they get:** A straight conversation about where the margin is going, which retentions are sitting longest, and whether the MD-as-bottleneck problem is structural or just a bad habit. One or two things to act on that week. No homework pack, no framework PDF.
- **The promise:** Thirty minutes with someone who has lived the operation. You will know exactly where to look first. No pitch, no catch.

### The questions

| Area | Question | Red looks like | Green looks like |
| --- | --- | --- | --- |
| Job costing visibility | When a job closes, how quickly can you tell me what the margin actually was versus what you priced it at? | Owner relies on the monthly P&L and cannot tell which job leaked until weeks after it finished | Job cost summary available within a week of practical completion, compared against the original tender |
| Pricing discipline | Walk me through how you price a mid-sized contract. Where do the labour hours and materials assumptions come from? | Gut feel and a quick scan of hours, with no structured check against previous similar jobs | Consistent pricing model with labour rates, materials uplift, and a margin check built in from the off |
| Retention management | What does your aged debtors report look like right now? How many retention figures are on there, and how old is the oldest? | Multiple retentions sitting over 90 days with no named person owning the chase process | Retentions reviewed weekly, each one with an owner and a next action date |
| Margin bleed location | On the jobs that have bled this year, where did the money go - prelims, labour overrun, variations not claimed, or something else? | Owner cannot say. Knows it bled but not where or why. | Owner can name the cost category and is already adjusting pricing or scope management on the next tender |
| Owner dependency | What happens on site when you are not available for two hours? Who makes the call? | The lads hold and wait, or the call comes to the MD's phone regardless | A supervisor or contracts manager makes the call and the owner finds out after the fact, if at all |
| Management layer | Who in the business is making operational decisions without you? Give me a recent example. | Owner struggles to name one. Any example involves them being consulted first. | Owner can name two or three decisions made that week without their input, with good outcomes |
| Numbers rhythm | What numbers do you look at every week, not every month? What triggers a conversation with the team? | Monthly P&L from the accountant is the main financial touchpoint. No weekly job-level view. | Weekly review of live job costs, labour hours booked versus budget, and cash position including retentions |
| Planned maintenance vs one-off work | What proportion of your turnover is service contracts or planned maintenance versus one-off installs or reactive work? | Majority one-off and reactive. Revenue is lumpy and hard to forecast beyond the next six to eight weeks. | Meaningful proportion of PM and service contract work providing a predictable revenue base to plan around |
| Cash and working capital | How many weeks of wages can you cover comfortably from cash in the business right now, without drawing on an overdraft? | Fewer than four weeks, or the owner is not certain of the answer | Eight or more weeks, owner knows the number without having to check |
| The owner's personal position | You have had a good year on turnover. Are you taking more home than last year? | Revenue up, drawings flat or down. Owner has a nagging sense the business is not rewarding the hours. | Revenue up and net drawings up proportionally. Owner can see a clear link between business performance and personal income. |

### Your opening questions

1. What is the biggest thing getting in the way of your business performing the way it should right now? I mean the thing that sits in the back of your head when you are looking at the P&L or driving home from site.
2. If we had this same conversation twelve months from now and things had gone the way you wanted, what would be different? Think about the numbers, but think about your week too.
3. Why does that matter to you personally, beyond just the business? What would actually change for you if you fixed it?
4. What have you already tried to sort this out, and how did that go? I want to understand what you have been through before I say anything about what I think would help.

### The magic question

**The magic question**

```text
Based on what you have told me, I think I can see pretty clearly where the problem is sitting. Would it be useful if I showed you how I work with contractors in exactly this situation and what that tends to look like in practice?
```

_Wait for the yes. Do not continue until you have it._

**Bridge into the offer**

```text
Right. Based on what you have said about [reflect their margin problem in their words], and where you want to get to [reflect their 12-month picture], and why that matters to you [reflect personal driver - family time, taking more home, getting out of the weeds], here is how I typically work with contractors in your position.

First, I get into the numbers with you from week one. Job reviews, pricing discussions, the retentions list. I am not sitting on the outside writing a report - I want to see where the margin is going on live jobs, in the same way I did when I was inside the operation.

Second, once we have found the bleed and started fixing the pricing discipline, we build the weekly rhythm that keeps it fixed. Live job costs, retentions, cash position - not monthly, weekly. So you know what is happening before it becomes expensive.

Third, we work on getting you out of the middle. That means building the management layer so the site calls stop landing on your phone and you have a team making decisions without you.

At Harlow & Pike I took a HVAC division from £4.2m to £11.8m over five years doing exactly those three things. The margin held through the growth because we kept a tight grip on job pricing and costing throughout.

Does that sound like the kind of support that would make a real difference?
```

_Pause after each of the three steps and check they are following. Slow down. Let it land._

### The launch kit

**Launch email**

```text
Subject: Free 30-minute call for HVAC and M&E contractors: find out where the margin went

Hi [first_name],

I spent my career inside building services: project engineer, contracts manager, then Operations Director at Harlow & Pike, where I led the HVAC division from £4.2m to £11.8m.

The margin bleed, the retentions sitting unchased, the MD still fielding every site call at half seven in the evening. I know that world from the inside.

I now run a small number of these calls each month for MDs and owners of HVAC and M&E contracting businesses. In 30 minutes I will help you:

- Spot where your margin is most likely going between tender and final account
- Identify which retentions on your aged debtors report to chase first
- See what is keeping you in the middle of the operation and what to do about it

You will walk away with a clear view of where to look first and one or two things you can act on straight away.

No fluff. No pitch. No catch.

I carry eight clients at a time and I only run five of these calls a month, so there are limited spots.

[Booking link]

Zander
```

_Send to HVAC and M&E MDs via email. Use the same copy as the basis for a LinkedIn message sequence._

**Nudge email**

```text
Subject: Just bubbling this back up

Hi [first_name],

Just pushing this back up in case it got buried.

I have a couple of spots left for the Margin Audit Call this month. Thirty minutes, no pitch, and you will leave knowing exactly where to look first on the margin and retentions side.

If now is not the right time, no problem at all. But if the P&L is not telling the story you expected, it might be worth half an hour.

[Booking link]

Zander
```

_Send three to five days after the launch email if no response._

**LinkedIn DM invite**

```text
Hi [first_name], I work with MDs of HVAC and M&E contractors on exactly three things: stopping margin bleed on jobs, getting retentions moving, and getting the owner out of the middle of the operation. I run a free 30-minute Margin Audit Call each month for a handful of contractors. Thought it might be relevant. Want the link?
```

_Send after connecting. Keep it short. Do not pitch the engagement._

**LinkedIn DM nudge**

```text
Hi [first_name], just checking this landed. A couple of spots still going this month if it is useful.
```

_Send four to five days after the invite DM if no reply._

**LinkedIn Featured description**

```text
Free 30-minute Margin Audit Call for HVAC and M&E contractors. Find out where the margin is going on your jobs, which retentions to chase first, and what is keeping the MD in the middle of everything. No pitch. Limited spots each month.
```

_Pin this to your LinkedIn Featured section alongside the booking link._

**Calendar page description**

```text
This is a straight 30-minute conversation built around your business. We will look at where your margin is most likely going between tender and final account, which retentions are worth chasing first, and what is keeping you in the middle of the operation. You will walk away with a clear view and one or two things to act on. No pitch, no prep needed from you.
```

_Use as the description on the booking calendar page._

### If they say not now

Respect it and do not push. Say something like: 'No problem at all - the main thing is you have got a clearer picture of where to look first.' Then offer a concrete next step: 'I can drop you a short note with the two or three things we covered today so you have got it in writing. And if it is useful, I will check back in with you in a couple of weeks - no pressure either way.' Send the note the same day. Keep it to half a page: what they told you, what you spotted, what you would look at first. That note does more work than any follow-up call, because Mike will share it with nobody, read it twice, and remember you sent it when the next job bleeds.

===== sales:script (66s, 8962 chars)
This script takes a prospect from first hello to a clear yes or no, in a single call, by reflecting Mike's own words back at him and showing him exactly how the work gets done.

### Opening

**Opening - first 2 minutes**

```text
Good to speak to you, Mike. Thanks for making the time.

I'll keep this straightforward. I want to understand where the business is right now, where you want it to get to, and whether what I do is a genuine fit for that. No pitch until we've had a proper conversation.

What made you want to have this call today?
```

### Questions that find the gap

1. Turnover's one number and profit's another - when you look at your P&L, how far apart are they, and does that gap make sense to you?
2. If you had to pick one job in the last six months that bled badly, could you tell me exactly where the margin went, or is it still a bit of a mystery?
3. How are you currently pricing jobs - is there a proper job-costing process behind it, or is it still largely experience and gut feel?
4. When a job finishes, how long before you actually know what it made? Days, weeks, or by the time you find out it's too late to do anything about it?
5. What does your retentions position look like right now - how much is sitting out there, and who owns the job of getting it back?
6. On a typical Tuesday, what kind of decisions are landing on your desk that, if you're honest, shouldn't need you at all?
7. You mentioned [repeat their specific pain in their words] - how long has that been the case, and what have you tried to fix it?
8. If this time next year the business was running the way you actually want it to, what would look different - in the numbers and in your day?
9. What's the cost of leaving this where it is for another twelve months - to the business and to you personally?
10. What made you decide now was the time to have this conversation rather than six months ago?

### Transition

**Transition into the game plan**

```text
Right. So what I'm hearing is: the turnover's there, but you can't get a clean read on where the margin goes job by job. You're still in the middle of the operation when you shouldn't need to be. And there's retention cash sitting out there that belongs to the business.

That's a familiar picture. I've lived that from the inside, and it is fixable.

With your permission, I'll show you exactly how I'd tackle it - the three things I'd do, in order, and what that looks like in practice for a business like yours.
```

### The game plan

1. **Step 1: Find where the margin is going, job by job.** The first four weeks I get into your job reviews and pricing discussions with you. Not to produce a report - to find the specific point where margin leaves the job. Nine times out of ten it is not the tender stage, it is field job costing: materials overruns, labour hours drifting, variations priced late or not at all. We build a simple weekly numbers rhythm from what we find: a one-page view of every live job, where it is against budget, and what needs a decision before month-end. You stop finding out what a job made weeks after it finished. You find out while you can still do something about it.

Check-in: Does that match where you think the problem is sitting right now?
2. **Step 2: Get the retentions moving and stop the cash sitting unchased.** Once we have the job numbers in order, we go through the aged debtors and build a proper retention chase process. Someone owns it, there is a schedule, and there is a clear escalation when a client goes quiet. I have seen firms recover significant sums inside the first two months just by having one person whose job it is to chase, with a script and a timeline. That cash belongs to the business. It is just sitting in the wrong bank account.

Check-in: How much do you reckon is out there right now that you have not actively chased in the last sixty days?
3. **Step 3: Get you out of the middle of the operation.** Once you have visibility of the numbers and the cash is moving, we turn to the owner-dependency problem. That starts with being honest about which decisions actually need you and which ones are landing on your desk because there is no structure to catch them anywhere else. We build the operational rhythm that lets your managers manage: a weekly cadence, clear decision rights, and a simple accountability process so you know what is happening without being in the middle of it. The site calls stop landing on your phone at seven in the evening because there is a proper layer beneath you making the calls they should be making.

Check-in: If you think about the person you'd most want to take decisions off your plate, what's stopping them doing that right now?

### Results and proof

I am not selling theory here. At Harlow & Pike I led the HVAC division from £4.2m to £11.8m over five years. We got there by shifting the model from one-off installs to planned maintenance contracts and holding a tight grip on job pricing and margin throughout the growth. The same three problems Mike faces - margin bleed, owner dependency, retention cash sitting unchased - were live inside that business, and fixing them is what drove the result. I know what a job-costing problem looks like from the inside of a contracting operation, not from a spreadsheet someone handed me. That is the difference.

### Price and close

**Price and close**

```text
Here's how it works.

The first four to six weeks I am in your job reviews and pricing discussions with you - that is where we find the margin leak and get the retention chase started. From week five, we move to two 90-minute sessions a month, every month, on a fixed rhythm. Live job costing, margin tracking, retentions, and the management actions that need to happen before we speak again. You also get direct access between sessions for anything that cannot wait.

I carry a maximum of eight clients. Each gets proper prep and proper time. I am not running a conveyor belt.

The fee is £1,950 a month on a rolling basis. No long lock-in, though I do ask for genuine commitment - I will not work with someone who wants a quick fix.

To put the fee in context: the margin bleed on one mid-sized job that goes wrong typically costs more than a full year of this engagement. The first thing we do is find that leak and stop it. Most clients see the fee covered by tighter job costing inside the first few months.

I am also open to a six-month arrangement at a fixed rate if you want certainty on both sides - we can talk through what that looks like.

So, based on everything you've told me today about [repeat their specific challenge] and where you want the business to get to - does this feel like the right support to get you there?
```

### Objections

| They say | You say |
| --- | --- |
| £1,950 a month is a lot. I'm not sure the cash flow can take it right now. | I hear that, and I want to be straight with you. The margin bleed on one job that goes wrong costs more than twelve months of this fee. The first thing we do together is find where that money is going and stop the leak. Most of my clients cover the fee through tighter job costing in the first couple of months. The question is not whether you can afford it - it is what it is costing you to leave the problem where it is for another year. |
| I need to think about it. Can I come back to you? | Of course, take the time you need. Can I ask - is there a specific part of it you want to think through? Because if there is something that doesn't stack up, I'd rather talk it through now than have you sitting on a question I could answer today. And if it is genuinely a timing thing, I am happy to check back in with you in two weeks. |
| I'd need to run it past my business partner / wife / finance director. | That makes sense, and I'd expect nothing less. What would be useful - would it help to get them on a short call so they can ask whatever they need to? I have no interest in anyone signing up without the people around them being comfortable with the decision. |
| It's not the right time. We've got a big tender on and I need to get through that first. | That big tender is exactly the kind of moment where margin decisions get made that you'll be living with for months. I'm not saying rush the decision, but the timing problem you're describing is usually the reason to start, not to wait. What would need to change for the timing to feel right? |
| I've been burned before - consultant came in, wrote a report, nothing changed. | Aye, I've seen those reports. I don't produce them. From week one I am in your job reviews and pricing discussions with you, working on live numbers, not writing something up afterwards. If it is not working in practice, I know about it before month-end, not six months later. The test is simple: if we're three months in and you can't point to jobs where the margin is holding better and retentions moving, something has gone wrong and we need to talk about it. |

===== content:posts (43s, 5716 chars)
Zander's content angle is simple: he has lived the margin bleed, the unchased retentions, and the MD-as-bottleneck problem from inside a live contracting business, and every post should make that visible before any offer is made.

### Content pillars

| Pillar | What it covers | Example hook |
| --- | --- | --- |
| Margin visibility | Job costing, pricing discipline, where the money goes between tender and final account | You won the job. You billed it. So why isn't the money there at month-end? |
| Owner dependency | The MD as bottleneck, promoted engineers who aren't managing, building a layer that actually works | If the site calls still land on your phone at half seven, the problem isn't the lads. It's the structure. |
| Retention cash | Unchased retentions, aged debtors, getting money that belongs to the business moving again | There's cash on your aged debtors report right now that they owe you. How long has it been sitting there? |
| Proof and insight from the operation | Harlow & Pike growth story, planned maintenance model, lessons from running the division | We grew the HVAC division from £4.2m to £11.8m. The first thing we fixed was how we priced jobs. |

### Twelve post ideas

1. We grew a HVAC division from £4.2m to £11.8m. Here is the one thing we changed first.
2. Your accountant says turnover is up. You know the bottom line tells a different story. Here is why.
3. The estimator you brought in tightened the quotes. The margin still bled. Here is where it actually went.
4. You promoted your best engineer into a management role. Why are you still making all the real decisions?
5. Retentions sitting unchased for six months is not a cash flow problem. It is a management problem.
6. The difference between a business that survives on one-off installs and one that scales on planned maintenance contracts.
7. Three signs an MD is the bottleneck in their own business, and how to tell which one is costing the most.
8. Why new job-costing software almost never fixes margin bleed on its own.
9. A job that looked tight at tender and came in well under. What the numbers showed us afterwards.
10. What does a weekly numbers rhythm actually look like in a 25-person M&E firm?
11. The contractor's gut-feel pricing question: how much did the last job that felt winnable actually cost you?
12. If you had to step away from the business for two weeks tomorrow, what would break first?

### Ready to post

**Proof story**

```text
When I took over the HVAC division at Harlow & Pike, we were turning over £4.2m a year.

The jobs were coming in. The lads were busy. But the margin wasn't where it should have been, and nobody could tell you which contracts had bled it or why.

Sound familiar?

The first thing we tackled wasn't the sales pipeline. It was how we priced and costed jobs. Gut feel on the tender, no real tracking once the work started, and by the time the final account landed it was too late to do anything about it.

We built a weekly numbers rhythm. Job by job. Live, not a month after the fact.

Then we shifted the model. Less reliance on one-off installs, more planned maintenance contracts where the margin is predictable and the relationships are sticky.

Five years later the division was at £11.8m, with margin held throughout.

The problems that were capping the business at £4.2m are the same ones I hear from MDs every week now: margin bleed they can see but can't explain, retentions sitting unchased, and an MD who's still the first call for every site query at seven in the evening.

If any of that sounds like your week, take three minutes and check your BOSS Score. It shows you exactly where the cap is.

Link in the comments.
```

_Post mid-week, Tuesday or Wednesday morning. Add the BOSS Scorecard link in the first comment, not the post body, to protect reach._

**The 3am thought**

```text
It's quarter past three and an MD somewhere in the North is lying awake doing the same sum he's done a dozen times this year.

Turnover's up. The lads are busy. Work's on the board into spring.

But the bottom line isn't where it should be, and he can't tell you which job killed it. The Rotherham school, maybe. The Wakefield fit-out. Could have been both. By the time the monthly P&L landed it was already too late to go back and fix it.

That's the problem with finding out at month-end.

The margin didn't vanish at tender stage. The estimator's usually sharp enough. It bleeds in the field: variations that don't get priced properly, labour hours that creep, a job that runs a fortnight over because nobody flagged it until the snag list landed.

You need to see it while the job's still live. Not six weeks after it's done.

That's what a weekly numbers rhythm does. Not a spreadsheet exercise, not a consultant's report. A proper look at what's happening on live jobs, before it's too late to do anything about it.

If that's the sum you keep doing at quarter past three, take three minutes on the BOSS Scorecard. It'll show you where the cap is.

Link in the comments.
```

_Post early morning, ideally Monday or Thursday, when owners are most likely to be thinking about the week ahead. Add the BOSS Scorecard link in the first comment._

> **Posting rhythm:** Four posts a month is the floor. One proof or insight post, one 3am pain post, one framework or industry observation, and one question post that invites MDs to respond. Post on Tuesdays or Thursdays when your buyers are at their desks and not on site. Keep the BOSS Scorecard link in the first comment on every post, not the caption, to protect organic reach. Consistency matters more than volume: four posts a month, every month, builds more trust than a burst of ten and then silence.

===== content:newsletter (42s, 5365 chars)
A short, plain-English read for MDs and owners of HVAC and M&E contracting businesses, one idea per issue, grounded in the numbers, with something practical to take away before the next job goes out to tender.

- **Name:** The Contractor's Profit Letter
- **Who it is for:** MDs and owners of HVAC, M&E, electrical contracting, and facilities management businesses turning over £1m to £20m, still carrying more of the operation than they should
- **How often:** Fortnightly
- **Format:** Email and LinkedIn newsletter, under 500 words, one idea, one story or example, one practical action
- **Call to action:** Book a free value session with Zander to find out where the margin is going in your business

### The first issue

**Issue 1**

```text
Subject: You're winning the work. So where's the profit going?

If your turnover's up but the bottom line tells a different story, you're not alone.

Most HVAC and M&E contractors I talk to have had a decent year on paper. Work on the board, the lads busy, new contracts signed. But sit down with the monthly P&L and there's a gap between what the business billed and what actually landed. Not a small gap either.

The instinct is to blame pricing. So they bring in an estimator, tighten up the tenders, and wait for the margins to improve. They usually don't. Not much, anyway.

Here's why.

The bleed almost never happens at quote stage. It happens in the field: variations that don't get priced up properly, labour hours that run over, materials that get ordered twice because nobody's tracking live job costs against the original tender. By the time the final account's done, the job that looked healthy at 12% margin has come in at four or five. Sometimes less.

At Harlow & Pike, when I led the HVAC division, we had the same problem. Revenue was growing but the margin wasn't keeping pace. We started running a simple weekly job cost review - nothing complicated, just a look at live jobs against what we'd priced, before month-end, not after. Within a few months we could see exactly which jobs were drifting and why, and we could do something about it while the job was still live.

That's what gave us the confidence to grow. We took the division from £4.2m to £11.8m over five years, and we held the margin through it because we had visibility on live jobs, not just on the P&L three weeks after the damage was done.

The practical action for this fortnight: pull out the last three jobs that came in below the margin you tendered at. Don't go to the accountant for this. Go to the job files. Look at where the hours went versus what you priced, and whether every variation was captured and billed. You don't need software to do this. You need an hour and a clear head.

What you find will tell you more about where your profit's going than six months of P&Ls.

If you want to talk through what you find, or you want to know how a weekly numbers rhythm works in practice, I offer a free one-hour session for building services MDs. No pitch. We look at the numbers together and I tell you honestly what I see.

Book a time here: [value session link]

Zander Demo
The Contractor's Profit Practice
[email address]
```

_Send fortnightly via email and publish as a LinkedIn newsletter article. Swap [value session link] and [email address] for live details before sending._

### The next six issues

| Issue | Subject line | The one idea |
| --- | --- | --- |
| 2 | The retention figure that shouldn't be on that report | Retentions sitting unchased are a management problem, not a cash flow problem. One owner owns the process of getting the money back, or nobody does. This issue sets out a simple chase rhythm that moves retention cash off the aged debtors report. |
| 3 | You promoted your best engineer. Why are you still making all the decisions? | Putting a good operative into a management role without giving them a decision-making framework doesn't free the MD. It adds a wage and changes nothing. This issue covers what a real management layer looks like in a contracting business and what it takes to make it stick. |
| 4 | Gut-feel pricing wins the tender and loses the margin | A job priced on instinct and a quick scan of the labour hours has the bleed baked in before a spanner is lifted. This issue looks at where disciplined pricing actually starts and why it has to run through to the final account, not just the tender. |
| 5 | The monthly P&L is too late | By the time the accountant's report lands, the jobs that bled are already done and dusted. This issue explains what a weekly numbers rhythm looks like in a live contracting business and why it catches problems while they are still fixable. |
| 6 | Planned maintenance contracts changed everything for us | One-off installs are hard to price, hard to schedule, and brutal on cash flow. Planned maintenance contracts give the business recurring revenue, predictable labour, and a platform to grow without the MD taking on more risk every time a new project lands. This issue covers how the shift works in practice. |
| 7 | Are you the ceiling of your own business? | When every site call, pricing decision, and client query comes back to the MD, growth hits a hard limit. This issue looks at the point where owner involvement stops being an asset and starts being the constraint, and what to do about it before it costs another year. |

===== ninety:quarter (46s, 5857 chars)
One objective for the next 90 days: sign your first four clients, build the daily habits that fill the pipeline behind them, and prove the practice works before you scale it.

- **£7,800** Monthly revenue at four clients (£1,950 minimum fee)
- **4** Clients needed to hit initial target
- **12–16** Discovery calls needed (assuming 25–33% conversion)
- **60–80** Conversations needed to book those calls

> **Why four clients, not six:** At £1,950 a month, four clients brings in £7,800. Six would clear £11,700. The plan targets four first because the practice is new, your proof base is career-level rather than client-level, and a slower build lets you deliver properly and collect early results. Once you have two to three clients paying and progressing, raise the target and the price. The numbers above are built from your stated minimum fee and capacity of eight. If you sign clients at a higher rate, the call and conversation targets drop.

### Week by week

- **Weeks 1–2:** Foundations locked. LinkedIn rewritten and live. Profit Coach page live and pointed at your calendar. Practice email set up. BOSS Scorecard link confirmed and tested. Value session named and the 45-minute structure written. Prospect list of 100 MDs and owners built from HVAC, M&E, and electrical contracting businesses in the North and Midlands: LinkedIn search, trade directories, contacts you already know. First ten connection requests sent by end of week two.
- **Weeks 2–4:** First campaign live. Connector campaign running daily on LinkedIn: 10 connection requests sent each working day, accepted connections followed up with the margin bleed message. Target: 200 requests sent, 50 accepted, 10 replies. Your prospect list grows to 300 names. First pieces of content posted: two posts in week three, two in week four, all drawing on job costing and pricing stories from Harlow & Pike. Replies handled same day on Mondays and Thursdays. First call booked before end of week four.
- **Weeks 4–8:** Calls every week, first client signed. Two to three discovery calls a week on Monday and Thursday afternoons. Value sessions run for the strongest prospects. First client signed by week six at the latest. Campaign rhythm holds: 10 requests a day, follow-ups sent, replies handled. Content stays at four posts a month. After each value session, note what question or objection came up and write the next post around it. Track your numbers weekly: requests, accepted, replies, calls, sessions, clients.
- **Weeks 8–12:** Second angle tested, price reviewed, referrals asked for. Test a second outreach angle aimed at owner-dependency rather than margin bleed. See which pulls more replies. With two to three clients in, have the honest conversation about price: if you are filling quickly, the next client pays more. Send your first newsletter issue to the list you have built. Ask your first signed client for one referral introduction: a specific ask to a named type of person, not a general request. Review your pipeline numbers and set the target for the next quarter.

### Weekly numbers

| Activity | Per week |
| --- | --- |
| LinkedIn connection requests sent | 50 (10 each working day) |
| Follow-up messages sent to accepted connections | All accepted, within 48 hours |
| Replies handled (prospect conversations) | All replied to on same day, Mondays and Thursdays |
| Discovery calls held | 2–3 |
| Value sessions run | 1–2 (from week 5 onwards) |
| LinkedIn posts published | 1 (4 per month minimum) |
| Prospect list updated | 20–30 new names added |
| Pipeline reviewed | Once, Friday morning, 20 minutes |

### This week

1. **Lock the foundations in one sitting.** Update your LinkedIn headline and about section using the copy in your blueprint. Confirm your Profit Coach page is live. Set up your practice email. Test your BOSS Scorecard link end to end: click it, complete it, check the result lands correctly. Book a 30-minute slot later this week to do nothing but this. If it is not done by Friday, nothing else in the plan moves.
2. **Build your first prospect list.** Search LinkedIn for MDs and owners of HVAC contractors, M&E firms, and electrical contractors in the North of England and Midlands with 15 to 50 employees. Add contacts you already know from your time at Harlow & Pike: former clients, subcontractors, suppliers, peers from the industry. Aim for 100 names by end of week. Name, job title, company, LinkedIn URL. A spreadsheet is fine. This list is your pipeline.
3. **Send your first ten connection requests.** Pick the ten strongest names from your list: people you have a natural reason to connect with, or where the fit is obvious. Send a short, direct connection request with no pitch. Something like: 'Hi Mike, I spent years in HVAC contracting as Contracts Manager then Ops Director at Harlow & Pike. I come across a lot of MDs in building services with the same headaches around margin and retentions. Worth connecting.' Ten sent before Friday. Not nine. Ten.

> **Your most likely constraint: proof at the coaching level:** Your career result at Harlow & Pike is strong and specific. But Mike, the MD you are selling to, is sceptical of outside help. He has been burned before. Your Harlow & Pike story answers the credibility objection well, but it is career proof, not client proof. The moment a prospect asks 'who have you coached and what happened?' you need an answer. Spot it early: if you are getting replies and calls but not converting to signed clients, this is almost certainly why. Fix it by running your first two or three value sessions as paid diagnostics or by offering the first month at a structured trial rate, so you collect a specific result quickly. Log every result with a from, a to, and a timeframe. One real client result, properly recorded, changes the conversion rate across every future call.
