
===== story:bio (18s, 2238 chars)
Zander Demo is a former Operations Director who grew the HVAC division at Harlow & Pike from £4.2m to £11.8m in five years. He now helps MDs in building services get real visibility on where the margin is going and get out of the operational middle.

- **£4.2m to £11.8m** HVAC division revenue growth at Harlow & Pike over five years
- **£1,950/month** Minimum engagement fee
- **8** Maximum clients carried at any one time

### Proof inventory

| Result | Where | Timeframe | How | Status |
| --- | --- | --- | --- | --- |
| Revenue grew from £4.2m to £11.8m | HVAC division, Harlow & Pike Building Services | 5 years | Shifted model from one-off installs to planned maintenance contracts; tightened job pricing to hold margin through growth | Ready |

### Short bio

I spent fifteen years in building services, starting as a Project Engineer and working up to Operations Director at Harlow & Pike. During that time I grew the HVAC division from £4.2m to £11.8m in five years by moving the business off one-off installs and onto planned maintenance contracts, and by tightening how we priced and tracked jobs so margin held through the growth. I now work with MDs and owners in M&E, HVAC and electrical contracting who are winning work but can't explain why the profit isn't following. Eight clients at a time. I get into the numbers from week one.

### One-line introduction

Zander Demo is a former Operations Director in building services who helps M&E and HVAC contractors get real visibility on job margin and get the MD out of the weeds.

### For partners and events

Zander Demo spent fifteen years in building services, progressing from Project Engineer to Contracts Manager to Operations Director at Harlow & Pike Building Services. He grew the Harlow & Pike HVAC division from £4.2m to £11.8m in five years by shifting the model from one-off installs to planned maintenance contracts and holding margin through disciplined job pricing. He now coaches MDs and owners in M&E, HVAC and electrical contracting firms turning over £2m to £12m, helping them get real-time visibility on job margin, get unpaid retentions moving, and get out of the operational middle. He carries a maximum of eight clients and works hybrid from Leeds.

===== market:options (25s, 3069 chars)
Zander's strongest market is HVAC and M&E contracting firms, where his Harlow & Pike proof is exact, the pain is acute, and owners will not need convincing he understands the industry.

| Option | Value | Pain | Growing | Easy to find | Purchasing power |
| --- | --- | --- | --- | --- | --- |
| HVAC and M&E contracting (£1m–£15m) | 5 | 5 | 4 | 4 | 4 |
| Planned maintenance and FM contractors (£2m–£20m) | 4 | 4 | 4 | 3 | 4 |
| Electrical contracting (£1m–£10m) | 3 | 5 | 4 | 3 | 3 |

### Option 1: HVAC and M&E contracting firms (£1m–£15m)

This is the exact world Zander operated in. The Harlow & Pike result, £4.2m to £11.8m in five years by tightening job pricing and shifting to planned maintenance contracts, is specific proof in a specific sector. The MD reading it will recognise the problems immediately: margin disappearing on jobs that looked profitable at tender stage, retentions sitting unpaid for months, and the owner still answering every site call at 7am. Zander does not need to earn credibility here. He starts with it. MDs in this sector are sceptical of generic coaches and that scepticism is his advantage, because he removes the objection before it is raised.

### Option 2: Planned maintenance and FM contractors (£2m–£20m)

Facilities management and planned maintenance businesses share most of the same pains: owner dependency, retention cash, and margin erosion on recurring contracts. Zander understands this model from the inside because the shift to planned maintenance contracts was the growth lever he pulled at Harlow & Pike. The proof is not as direct as Option 1, but it is relevant and credible. The businesses are slightly harder to find than pure M&E firms, and the buying decision can involve more stakeholders in larger FM operations. A solid second market, particularly once Option 1 is established.

### Option 3: Electrical contracting businesses (£1m–£10m)

Electrical contractors face the same cash flow and margin problems as M&E and HVAC firms, and Zander has sector knowledge here. The issue is proof. There is no specific electrical contracting result to anchor the conversation. Owners in this sector are often price-sensitive and will ask for evidence that the fee is worth it. Without a named result from electrical contracting, Zander is selling credibility he has to explain rather than demonstrate. Viable as a secondary market, weaker as a starting point.

### Recommended core client

> My core client is an MD or owner of an HVAC or M&E contracting firm with 15 to 40 employees doing £1M to £15M revenue, who is winning work but can't explain why the profit isn't following.

> **If Options 1 and 2 feel equally strong on the Decision Call:** Ask yourself one question: which MD would feel immediately understood in the first sixty seconds of a conversation, without Zander having to explain the industry context? The answer is the HVAC or M&E contractor. Start there, build the proof record, and open Option 2 as a second lane once the first three or four clients are in place and the case studies are real.

===== market:avatar (55s, 7422 chars)
Margin-Blind Mike: MD of a 25-person M&E contracting firm in West Yorkshire, turning over £4m a year and still not sure where half the profit goes.

- **Name:** Mike
- **Age:** 42 to 54
- **Location:** West Yorkshire or East Midlands, within an hour of a main contractor hub
- **Business:** M&E or HVAC contracting firm, typically second-generation or founder-built
- **Revenue:** £2m to £12m
- **Team:** 15 to 40 people: engineers, site supervisors, office staff, one or two contracts managers
- **Role:** MD or Owner - the person whose name is on the building
- **Time in the business:** 10 to 25 years, started on the tools or came up through the commercial side

### A day in the life

It is 7.14am and Mike is already on his second call. One of the lads on the Sheffield scheme has a query about a riser, something the contracts manager could handle, but the contracts manager rang Mike first because that is how it works. Mike answers it, makes a mental note to talk to Dave about stepping up, and pulls into the car park. By 8am he has two emails from a main contractor chasing a programme update, a WhatsApp from a subbie about a delayed delivery, and a reminder from his accountant about a VAT return he needs to look at. He sits down at his desk with a coffee and opens the job tracker. The numbers are three weeks behind. He scrolls through the contracts on the board and picks out the Wakefield job, the one the lads were flat out on all summer. Final account came back last week. He expected to see around £60k net. The number on screen is £18k. He stares at it for a moment, opens a spreadsheet, closes it again. He has a site visit at ten, a call with a client at noon, and a pricing meeting at three. He does not have time to go through the job line by line. He tells himself he will look at it properly at the weekend. He has been saying that for six weeks. Somewhere between the VAT reminder and the second WhatsApp from the subbie, it occurs to him that he has worked harder this year than any year before it, and he will probably take less home.

### In his words

> The Wakefield job should have been a decent earner. Lads were busy all summer, no major issues on site, variations got submitted. And then the final account comes in and there's barely owt left. I've looked at it three times and I still can't put my finger on it. Was it the materials? Did we underprice the second fix? Did the variations get absorbed somewhere? I don't know. And that's the bit that gets me - I should know. I've been doing this long enough. Dave's good, but he still rings me for stuff I thought he'd be handling by now. I don't blame him, that's just how it's always worked. The phone goes and I answer it. I had four days off in July and it didn't stop. Not once. I keep thinking if I just had a bit more time I'd get on top of it, sort the pricing out, get the retentions chased, maybe look at how we structure the team. But the time never comes. And in the meantime the turnover keeps going up and I'm not sure any of it is actually coming through to me. Something's not adding up and I don't really know where to start.
>
> Mike, MD, M&E contracting firm, West Yorkshire

### What they want

- To know, in real time, whether a job is making or losing money - before the final account lands and it is too late to fix anything.
- To stop being the first call for every site query, materials sign-off and client complaint, and to trust the contracts manager to handle what he should be handling.
- To get the retentions moving - tens of thousands sitting in holdbacks from jobs that closed over a year ago, and someone accountable for chasing every one of them.
- To take a proper week off without the phone going, knowing the business will not fall apart while he is away.
- To see the revenue growth he has put in actually convert into money in his pocket at the end of the year.

### What they fear

- That the margin bleed is worse than he thinks, and when he finally looks properly the numbers will be genuinely bad.
- That the business only works because he is always in it, and if he stepped back for a month it would start to unravel.
- That one of his key engineers or supervisors hands in their notice and half the operational knowledge walks out with them.
- That he gets to 55 and realises he has built something he cannot step back from, cannot sell for what it is worth, and cannot leave.
- That a VAT bill or a bad month lands in the same window as three retentions still sitting unpaid, and the cash position suddenly looks very tight.

### What they have tried

- Brought in a consultant who spent three months doing a review, produced a report Mike already agreed with, and left without fixing anything.
- Promoted the contracts manager and waited for things to improve. Dave is better than he was, but the calls still come through to Mike.
- Set up a job tracker in a spreadsheet that three people use differently and nobody updates on time.
- Told himself he would sort the pricing properly after the next busy period. That was two busy periods ago.
- Paid an accountant to run monthly management accounts that arrive six weeks late and tell him what already happened, not what is happening now.

### What they suspect

- That most business coaches have never run a live operation and will spend the first few months asking him to explain what a retention is.
- That any system a consultant brings will be built for a different type of business and will need so much adapting it creates more work than it solves.
- That the fee will be easy to justify to themselves but hard to defend to the business if it does not produce something tangible fast.
- That the honest answer to most of these problems is things they already half-know, and what they really need is someone to get specific and hold them to it.

### What finally makes them act

- A final account comes in £50k to £80k short on a job that looked solid at tender stage, and Mike cannot explain the gap.
- A retention from a job that closed eighteen months ago gets written off because nobody was chasing it and the main contractor has moved on.
- A trusted site supervisor or engineer hands in their notice and Mike realises how much of the day-to-day operation lives inside that one person's head.
- He sits down and works out what he took home last year against the hours he put in. The number shocks him.
- A holiday or a family commitment gets cancelled because a site issue needs him personally, and someone close to him says something he cannot unhear.

### How they talk

| Thing | What they call it |
| --- | --- |
| The people they work for | The client, the main contractor, the MC |
| Their own workforce | The lads, the engineers, the site team |
| Individual contracts | Jobs, schemes, contracts |
| Subcontractors | Subbies |
| Unpaid holdbacks | Retentions, retention money, holdbacks |
| Invoices submitted for payment | Applications, apps, valuations |
| Disputed or additional scope | Variations, vars, extras |
| Closing out a job financially | Final account, the FA |
| Profit on a contract | Margin, what we made on the job |
| Pricing new work | Tendering, putting a price in, quoting |

### Ready to act

> I'm done finding out six months after the fact that a job lost money. I want to know at week four, when I can still do something about it. And I want to take a week off without the phone going.
>
> Mike

===== story:onepager (36s, 4247 chars)
Zander Demo is a former Operations Director in building services who grew the HVAC division at Harlow & Pike from £4.2m to £11.8m in five years. He now works with MDs and owners of M&E, HVAC and electrical contracting firms who are winning work but can't explain why the profit isn't following.

- **£4.2m to £11.8m** HVAC division revenue at Harlow & Pike, over five years
- **£1,950/month** Minimum engagement fee
- **8** Maximum clients carried at any one time

### Who I help

My core client is the MD or owner of an M&E, HVAC or electrical contracting firm turning over £2m to £12m, with 15 to 40 people on the books. Usually founder-built or second-generation. The person whose name is on the building. They are winning more work than ever, the lads are busy, and yet the money at the end of the year does not reflect what they put in. They cannot tell you exactly why. They are the first call for every site query, every client complaint, every decision Dave should be making himself. They have not had a proper week off in years. They know something is not adding up and they do not know where to start.

### The problems I fix

- Margin bleed: jobs close and the final account is short, sometimes by £50k or more, and nobody can say where it went or catch it early enough to do anything about it.
- Owner dependency: the MD is still the escalation point for every site call, every sign-off, every problem the contracts manager should be handling, and there are no hours left for the work that actually moves the business forward.
- Retentions sitting idle: tens of thousands in holdbacks from jobs that closed over a year ago, with no one accountable for chasing them and the cash just sitting there.
- No early warning: by the time the numbers show a job is in trouble, the margin is gone and the damage is done.

### How I work

1. **First conversation.** A straightforward call to understand what is happening in the business right now: which jobs are causing concern, where the cash is tight, what the MD cannot step away from. We complete the BOSS Scorecard together so we both know which area is capping the business before we start.
2. **Into the numbers from week one.** I sit in on job reviews and pricing discussions early. That is where margin bleed shows up and where owner dependency is most visible. I do not need six months learning how the industry works. Weekly sessions in the first four to six weeks to land early wins on margin and cash.
3. **A rhythm that holds.** Two 90-minute sessions a month, ongoing. A weekly numbers rhythm the team can run without the MD in the room. Retentions tracked, jobs flagged early, decisions sitting at the right level. Direct access between sessions for anything that cannot wait. Hybrid: calls on Tuesdays and Wednesdays, site or office visits where they add value.

### Results

- Grew the HVAC division at Harlow & Pike from £4.2m to £11.8m in five years by shifting the model from one-off installs to planned maintenance contracts and tightening job pricing to hold margin through the growth.
- Fifteen years inside building services as Project Engineer, Contracts Manager and Operations Director: the same margin, retention and owner-dependency problems I now help contractors fix are problems I have lived through and resolved in a live operation.

### Working together

If you work with MDs or owners in M&E, HVAC or electrical contracting, the clients worth introducing are those turning over £2m to £12m who are growing in revenue but not in profit, who are still the operational centre of their business, or who are sitting on unpaid retentions with no clear process to recover them. These are not businesses in crisis. They are businesses that have outgrown how they were running and need someone who already knows the industry to get into the numbers alongside them. The engagement starts at £1,950 a month and I carry a maximum of eight clients, so introductions get proper attention. A warm introduction from you means the MD does not have to spend the first conversation convincing me what a final account is.

### Working together

- **LinkedIn:** linkedin.com/in/zander-demo
- **Website:** Profit Coach page (details on request)
- **Location:** Leeds, West Yorkshire

===== voice:sound (29s, 3293 chars)
Zander talks like someone who has stood on the same sites his clients are standing on. He is direct, unhurried, and specific, with a dry Northern matter-of-factness that makes him instantly credible to an MD who has been burned by polished consultants before.

- **Tone:** Straight-talking, grounded, dry, specific, no-nonsense
- **Pace:** Measured. He takes his time to say the right thing, not the quick thing.
- **Formality:** Low. First names from the off. No corporate language, no coaching jargon.
- **Humour:** Dry and occasional. A wry observation rather than a punchline. Never at the client's expense.
- **Regional flavour:** Yorkshire. 'Aye', 'nowt', 'lads', 'flat out'. Not performed, just natural.

### Sounds like

- 'They were winning work, lads were busy all summer, and the final account came back with nowt left. That's not bad luck. That's a pricing and tracking problem, and it'll happen again on the next job if nobody gets into the numbers.'
- 'Eight clients at a time. That's it. I want to be properly in the business, not just jumping on a call once a fortnight and calling it coaching.'
- 'I've lived through margin bleed, retentions sitting unpaid, and an MD who's the bottleneck for everything. I'm not reading that out of a textbook.'

### Does not sound like

- 'I help visionary leaders unlock sustainable growth by leveraging their operational excellence.' (Too polished, too vague, zero credibility with a site-level MD.)
- 'Let's unpack your journey and align your strategy with your core values.' (Coaching cliche. Would make Mike put the phone down.)
- 'I'm passionate about empowering business owners to achieve their full potential.' (Generic. Sounds like every other coach. Zander is the opposite of generic.)'

### Words and phrases to use

- Aye, nowt, lads, flat out
- Jobs, schemes, contracts
- Subbies, main contractor, MC
- Retentions, holdbacks, retention money
- Final account, the FA
- Margin, what we made on the job
- Variations, vars, extras
- Tendering, putting a price in
- Applications, apps, valuations
- Get into the numbers
- Weekly rhythm
- Early warning
- Stuck in the middle
- Out of the weeds
- Properly in the business
- That's not bad luck, that's a [specific problem]

### Words to avoid

- Empower, unlock, elevate
- Leverage (as a verb)
- Robust, seamless, holistic
- Journey, pathway, transformation
- Unpack, dive deep, navigate
- Passionate, visionary, thought leader
- Synergy, alignment, ecosystem
- In today's world, now more than ever
- Business coaching (say 'working with' or name the specific problem instead)

### A message in your voice

**Example**

```text
Hi Mike, I spent fifteen years in building services, the last few as Operations Director at Harlow & Pike, where we grew the HVAC division from £4.2m to £11.8m. Most of that came down to fixing the same things I see in most M&E firms: margin bleeding out on jobs without anyone catching it early, retentions sitting unpaid for months, and the MD still fielding calls he shouldn't be. I work with eight contractors at a time and I get into the numbers from week one. Worth a conversation?
```

_Use on LinkedIn connection requests or first direct messages to MDs and owners in M&E, HVAC or electrical contracting. Keep it as is, no softening, no extra sell._

===== market:pains (52s, 7320 chars)
Under every problem Mike brings up, there is the same one: 'I'm working harder than I ever have, the turnover is up, and I'm still not sure where the money's going.'

| Pain | What they say out loud | What it costs | What they want instead | Lever |
| --- | --- | --- | --- | --- |
| Margin bleed on jobs | 'The Wakefield job should have been a decent earner. Final account came back with barely owt left. I've looked at it three times and I still can't put my finger on it.' | £20k to £60k lost per job that looked profitable at tender. Compounds across every scheme that runs the same way. Profit never catches up with turnover. | Know at week four whether a job is making or losing money, when there is still time to do something about it. | Profit margin, average sale value |
| Owner dependency: MD is the bottleneck | 'Dave's good, but he still rings me for stuff I thought he'd be handling by now. I had four days off in July and the phone never stopped. Not once.' | Two to three hours a day answering calls and signing off decisions that should sit below him. No real holiday. No ability to step back or sell. | A contracts manager and site team who make their own calls, with the MD stepping in only when it genuinely needs him. | Control pillar, team and systems |
| Retentions sitting unpaid with nobody chasing | 'There's retention money out there from jobs that closed over a year ago. I know it's there. Nobody's properly on top of it.' | Tens of thousands idle in holdbacks. In a tight month, that gap is the difference between comfortable and scrambling. Some get written off entirely. | One person accountable for every holdback, on a set schedule, with the cash moving again. | Velocity pillar, cash |
| Numbers always late, never real-time | 'The management accounts arrive six weeks late and tell me what already happened. By then I can't change anything.' | Problems become crises before anyone sees them. Decisions get made on gut feel rather than live numbers. Bad months arrive as surprises. | A weekly numbers rhythm that shows what is happening now, not what happened six weeks ago. | Control pillar, visibility |
| Turnover up, take-home flat | 'I'll probably take less home this year than last, and we've had our best revenue. Something's not adding up.' | Personal income fails to grow with the business. The owner carries all the risk and the stress, and the reward does not follow. | Revenue growth that actually converts into money in the bank at the end of the year. | Profit margin, repeat business |
| Key knowledge trapped in one person | 'If one of my senior engineers handed his notice in tomorrow, half of what makes this business work walks out with him.' | Operational risk concentrated in individuals. One resignation creates a crisis. The business is not sellable in this state. | Systems and processes that live in the business, not in someone's head. | Control pillar, systems |
| Pricing not keeping up with actual job costs | 'I think we underpriced the second fix. Or maybe the variations got absorbed somewhere. I don't actually know where it went.' | Margin eroded at quote stage before the job starts. Busy periods produce turnover but not profit. The pattern repeats on every similar scheme. | A pricing process that reflects real job costs, so margin is locked in at tender rather than hoped for at the final account. | Average sale value, profit margin |

### At 3am

> That final account is going to come back short and I still won't be able to tell you exactly why.
> I've built something I can't step away from. If I stopped showing up, it'd start unravelling inside a fortnight.
> I worked every week this year and I'm going to take less home than last year. At some point the numbers have to make sense.
>
> Mike, MD, M&E contracting firm, West Yorkshire

### Main desire hooks

- Are you looking to know, in real time, which jobs are making money and which are bleeding it before the final account lands?
- Are you looking to stop being the first call for every site query and take a proper week off without the phone going?
- Are you looking to get your retention money moving and see your revenue growth actually come through to you at the end of the year?

### Buying triggers

- A final account lands £50k to £80k short on a job that looked solid at tender and nobody can explain the gap.
- A retention from a job that closed eighteen months ago gets written off because the main contractor has moved on and nobody was chasing it.
- Mike works out what he took home last year against the hours he put in. The number shocks him.
- A trusted site supervisor or senior engineer hands in their notice and Mike realises how much operational knowledge is about to walk out the door.
- A holiday or a family commitment gets cancelled because a site issue needs him personally, and someone close to him says something he cannot unhear.
- A VAT bill or a slow month lands at the same time as three retentions still sitting unpaid, and the cash position suddenly looks very tight.

### Objections and honest answers

| Objection | Answer |
| --- | --- |
| 'You'll spend the first few months asking me to explain what a retention is.' | Zander spent fifteen years in building services, finishing as Operations Director at Harlow & Pike. He already knows what a retention looks like, how a variation gets priced, and what happens when an MC squeezes the programme. He gets into job reviews and pricing discussions from week one. There is no warm-up period. |
| 'I tried a consultant before. Got a report, nothing changed.' | A report that sits on a shelf is not the same as getting into the weekly numbers and holding someone to them. Zander works in a live rhythm, not a one-off review. The difference is accountability and repetition, not a better PowerPoint. |
| '£1,950 a month is a lot. I need to be able to justify that.' | One recovered retention or one job that does not bleed margin typically covers the first three months. The fee is not the cost to test; it is the cost of leaving the problem unfixed for another year. |
| 'I don't have time for another thing on my plate.' | The work targets the two to three hours a day Mike wastes on decisions others should be making. The time comes from the coaching, not on top of it. The goal is to give hours back, not take them. |
| 'Any system you bring in will need so much adapting it creates more work.' | Zander does not bring a generic framework built for a different type of business. He builds the rhythm around how contracting actually works: job costing, applications, retentions, final accounts. Clients in this sector recognise it immediately. |
| 'I already know what the problems are. I just need time to sort them.' | Most MDs in this position have been saying that for two or three years. The time to fix it keeps getting consumed by the same problems it would fix. Having someone specific and external who holds the pace is the difference between it happening this year and it not happening at all. |
| 'How do I know this will actually work for my business?' | The Harlow & Pike result is not a case study from a textbook. Zander was the Operations Director. The same problems - margin bleed, owner dependency, retention cash - were the ones he fixed there. The proof is exact, not approximate. |

===== market:criteria (37s, 4454 chars)
The list is MDs and owners of HVAC, M&E, electrical contracting and facilities management businesses across Yorkshire and the wider North of England, turning over £1m to £15m, with 11 to 50 staff on the books.

| Filter | Include | Exclude |
| --- | --- | --- |
| Connections | 2nd and 3rd degree |  |
| Location | West Yorkshire, South Yorkshire, North Yorkshire, East Yorkshire, Greater Manchester, East Midlands, Lincolnshire, County Durham | Outside UK |
| Headcount | 11 to 50 (primary). Add 51 to 200 for FM and maintenance contractors where the structure supports a larger team) | 1 to 10 (too small for the fee), 201 and above (buying decision too complex) |
| Current job title | Owner, Co-owner, Founder, Co-founder, CEO, Managing Director, Co-Managing Director, Managing Partner, Director, Operations Director (where they are the top decision-maker) | Any title containing: coach, coaching, consultant, consulting, recruiter, recruiting, recruitment, psychologist |
| Industry | Building services, HVAC, Mechanical and Electrical (M&E), Electrical contracting, Facilities management, Planned maintenance, Construction (where the firm is a specialist M&E or HVAC subcontractor) | Retail, hospitality, professional services, SaaS, finance |
| Keywords (in profile or company) | HVAC, M&E, mechanical, electrical, building services, planned maintenance, FM, contracting, facilities, retentions, final account, NEC, JCT, subcontractor, main contractor | Freelance, self-employed sole trader, holding company only (no operating business visible) |
| Company exclusions | Businesses under £1m estimated turnover (use headcount as a proxy: fewer than 10 staff is a signal to skip). Any business that appears to be a start-up (founded in the last 18 months with no visible project history). | Competitors of any active non-compete. Businesses the coach has already approached or disqualified. |

### Keyword strings to try

- "HVAC" AND ("Managing Director" OR "Owner" OR "MD")
- "M&E contractor" AND ("Director" OR "Owner" OR "Founder")
- "mechanical and electrical" AND ("Managing Director" OR "Owner")
- "building services" AND ("MD" OR "Owner" OR "Director")
- "electrical contractor" AND ("Managing Director" OR "Owner")
- "facilities management" AND ("Managing Director" OR "Owner" OR "MD")
- "planned maintenance" AND ("Director" OR "Owner")
- "retentions" AND ("contractor" OR "building services")
- "subcontractor" AND ("HVAC" OR "M&E" OR "mechanical" OR "electrical") AND ("Owner" OR "MD")
- "building services" AND "Yorkshire" AND ("Owner" OR "Director")

### Leave out

- Start-ups and businesses founded in the last 18 months with no visible trading history.
- Any business turning over less than £1m (the fee does not fit and the problems are different at that size).
- Owners who signal they want a quick result without commitment: phrases like 'need a fast turnaround' or 'just need some pointers' in their profile or content.
- Anyone whose current title or company name includes: coach, coaching, consultant, consulting, consultants, recruiter, recruiting, recruitment, psychologist.
- Holding companies or investment vehicles with no visible operating business behind them.
- Businesses outside M&E, HVAC, electrical contracting and FM where Zander has no sector proof to anchor the conversation.
- Any prospect already in the pipeline, previously contacted and disqualified, or connected to a non-compete obligation.

- **800 to 1,200** Target list size in Sales Navigator before filtering by activity signals. Narrow to the active 30% before sending any outreach.
- **Above 30%** Connection acceptance rate to aim for. Below this, review the profile headline and intro copy before sending more requests.
- **Above 10%** Reply rate of accepted connections to target. Below this, review the first message and check the list is staying within the core sectors.

> **Watch these two numbers in the first two weeks:** Check acceptance rate and reply rate after the first 50 connection requests go out. If acceptance is below 30%, the headline or the list targeting is the problem - fix those before sending more. If replies drop below 10% of accepted connections, the first message is not landing - sharpen the opening line or swap to a different pain hook. Do not send 500 requests and wait a month to find out something is off. Two weeks and 50 requests gives you enough data to adjust before the pipeline is set on the wrong course.

===== linkedin:rewrite (62s, 8491 chars)
This rewrite shifts Zander's profile from a blank page to a specific, credible pitch that speaks directly to M&E and HVAC MDs who are winning work but can't explain why the profit isn't following.

### Headline

**Headline option 1**

```text
Helping M&E and HVAC contractors find where the margin went | Former Ops Director | Harlow & Pike: £4.2m to £11.8m
```

_Formula: Authority + specificity. Leads with the career proof and names the exact problem. Recommended if Zander wants to open with credibility first. Best for audiences who will Google him before replying._

**Headline option 2**

```text
Turnover up, take-home flat? I help building services contractors fix margin bleed and get the MD out of the operational middle.
```

_Formula: Pain-point lead. Opens with the owner's own frustration in plain language. Recommended as the strongest option - it stops the scroll because Mike reads it and thinks it is written about him._

**Headline option 3**

```text
Real-time job margin and less time in the weeds for M&E and HVAC contractors | Ex-Operations Director, Harlow & Pike Building Services
```

_Formula: Transformation + audience. Pairs the outcome with the sector and the career anchor. Solid alternative if Zander prefers outcome language over problem language in the headline._

### About

**About section**

```text
You're winning work. The lads are busy. The turnover is up. And you still don't really know where the profit's going.

That's the problem I fix.

I spent fifteen years in building services - started as a Project Engineer, came up through Contracts Manager, finished as Operations Director at Harlow & Pike Building Services. During that time I grew the HVAC division from £4.2m to £11.8m in five years. We did it by moving off one-off installs and onto planned maintenance contracts, and by getting properly into how we priced and tracked jobs so the margin held through the growth.

I've lived through margin bleed, retentions sitting unpaid for months, and an MD who was the bottleneck for every site call. I'm not reading that out of a textbook.

I now work with MDs and owners in M&E, HVAC and electrical contracting who are in the same position. Typically turning over £2m to £12m, 15 to 40 people, and busy - but the profit isn't following the revenue the way it should.

This is the right fit if:
- You've had a final account land short and you still can't say exactly where the margin went
- You've got retention money sitting out there from jobs that closed over a year ago with nobody properly chasing it
- Your contracts manager is decent but the phone still comes through to you for decisions it shouldn't
- You worked harder last year than any year before it and took less home

Here's how I work. In the first four to six weeks I get into the job reviews and pricing discussions. Not a workshop, not a framework - I sit in the numbers with you and find where the margin is going before it bleeds out completely. Then we build a weekly rhythm that keeps it visible. You see problems at week four, when there's still time to do something, not at the final account when the damage is done.

I carry eight clients at a time. That's it. Each one gets proper time and someone who already knows what a retention looks like, how a variation gets priced, and what happens when the MC starts squeezing the programme.

At Harlow & Pike, the same problems your business has right now were the ones we fixed. The proof is exact, not approximate.

If you want to know which area of your business is currently capping your profit, take the BOSS Scorecard - it takes three minutes and gives you a score out of 100 with a clear read on where to focus. Link in the featured section below.

Or if you'd rather just have a straight conversation, Monday and Thursday afternoons work well. No pitch, just a look at what's actually going on.
```

_1,847 characters. Hook lands in the first two lines before 'see more'. Proof is specific and sourced. CTA offers two routes: low-friction (scorecard) and direct (call). Written in Zander's voice throughout._

### Core skills

| Skill | What it means for the owner |
| --- | --- |
| Job margin visibility | You find out at week four whether a job is making or losing money - not at the final account when it's too late to change anything. |
| Retention and cash flow recovery | Someone accountable for every holdback, on a set schedule. Earned money that's sitting idle starts moving again. |
| Getting the MD out of the operational middle | The site calls and sign-offs that come to you now go to the right people. You get hours back without the operation falling apart. |
| Job costing and pricing discipline | Margin is locked in at tender stage, not hoped for at the end. The pattern of busy periods that don't convert to profit stops repeating. |

### Key milestones

- Operations Director, Harlow & Pike Building Services: grew the HVAC division from £4.2m to £11.8m in five years by shifting from one-off installs to planned maintenance contracts and tightening job pricing to hold margin through growth.
- Contracts Manager, Harlow & Pike Building Services: ran the commercial side of live schemes, accountable for job costing, applications, variations and final accounts across the division.
- Project Engineer, Northern M&E: started on the technical and site delivery side, building the ground-level understanding of how building services operations actually work.

### Banner

**Banner line**

```text
Helping M&E and HVAC contractors see where the margin's going - before it's gone. | Harlow & Pike HVAC division: £4.2m to £11.8m.
```

_Short enough to read at a glance on mobile. The proof point does the credibility work. Pair with a clean, uncluttered background - no stock imagery of hard hats or handshakes._

### Featured

- The BOSS Scorecard: pin the link to the three-minute scorecard. Caption: 'Not sure which part of your business is capping the profit? This takes three minutes and gives you a score out of 100. Most MDs in contracting are surprised by where it points.' Low-friction entry point for MDs who are not ready to call.
- A LinkedIn post on margin bleed: pin the first strong post Zander publishes on the Wakefield job type scenario - a job that looked solid at tender and came back short at the final account, with a specific read on where margin typically bleeds. This shows the lived expertise before anyone books a call.
- A direct booking link for a prospect call: caption: 'If you'd rather just talk through what's going on in your business, Monday and Thursday afternoons are set aside for that. No pitch. Book a slot below.' Removes friction for the MD who is already convinced but needs an easy next step.

### Checklist

1. **Headshot.** Use a recent photo where you are looking at the camera and visibly relaxed. A site or office background works well for this audience - it reads as real rather than studio-polished. Avoid anything that looks corporate or overly staged. Mike will make a decision on trust inside three seconds of seeing the photo.
2. **Custom URL.** Set this to linkedin.com/in/zander-demo or as close to that as available. A clean URL reinforces that the profile is professionally maintained and makes it easier to share in outreach messages and email footers.
3. **Company page.** Link the Profit Coach page in the experience section so it appears as a live company, not a dead entry. This adds legitimacy when a prospect clicks through after receiving a connection request.
4. **Contact info.** Open contact settings to at least second-degree connections. Add the practice email once it is set up, and the Profit Coach page URL as the website. MDs who want to check credentials before replying need to be able to reach the page without friction.
5. **Job titles.** Use LinkedIn's dropdown to select recognised job titles for each role - Operations Director, Contracts Manager, Project Engineer. Exact titles from the dropdown improve search visibility and make the career progression read clearly to anyone scanning the profile for sector credibility.

> **Discreet version available:** This profile is written for public visibility, as confirmed. If Zander's situation changes - a non-compete, a retained advisory role, or a reason to stay off the radar as a coach - a discreet version is available on request. It repositions him as an operator and sector adviser without using the word coach, while keeping the same proof and credibility anchors.

===== campaigns:messaging (60s, 8508 chars)
Every message leads with the same problem Mike cannot shake: the turnover is up, the lads have been flat out, and the final account still comes back short. Zander's Harlow & Pike proof is the hook that stops an M&E MD scrolling.

- **Core client:** MD or owner of an M&E, HVAC or electrical contracting firm, £2m to £12m turnover, 15 to 40 staff, West Yorkshire or East Midlands
- **Main desire:** Know at week four which jobs are making money and which are bleeding it, and stop being the first call for every site query
- **Proof used:** Grew the HVAC division at Harlow & Pike from £4.2m to £11.8m in five years by shifting from one-off installs to planned maintenance contracts and tightening job pricing
- **Proof type:** Career proof

### Campaign A: Connector

**Connection request**

```text
Hi {first_name}, I see you run a UK M&E or HVAC contracting business. Are you looking to know which jobs are making money before the final account lands? I ask because at Harlow & Pike I used a simple system to grow our HVAC division from £4.2m to £11.8m in 5 years by fixing job pricing and margin bleed. Is this of interest?
```

_Send with the connection request. 272 characters. Under the 275-character limit._

**Message 1**

```text
Hi {first_name}, thanks for connecting.

At Harlow & Pike I grew the HVAC division from £4.2m to £11.8m in five years. The way we did it was straightforward: shifted off one-off installs onto planned maintenance contracts, and got properly into job pricing so margin held through the growth.

But before any of that worked, we had to fix the same problem most M&E and HVAC firms have. The lads are busy, the turnover is climbing, and somehow the profit still isn't there at the end of the job. Nobody can tell you exactly where it went, and by the time the final account lands it's too late to do anything about it.

That's not bad luck. That's a pricing and tracking problem, and it'll repeat on every similar scheme until someone gets into the numbers early enough to catch it.

The PROFIT System I now use with contractors puts a weekly numbers rhythm in place so you can see which jobs are making money at week four, not month twelve. It also gets the retentions moving and starts shifting the site calls away from the MD.

I believe with the right system in place, your business can do the same.

Are you looking to know, in real time, which jobs are making money before the final account lands? Would you be interested in learning more?
```

_Send 30 minutes after connecting._

**Message 2**

```text
Hi {first_name}, just a quick one. Did my last message land with you? Happy to have a straightforward conversation about what it looks like in practice. No pitch, just a proper chat about the numbers.
```

_Send 1 day after Message 1._

**Message 3**

```text
Hi {first_name}, I get it. Your inbox is probably full of coaches promising transformation and talking about journeys. I'm not that. I spent fifteen years inside building services, finishing as Operations Director at Harlow & Pike. I know what a retention looks like, how a variation gets absorbed, and what happens when an MC squeezes the programme. It never hurts to have a conversation.
```

_Send 2 days after Message 2._

**Message 4**

```text
Hi {first_name}, I work with eight M&E and HVAC contractors at a time, so I have a proper slot opening up shortly. If the margin or cash flow picture in your business is something you're keeping an eye on, it's worth thirty minutes on a call. I'm free Mondays and Thursdays from 1pm. Want to pencil something in?
```

_Send 4 days after Message 3._

**Message 5**

```text
Hi {first_name}, last one from me. If the timing's not right, no bother at all. But if you're heading into the next busy period still wondering where the margin goes when the final account lands, that problem tends not to sort itself. The contractors I work with usually say the same thing: they knew what the issues were, they just needed someone specific and external to get into it with them and hold the pace. If that's ever where you land, you know where I am.
```

_Send 2 weeks after Message 4._

### Open InMail

**Open InMail**

```text
Hi {first_name},

I work with MDs in M&E and HVAC contracting firms across Yorkshire and the Midlands, and a few things come up in almost every business I speak to:

1️⃣ The lads have been flat out, turnover is up, and the final account still comes back short. Nobody can tell you exactly where the margin went.
2️⃣ The retentions are sitting there from jobs that closed twelve, eighteen months ago, and nobody's properly on top of chasing them.
3️⃣ The MD is still the first call for every site query, every materials sign-off, every decision the contracts manager should own.

I ask because at Harlow & Pike I used a simple system to take the HVAC division from £4.2m to £11.8m in five years. We fixed job pricing, got the margin visible early, and shifted the model onto planned maintenance contracts that gave us reliable recurring revenue.

I've built that approach into The Building Services PROFIT System, a weekly numbers rhythm that gives you sight of which jobs are making money at week four, gets the retention cash moving, and starts moving the operational calls away from the MD.

Most MDs in this sector are winning work and working harder than ever. The problem is the profit isn't following the turnover, and by the time the final account confirms it, there's nowt left to do about that job. The next one runs the same way.

If you're at that crossroads, where the business is growing but the take-home isn't moving with it, it's worth a conversation.

Interested?
```

_Use when the prospect is not connected and InMail is available. Works for cold outreach to MDs and owners in M&E, HVAC and electrical contracting. Keep the tone as is._

### Campaign B: Conversation into the BOSS Scorecard

**After connecting**

```text
Hi {first_name}, good to connect. Quick question while I've got you: are you focused on growing the business at the moment, or more on protecting what you've already built?
```

_Send within an hour of connecting. Keep it open. The answer tells you where they are._

**Insight**

```text
Good to know. In my experience working with M&E and HVAC contractors, every business has one area that's quietly capping everything else. Could be margin bleed on jobs, could be the MD being the bottleneck, could be retention cash sitting idle. The tricky bit is most owners are working on the symptom, not the constraint. And the two often look nothing alike.
```

_Send after they reply to the first message. Adapt the examples to whatever they mentioned._

**Scorecard offer**

```text
There's a three-minute scorecard I use with contractors called the BOSS Scorecard. It gives you a score out of 100 and shows you which area of the business is the actual ceiling right now, not the one that feels loudest on a Tuesday morning. Most MDs find it useful just to see it in one place. Worth a go?
```

_Send after the insight lands. Offer the scorecard as something useful, not a sales step._

**Leave the link**

```text
Here you go: {assessment_url}

Takes three minutes. No obligation on the back of it. If the results flag something worth talking through, I'm around Mondays and Thursdays from 1pm and happy to have a straight conversation about what it means for your business.
```

_Send after they say yes to the scorecard. No pressure, no pitch. Let the score do the work._

### Check before launch

| Check | Pass |
| --- | --- |
| 1. Under 275 characters | Yes. Connection request is 272 characters. |
| 2. Opens with 'Hi {first_name},' | Yes. |
| 3. Specific callout: names the industry | Yes. 'I see you run a UK M&E or HVAC contracting business.' |
| 4. Hook is a question tied to the main desire | Yes. 'Are you looking to know which jobs are making money before the final account lands?' |
| 5. 'I ask because' bridge present | Yes. 'I ask because at Harlow & Pike...' |
| 6. 'A simple system' phrase used | Yes. 'I used a simple system to grow our HVAC division...' |
| 7. Specific proof with numbers and a timeframe | Yes. £4.2m to £11.8m in 5 years at Harlow & Pike. Numbers are confirmed and ready. |
| 8. Mechanism tied to the hook | Yes. Job pricing and margin tracking tied to knowing where the profit goes. |
| 9. Owner's language used throughout | Yes. Jobs, final account, lads, retentions, margin, M&E, HVAC, MC. |
| 10. Closes with interest CTA: 'Is this of interest?' | Yes. |

===== conversations:followup (77s, 10907 chars)
Most replies are not a no. They are a pause. Your job is to ask one more question, earn the next two minutes, and move toward a call on a Monday or Thursday.

### When they reply

**They say: Yes, interested**

```text
Hi {first_name}, good to hear. Quick question before we go any further: is the margin picture the main thing on your mind right now, or is it more the cash flow side - retentions, applications, that kind of thing? Helps me make sure the conversation is worth your time. I'm free Mondays and Thursdays from 1pm if you want to keep it simple and just get on a call.
```

_Move straight to a call. Do not pitch the system yet. One question, two named days._

**They say: What is it exactly?**

```text
Hi {first_name}, fair question. In short: I work with MDs in M&E and HVAC contracting firms who are winning work but can't explain why the profit isn't following. I get into the job costing and pricing from week one - not a review that lands on your desk, but a weekly numbers rhythm that tells you at week four whether a job is making or losing money. I also get the retentions moving and start shifting the operational calls away from the MD. I carry eight clients at a time and I work hybrid, so some of it is on site with you. Worth thirty minutes on a call to see if it fits? I'm free Mondays and Thursdays from 1pm.
```

_Name the mechanism clearly. Do not oversell. End with a specific call offer._

**They say: How much is it?**

```text
Hi {first_name}, I'll be straight with you. Contractors who want the full weekly rhythm - job costing, margin tracking, retentions, getting the MD out of the middle - invest up to £50,000 a year with me. But you can start for under £2,000 a month. Most find that one recovered retention or one job that doesn't bleed margin covers the first few months. The honest answer is the fee depends on where your business is and what you need. Worth a proper conversation before either of us decides anything. I'm free Mondays and Thursdays from 1pm - want to pencil something in?
```

_Use the anchor script. State the range honestly, then redirect to a call. Never apologise for the fee._

**They say: Not right now**

```text
Hi {first_name}, no bother at all. If the timing's off, it's off. One thing I will say: the margin and retention problems don't tend to sort themselves in the gap. If anything they compound. If that changes and you want a straight conversation about what's happening in the business, you know where I am. I'll drop you something useful every few weeks in the meantime - no pitch, just things that might be worth a look.
```

_Do not push. Confirm the nurture sequence starts here. Check in at 90 days._

**They say: We are doing fine**

```text
Hi {first_name}, that's good to hear. Most MDs I speak to who say that are doing fine on turnover - it's usually the margin or the take-home where the gap shows up when you look properly. Not assuming that's you. But if you ever want to run the numbers past someone who's been inside the same type of business, I'm here. No obligation.
```

_Do not argue. Plant one seed and leave the door open. Neutral is not a no._

**They say: Who are you?**

```text
Hi {first_name}, fair enough - I should have led with this. I spent fifteen years in building services, finishing as Operations Director at Harlow & Pike. I grew the HVAC division from £4.2m to £11.8m in five years by fixing job pricing, shifting the model onto planned maintenance contracts, and getting the numbers visible early. I now work with MDs in M&E, HVAC and electrical contracting who are winning work but can't explain where the margin's going. Eight clients at a time. I get into the numbers from week one. Does that make more sense?
```

_Lead with proof, not job title. Keep it short. End with a question to reopen the conversation._

**They say: [neutral one-liner, e.g. 'Interesting' or 'Tell me more']**

```text
Hi {first_name}, glad it landed. Let me ask you something straightforward: is there a job on the board right now where you're not sure what you're actually going to make on it? Because that's usually the place to start. If yes, it's worth a quick call. I'm free Mondays and Thursdays from 1pm.
```

_Treat neutral as mild interest. Ask one specific question tied to the main pain. Do not send a brochure._

**They say: Send me some info**

```text
Hi {first_name}, I can do that. Before I send anything, it's worth knowing which bit is most relevant - is it more the margin and job costing side, the retention cash, or getting yourself out of the operational middle? That way I can point you at the right thing rather than sending a document that doesn't fit. Two minutes on a call would be even quicker - I'm free Mondays and Thursdays from 1pm if that's easier.
```

_Do not fire off a PDF. Ask a qualifying question first. Gently redirect toward a call._

### Avoid

- Sending a long explanation of the system before they have asked for one.
- Apologising for the fee or hedging before they have pushed back on it.
- Treating a neutral reply as a no and closing the conversation.
- Asking two questions in one message. One question, then wait.
- Using coaching language. Say jobs, margin, retentions. Not journey, framework, transformation.
- Pitching the system before you understand which problem is live for them right now.
- Sending a PDF or a brochure when they say 'send me some info'. Ask what they need first.
- Following up the same day twice. Give it space.

### VIP nurture: top 100

> **Who goes on the top 100 list:** MDs and owners of M&E, HVAC or electrical contracting firms turning over £2m to £12m, based in West Yorkshire or the East Midlands, who have engaged with your content, replied to a message, or shown up in your network through a shared connection or event. Include anyone who said 'not right now' with a reason that was timing, not disinterest. Send something useful every two weeks. No pitch. Each message gives away one tool, shows you understand their world, and ends with one small next step.

**VIP nurture 1: Profit Maximiser**

```text
Hi {first_name}, {personalisation}.

One of the quickest ways I've seen contractors claw back margin isn't winning more work - it's cutting what leaks out on the jobs they're already doing.

This tool shows it in black and white. At a 10% net margin, an 11% cut in job costs doubles your profit. Most MDs in contracting don't realise how little margin they need to protect to move the number significantly.

The Profit Maximiser table:
1️⃣ Shows exactly how expense cuts at your current margin change net profit - no guesswork, just the maths.
2️⃣ Helps you see which costs are worth going after first and which ones won't shift the dial.
3️⃣ Takes ten minutes to run through and usually flags one or two things worth acting on straight away.

[link]

Have a look and let me know if anything jumps out. Happy to run through it with you on a call if it does.
```

_Send as message 1 in the VIP nurture sequence. Follow up three to four days later with the five-step expense review question: 'Does this cost help me get or keep a customer?' Personalise the opening line with something specific - a post they made, a job sector they mentioned, a firm they're connected to._

**VIP nurture 2: Cashflow Forecaster**

```text
Hi {first_name}, {personalisation}.

In contracting, the saying goes: revenue is vanity, profit is sanity, cash is king. Most MDs I speak to know the truth of that the hard way - usually when a VAT bill lands in the same month as three retentions sitting unpaid.

This tool helps you see the cash position coming before it arrives at your door.

The Cashflow Forecaster:
1️⃣ Maps out cash in and out over the next 90 days so you can see a tight month before it becomes a crisis.
2️⃣ Flags where the retention holdbacks sit in the forecast so you can see what's coming back and when.
3️⃣ Gives you something concrete to show the bank or your accountant if you need to have that conversation early.

[link]

If retentions are part of the picture in your business right now, I've also got a five-method cash maximiser that's specific to contracting - happy to share that too if useful.
```

_Send as message 2, roughly two weeks after message 1. Follow up a few days later with an offer to share the Cashflow Maximiser (five methods, more than 25 tactics). Reference retentions specifically - this is the sharpest pain for most contractors on this list._

**VIP nurture 3: Time Value Tracker**

```text
Hi {first_name}, {personalisation}.

One of the most common things I hear from MDs in contracting is that they're busy all day and still not sure they're working on the right things. The lads are sorted, the client's been managed, the tender's been looked at - and somehow the afternoon has gone.

This tool gives you a honest look at where your time is actually going.

The Time Value Tracker:
1️⃣ Sorts your week into £10, £100 and £1,000 jobs - so you can see at a glance which ones only you should be touching.
2️⃣ Shows you where you're spending MD time on work that a contracts manager or office staff could handle, which is usually where the owner-dependency problem hides.
3️⃣ Takes about fifteen minutes to fill in and most MDs find it uncomfortable in the right way.

[link]

If the result is what I usually see - too much time in the £10 column - it's worth a conversation about how to shift that. I'm free Mondays and Thursdays from 1pm.
```

_Send as message 3, roughly two weeks after message 2. This one targets owner dependency directly - the second sharpest pain after margin bleed. End with a soft call offer. Do not push._

### Nurture rhythm

- **Week 2:** Send the Profit Maximiser. First VIP nurture message. Give away the tool. No pitch. End with one open question about whether anything jumps out for their business.
- **Week 3:** Follow up on the Profit Maximiser. Send the five-step expense review. Ask: 'Does this cost help me get or keep a customer?' Keep it to two or three lines. No sell.
- **Week 5:** Send the Cashflow Forecaster. Second VIP nurture message. Reference retentions specifically if they came up earlier. Offer the Cashflow Maximiser as a follow-on.
- **Week 7:** Share a post or a quick observation. Something from your LinkedIn or a short note about something you have seen in contracting recently. Not a tool. Just a human touch to keep the conversation warm. Two or three lines maximum.
- **Week 8:** Send the Time Value Tracker. Third VIP nurture message. Connects directly to owner dependency. Soft call offer at the end - Mondays and Thursdays from 1pm.
- **Day 90:** Check-in message. Short and direct. 'Hi {first_name}, it's been a few months since we spoke. Has anything shifted in the business - margin, retentions, or just the general picture? Happy to have a straight conversation if the timing is better now.' One question. Nothing more.

===== offer:direction (41s, 5529 chars)
I help MDs in M&E and HVAC contracting get real visibility on where the margin is going and get out of the operational middle, without spending months explaining how the industry works, using a weekly numbers rhythm built around job costing, retentions, and pricing.

### The gap

| Today | What they want |
| --- | --- |
| Final accounts landing £40k to £80k short with no clear explanation | Know at week four whether a job is making or losing money, when there is still time to act |
| Retentions sitting unpaid for months, some written off entirely, nobody accountable | One person responsible for every holdback, on a set schedule, with the cash moving |
| MD fielding every site call, signing off every decision, working holidays that never happen | Contracts manager and site team making their own calls, MD stepping in only when it genuinely needs him |
| Management accounts arriving six weeks late, decisions made on gut feel | A weekly numbers rhythm showing what is happening now, not what happened last month |

### Why they will buy

- Know-how: Mike suspects most coaches have never stood on a live site. Zander spent fifteen years in building services, finishing as Operations Director. He already knows what a retention looks like, how a variation gets absorbed, and what happens when an MC squeezes the programme. There is no warm-up period.
- Speed: Zander gets into job reviews and pricing discussions from week one. Mike does not spend the first three months explaining how contracting works. The weekly rhythm starts immediately and early warning replaces late surprises.
- Ease: The rhythm is built around how M&E contracting actually runs, job costing, applications, retentions, final accounts. Mike recognises it immediately. There is no generic framework to adapt or a consultant's report to file and forget.
- Fit: This is not a coach who works across every sector. Zander only takes eight clients. Mike is the exact person he built this for: MD of a contracting firm, winning work, not banking what he expected, and tired of being the bottleneck.

### Key messages

1. You are winning work. The lads are busy. The revenue is up. So why is the profit not following? Margin bleed in contracting is almost never bad luck. It is a job costing and tracking problem, and it repeats on every similar scheme until someone gets into the numbers and fixes the root cause.
2. The phone goes and you answer it. That is not a personnel problem, it is a structural one. Until there is a clear rhythm of accountability below you, the calls will keep coming through to you, including on the days you are supposed to be off.
3. Retention money is not a bonus. It is earned revenue sitting idle, sometimes for eighteen months, sometimes written off entirely because nobody with clear accountability was chasing it. In a tight month that gap is the difference between comfortable and scrambling.
4. Six-week-old management accounts tell you what already happened. By the time the numbers land, you cannot change anything. A weekly rhythm built around live job data gives you sight of a problem in time to do something about it.
5. The Wakefield job, the Sheffield job, the one before that. If you cannot explain where the margin went, the same thing will happen on the next job. The answer is not more hours. It is a pricing and tracking process that holds margin from tender to final account.

### The offer

- **Name:** The Contractor's Profit Rhythm
- **Promise:** Real visibility on job margin, unpaid retentions moving, and the MD out of the operational middle, within the first ninety days.
- **Who it is for:** MDs and owners of M&E, HVAC and electrical contracting firms turning over £2m to £12m. Founder-led or family businesses where the owner is still the bottleneck. Not start-ups. Not anyone under £1m. Not anyone who wants a report and no follow-through.
- **What is included:** Weeks one to four: Zander sits in on job reviews and pricing discussions, diagnoses where margin is bleeding, and sets the baseline numbers rhythm. From week five: two 90-minute sessions a month, focused on job costing, retentions tracking, team accountability and pricing. Zander stays close to the live operation, not just the strategy. Hybrid delivery so there is real site-level context where it is useful.
- **Format:** Weekly sessions for the first four to six weeks, then two 90-minute sessions a month on Tuesdays or Wednesdays. Eight clients maximum. Hybrid.
- **Price options:** £1,950 per month rolling. Six months upfront available at a reduced rate. Price rises by £500 every two to four clients as capacity fills. Prospect calls on Mondays and Thursdays from 1pm.

### Why you

- Grew the HVAC division at Harlow & Pike from £4.2m to £11.8m in five years by shifting from one-off installs to planned maintenance contracts and holding margin through disciplined job pricing.
- Spent fifteen years in building services: Project Engineer at Northern M&E, Contracts Manager and then Operations Director at Harlow & Pike Building Services.
- Has lived through margin bleed, retentions sitting unpaid, and an MD who is the bottleneck for everything. Not reading it from a textbook.
- Carries a maximum of eight clients. Gets properly into the numbers from week one, not jumping on a call once a fortnight and calling it coaching.
- No onboarding period. Knows what a retention looks like, how a variation gets priced, and what it costs when an MC squeezes the programme. Clients in this sector recognise it immediately.

===== offer:payment (38s, 4666 chars)
The fee is not a cost. It is what staying in the same position for another year actually costs Mike. Frame it that way from the first conversation.

| Option | Investment | Best for |
| --- | --- | --- |
| Monthly rolling | £1,950 per month | MDs who want to start, see results in the first 90 days, and build trust before committing further |
| Six months upfront (single payment) | £10,200 | MDs who are ready to commit and want one clean decision with no monthly admin |
| Six months upfront (two instalments) | £5,400 now, £5,400 at month three | MDs who want the certainty of a fixed programme but prefer to split the outlay across the period |
| Six months upfront (50% now, then monthly) | £5,100 now, then £1,950 per month to month six | MDs who want to lock in the engagement but keep some cash flexibility in the early months |

### If they ask the price early

**Price anchor script**

```text
The MDs I work with invest up to £50,000 a year when they're deep into it. But you can get started for £1,950 a month. What it actually costs depends on where you are and what we're trying to fix. I'm on prospect calls Monday and Thursday afternoons - I could do a call Monday at one or Thursday at one and we'd know inside twenty minutes whether it makes sense. Which suits you better?
```

_Use this any time price comes up before you have had a proper conversation. It anchors high, brings it back down to a credible entry point, and moves straight to booking the call. Do not elaborate on the pricing structure until you are on the decision call._

### At the end of the call

**Either-or close**

```text
Right, based on what you've told me, the starting point is getting a weekly numbers rhythm in place around the job costing and the retentions - that's where the early wins are. Most MDs I work with start on the monthly rolling at £1,950, keeps it clean. Some prefer to put six months in upfront and get it done. Which suits you better?
```

_Ask this after you have agreed the problem and the plan. Two options only. Do not offer all four at once. If they want time to think, give them a specific follow-up: 'I'll send you a one-pager today. Can we speak Thursday at one to confirm?'_

### Proposal outline

1. **Where you are now.** One short paragraph reflecting what Mike told you on the call. Name the specific jobs, the retention figure, the hours, the number that shocked him. This section should feel like you were listening, not like a template. If he mentioned the Wakefield job, it goes here.
2. **What it is costing.** Put a number on the problem where you can. Margin bleeding on two or three jobs a year at £20k to £60k a time. Retentions sitting unpaid. Hours spent on calls that should sit below him. Make the cost of doing nothing visible.
3. **What we are going to do.** The Contractor's Profit Rhythm. Weeks one to four: Zander sits in on job reviews and pricing discussions, sets the baseline numbers rhythm, identifies where the margin is going. From week five: two 90-minute sessions a month on Tuesdays or Wednesdays, focused on job costing, retentions, team accountability and pricing. Hybrid. Eight clients maximum.
4. **What you can expect in the first 90 days.** Real-time visibility on which jobs are making money and which are not. At least one retention moving that was sitting idle. A clear picture of where margin bled on the last three jobs and a pricing process to stop it repeating. The contracts manager handling a defined set of decisions without it coming back to Mike.
5. **Why this works.** Grew the HVAC division at Harlow & Pike from £4.2m to £11.8m in five years by fixing the same problems: job pricing, margin bleed, and owner dependency. Fifteen years in building services. Gets into the numbers from week one. No onboarding period, no warm-up. Eight clients at a time.
6. **Your investment and next step.** Monthly rolling at £1,950 per month, or six months upfront. Present the two options you discussed on the call. Include a single clear next step: a link to pay or a date to confirm. Keep this paragraph short.

### Raising your price

Start at £1,950 per month and raise by £500 every two to four clients as capacity fills. At four clients, move to £2,450. At six, move to £2,950. At eight, you are full. New clients at that point join a waiting list or pay the current rate, whichever you set. If a client who started at £1,950 is getting strong results and renews, you can hold their rate or move them up at renewal - your call. The principle is simple: as the spaces fill, the price goes up. That is not a sales tactic, it is true. Say it plainly on the call and it lands as honest, not pressured.

===== sales:value (72s, 10279 chars)
Zander's value session is called the Margin Clarity Call. In 30 minutes, an MD walks away knowing exactly where their biggest profit leak is sitting right now and what to do about it this week.

- **Name:** The Margin Clarity Call
- **Length:** 30 minutes, no charge
- **Who it is for:** MDs and owners of M&E, HVAC or electrical contracting firms turning over £2m to £12m who are winning work but not banking what they expected
- **What they get:** A straight look at where margin is bleeding, whether retentions are sitting idle, and whether the MD is the bottleneck. Zander scores each area and gives two or three things the owner can act on immediately.
- **The promise:** You will leave knowing which problem is costing you most right now and what to do first. No pitch, no fluff, no catch.

### The questions

| Area | Question | Red looks like | Green looks like |
| --- | --- | --- | --- |
| Job margin visibility | When a job is running, at what point do you know whether it's making money? | Finding out at the final account. Numbers are weeks behind or tracked in a spreadsheet nobody updates. | Weekly job cost reports against budget. The MD can name the margin on any live scheme without opening a file. |
| Pricing process | When you put a price in, how do you check the margin is actually in there before you submit? | Pricing done under time pressure, gut feel on labour rates, variations absorbed without being repriced. | A consistent pricing template that reflects actual job costs. Margin is agreed before the tender goes out, not hoped for at FA. |
| Retentions | Right now, how much retention money is sitting out there, and who is accountable for chasing every one of them? | No clear number known. Retentions chased when someone remembers. Some written off. No named owner. | A live retentions register with a named person, a chase schedule, and a target date for every holdback. |
| Final account process | On your last three jobs, were you able to explain the margin at final account stage to within ten per cent of your original estimate? | Gaps of £30k to £80k with no clear explanation. Variations absorbed, materials overruns untracked. | Final account closes within ten per cent of tender estimate. The gap, if there is one, can be explained line by line. |
| Owner dependency | If you switched your phone off for a week tomorrow, what would not get decided? | Pricing sign-off, programme queries, subbie issues, client calls. Everything routes through the MD. | Contracts manager and site supervisors handle day-to-day. MD steps in for commercial decisions above a set threshold. |
| Management information | How often do you look at live numbers for the business, and how old is the data when you see it? | Monthly management accounts arriving six weeks late. Decisions made on gut feel. Bad months arrive as surprises. | A weekly numbers rhythm. Key figures available by Monday morning. Problems visible in time to act. |
| Cash flow and applications | Are your applications going in on time every month, and is someone tracking what's been paid and what's overdue? | Apps submitted late or inconsistently. No clear picture of what's outstanding. Cash position a surprise each month. | Apps submitted on the correct date every period. Overdue payments tracked and chased within a set cycle. |
| Team accountability | Who is accountable for hitting the margin target on each live job, and how often do you review it with them? | Accountability sits with the MD by default. No regular job reviews. Issues surface at FA, too late to fix. | Each job has a named contracts manager accountable for margin. Weekly or fortnightly job review in the diary. |
| Business risk concentration | If your most experienced engineer or supervisor handed in their notice tomorrow, what would stop working? | Key knowledge held in one or two people. No documented processes. A resignation would create an immediate crisis. | Processes documented and understood by at least two people. The business keeps running if anyone leaves. |

### Your opening questions

1. Right now, what's the biggest thing stopping the business from being where you want it to be? Could be a job that's not earning what it should, retentions piling up, you being in the middle of everything - wherever it's biting hardest.
2. Say we're talking again in twelve months. What would need to have changed for you to look back and say that was a good year - in the business and for yourself?
3. Why does sorting this matter to you beyond the numbers? What does it actually mean if you get it right?
4. What have you already tried to fix it, and how did that go?

### The magic question

**Magic question and bridge into the offer**

```text
Based on what you've told me, would it be useful if I showed you exactly how I help contractors fix this - and how fast it typically moves?

[Wait for yes.]

Right. Here's how I work with MDs in your position.

First, I get into the live operation with you. Job reviews, pricing discussions, a look at what's sitting in retentions. Not a consultant's report six weeks later - I want to see the numbers as they are right now, in the first few weeks, so we know exactly where the margin is going. That's the bit you told me is killing you on jobs like [name the job they mentioned].

Second, we build a weekly rhythm around how contracting actually works - job costing, applications, retentions, final accounts. By week four or five you're not finding out at FA that a job's gone wrong. You're seeing it at week four when you can still do something about it. That's how you get to where you said you want to be: knowing the number before it's too late to act.

Third, we get you out of the middle. Not by hoping Dave steps up, but by putting a clear structure in place so the calls stop routing through you by default. That's the bit that gets you the week off without the phone going - which you said matters as much as anything.

Does that sound like the kind of support that would make a real difference?
```

_Use after the aha moment in the audit. Reflect back the specific job, challenge or phrase the MD used. Pause after the magic question and wait. Do not fill the silence._

### The launch kit

**Launch email**

```text
Subject: Where did the margin go on that job?

Hi [first name],

If you're running an M&E or HVAC firm, this might sound familiar.

The lads are flat out. Revenue is up. And then the final account lands and the number's nothing like what you expected. You look at it, open a spreadsheet, close it again, and tell yourself you'll go through it properly at the weekend.

That's not bad luck. That's a job costing and tracking problem, and it'll repeat on the next scheme unless someone gets into the numbers and finds the root cause.

I've put together a free 30-minute session called the Margin Clarity Call. Here's what we cover:

- Where your margin is bleeding right now - job costing, pricing, or both
- Whether your retentions are being chased or just sitting there
- Whether you're the bottleneck, and what's keeping you there

You'll leave with two or three specific things you can act on this week. No pitch. No fluff. No catch.

I spent fifteen years in building services, the last few as Operations Director at Harlow & Pike, where we grew the HVAC division from £4.2m to £11.8m. The problems I look at on these calls are the same ones I fixed there.

Five slots a month. If one's useful, grab it here: [booking link]

Zander
```

_Send to warm contacts and LinkedIn connections in M&E, HVAC and electrical contracting. Works as a direct email or a LinkedIn message to someone who has already engaged with your content._

**Nudge email**

```text
Subject: Just bubbling this back up

Hi [first name],

I sent this across a few days ago and wanted to make sure it didn't get buried.

Five free slots a month for a 30-minute Margin Clarity Call. If you're winning work but the profit's not following, it's worth half an hour.

[booking link]

Zander
```

_Send three to five days after the launch email if no response. Keep it short. No re-explaining._

**LinkedIn DM invite**

```text
Hi [first name], I work with MDs in M&E and HVAC contracting on the bit that keeps most of them up at night - winning work but not knowing where the margin's going. I've got a free 30-minute session that looks at exactly that. Want the link?
```

_Send after connecting or after a prospect has engaged with a post. Keep it to two or three lines. The question at the end does the work._

**LinkedIn DM nudge**

```text
Just checking this didn't get lost - happy to send the link if it's useful.
```

_Send three to four days after the invite DM if no reply. One line only._

**LinkedIn Featured section description**

```text
Free 30-minute Margin Clarity Call for MDs in M&E and HVAC contracting. We look at where your margin is going, what's sitting unpaid in retentions, and whether you're the bottleneck. You leave with two or three things to act on this week. Five slots a month.
```

_Pin this under Featured on your LinkedIn profile. Links directly to the booking page._

**Calendar page description**

```text
The Margin Clarity Call is a free 30-minute session for MDs and owners of M&E, HVAC and electrical contracting firms. We look at where your margin is going, whether your retentions are moving, and whether you're stuck in the middle of decisions others should be making. You leave with two or three specific things to act on. No pitch, no catch. Five slots a month - book the one that suits you.
```

_Paste this into the description field of your booking calendar page. Plain text, no formatting needed._

### If they say not now

No pressure and no objection handling. Tell them the important thing is they have got clarity on where to start, and that you hope the call was useful. If it feels right, offer to check back in two weeks. Send a short note within 24 hours: two or three lines recapping the main problem they named, the one thing you suggested they act on first, and a standing offer to pick it up when the timing is better. Keep the door open. MDs in contracting often need a final account to land short before they are ready to move. When that happens, you want to be the first person they think of.

===== sales:script (79s, 10578 chars)
This script takes Mike from curious to committed, in his language, using his numbers, without a single minute of generic coaching pitch.

### Opening

**Opening statement**

```text
Right, Mike, good to speak to you. I've got us down for about an hour today. The way I like to run this is straightforward: I want to understand exactly where you're at with the business, what's eating at you, and what you're actually trying to get to. Then I'll be straight with you about whether what I do is likely to make a difference for you, and how. No fluff, no hard sell. If it's a fit, we'll both know by the end of the call. If it's not, I'll tell you that too. Sound fair?

So, before we get into the detail - what was it that made you agree to get on the call today? What's the thing that's sitting at the top of your mind right now?
```

_Let Mike talk. Do not interrupt. The answer tells you which pain is sharpest and which proof to lead with later._

### Questions that find the gap

1. Take me through the business as it stands - turnover, rough team size, what type of work you're mainly winning at the moment.
2. When a final account comes back short, what does that conversation look like? Do you know at that point where the margin went, or is it still unclear?
3. Walk me through what happens on a typical job from tender to final account. Where does the tracking sit, and who's actually watching the numbers as the job runs?
4. Your retention money - what's sitting out there right now, and what's the process for getting it in?
5. If your phone went silent for a week, how much of the day-to-day would still happen without you? What would stop?
6. What did you take home last year versus what you put in? Are those two numbers going in the same direction?
7. What have you tried to fix this so far - whether that's systems, people, outside help? What happened?
8. If we're talking in twelve months and it's been a decent year, what would have changed? What does that actually look like in the business and for you personally?
9. What's the cost of leaving this where it is for another twelve months - in money, in hours, in what it does to you?
10. What would need to be true for you to feel confident enough to move forward with something like this?

> **Listening rule:** After question 2, 6 and 9, say nothing. The pause is doing the work. Mike will fill it, and what he says next is usually the real answer.

### Transition

**Transition into the game plan**

```text
Right, that's really useful. Let me reflect back what I'm hearing, and you tell me if I've got it right.

You're winning work, the lads are busy, turnover's going up. But the margin isn't following - jobs that should have been decent earners are coming back short, and you're not always sure why. The phone's still going through you for things that shouldn't need you. And there's retention money out there that nobody's properly on top of.

Meanwhile the management accounts are telling you what happened six weeks ago, not what's happening now. And at some point you worked out what you took home against the hours you put in, and it didn't add up.

Have I got that about right?

[Wait for Mike to confirm or correct. Adjust the next section to reflect what he adds.]

Okay. Let me show you how I'd approach this specifically for your business.
```

_Use Mike's exact words wherever possible. If he said 'the Wakefield job' or 'Dave keeps ringing me', repeat those back. It shows you listened._

### The game plan

1. **Step 1: Get into the numbers - weeks one to four.** The first thing I do is sit in on your job reviews and pricing discussions. Not to observe and write a report - to actually get into the numbers with you. We look at where the margin is going job by job: is it the pricing at tender stage, is it variations getting absorbed, is it materials overruns that nobody's flagging until the FA? I've seen all three, usually some combination. At the same time we build out a retentions tracker. Every holdback, who owes it, when it's due, who's accountable for chasing it. That money is already earned. We just need someone on it.

Check-in: From what you've told me about the Wakefield job and the numbers landing late - does that feel like the right place to start?
2. **Step 2: Build the weekly rhythm - from week five.** Once we know where the bleeding is, we build a rhythm that gives you early warning rather than late surprises. A weekly numbers review built around live job data: applications submitted, margin position on each scheme, retentions outstanding, any variations at risk. The point is that by week four on a job you can see whether it's making money or heading south - while there's still time to do something about it. That's two 90-minute sessions a month with me, and a structure that your contracts manager can run week to week without it coming back through you every time.

Check-in: You mentioned Dave's good but still rings you for things he should be handling. Does building that rhythm around him rather than you sound like it would shift that?
3. **Step 3: Get you out of the operational middle.** The third piece is structural. Right now the business runs through you because the accountability sits with you by default. We change that by making it explicit: who owns what, what decisions sit below you, what the escalation looks like when something genuinely needs the MD. That is not a culture conversation or a values exercise. It is a clear ops structure that gives your contracts manager and site supervisors enough certainty to act without ringing you first. The goal is that you take a proper week off and the phone stays quiet - not because people are guessing, but because they know.

Check-in: You said you had four days off in July and the phone didn't stop. What would it mean to you personally if that changed in the next twelve months?

### Results and proof

I grew the HVAC division at Harlow & Pike from £4.2m to £11.8m in five years. The way we did it was by moving the business off one-off installs and onto planned maintenance contracts, and by getting the job pricing and tracking tight enough that margin held through the growth. The same three problems you're describing - margin bleed, retention cash sitting idle, the MD stuck in the middle - were the ones we fixed there. I was the Operations Director. That's not a case study I've read. That is the job I was doing. The reason I work with eight clients at a time and get into the numbers from week one is that I know what happens when those problems are left to run. I've seen what it costs.

### Price and close

**Price and close statement**

```text
Based on everything you've told me - the margin coming back short on jobs like Wakefield, the retention money sitting out there, Dave still ringing you when you're supposed to be off - here's how I'd work with you.

The engagement is called the Contractor's Profit Rhythm. The first four weeks I'm in the business with you: job reviews, pricing discussions, retentions tracker set up from scratch. From week five it moves to two 90-minute sessions a month, built around a live numbers rhythm your team can run without it going through you each time.

The fee is £1,950 a month on a rolling basis. You can also take six months upfront if you want to lock in the rate before it moves - I put the price up every couple of clients as the eight spaces fill.

To put that in context: one retention recovered, or one job that doesn't bleed margin because we caught it at week four, typically covers the first three months. The cost of leaving this where it is for another twelve months is harder to put a number on, but you're already feeling it.

I have got [X] spaces left right now. If this sounds like the right fit, the next step is straightforward: I'll send you a short summary of what the first four weeks look like, and we book the first session. No lengthy onboarding, no homework before we start. We get into it.

Does that feel like the right move for you?
```

_Slow down on the price. Say the number clearly and then stop. Do not fill the silence. Let Mike respond before you say anything else._

### Objections

| They say | You say |
| --- | --- |
| £1,950 a month is a lot. I need to be able to justify that. | Aye, it's a real number and I'd expect you to look at it properly. Let me ask you this: what did the Wakefield job cost you on the final account versus what you expected? One job that doesn't bleed margin, or one retention that comes in because someone's properly on it, typically covers the first three months. The fee isn't the cost of trying it. It's the cost of leaving the problem running for another year. |
| I need a bit of time to think it over. | That's fair. What is it you want to think through? If it's whether the approach is right, I'd rather answer that now while we're talking than leave you with it. If it's the money, same thing. What's the bit that's sitting with you? |
| I'd need to run it past my wife / partner / finance director first. | Of course. Is there anything they're likely to push back on that I can help you answer? And would it be useful to have a short summary of what's included and what the expected return looks like, so you're not having that conversation from memory? |
| The timing's not great. We've got a big scheme starting and I'm flat out. | I hear that. But here's the thing - a big scheme starting is exactly when the margin tracking and the weekly rhythm matter most. That's when the bleed happens, when the variations get absorbed and the applications slip. If there's ever a right time to get this in place, it's before the scheme is halfway through, not after the FA comes back short. |
| I've been burned before. A consultant came in, wrote a report, and nothing changed. | That's the most common thing I hear, and it's a fair concern. The difference is I don't do a report and leave. I'm in the weekly rhythm with you: job costing, retentions, pricing discussions. The accountability is built into how we work together, not left as an action point on a slide. If it helps, ask me what happens in week one. It's not a discovery session. We're already in the numbers. |

> **If Mike says no for now:** Don't push. Say: 'No problem at all. The most important thing is you've got a clearer picture of where to focus. I'll send you a short note with the two or three things we talked about today. If it's useful, I can check back in with you in a few weeks.' Then send a one-page summary the same day and follow up once, briefly, at the two-week mark.

===== content:posts (45s, 5824 chars)
Zander's content angle is one line: you're winning the work, so where is the profit going? Every post earns trust with M&E and HVAC owners by proving he has lived the problem before he ever mentions a solution.

### Content pillars

| Pillar | What it covers | Example hook |
| --- | --- | --- |
| Margin visibility | Job costing, pricing at tender, variations absorbed, final accounts landing short | 'The Wakefield job looked solid at tender. The FA came back with barely owt left. That's not bad luck. That's a tracking problem.' |
| Owner dependency | MD as bottleneck, site calls that shouldn't reach the top, holidays that never happen, the structural fix | 'Dave's a good contracts manager. But the phone still goes to me. That's not a Dave problem. That's a structure problem.' |
| Cash and retentions | Holdbacks sitting unpaid for months, nobody accountable, the difference it makes in a tight month | 'There's retention money out there from jobs that closed over a year ago. In a lean month, that's the gap between comfortable and scrambling.' |
| Career proof and the numbers rhythm | Harlow & Pike growth story, the shift from one-off installs to planned maintenance, the weekly rhythm that replaced late surprises | 'We grew the HVAC division from £4.2m to £11.8m in five years. Most of that came down to fixing how we priced, tracked and chased. Same problems, different firm name.' |

### Twelve post ideas

1. The Harlow & Pike story: how the HVAC division went from £4.2m to £11.8m and what actually drove it.
2. Why your management accounts arriving six weeks late are worse than useless.
3. The three places margin bleeds in a contracting job before the FA even lands.
4. What a retention schedule looks like when someone is actually accountable for it.
5. The difference between a contracts manager who reports to you and one who genuinely runs the job.
6. Why moving from one-off installs to planned maintenance changes everything about your cash position.
7. Five signs your pricing process is locking in a loss before the job starts.
8. What I looked at in week one at Harlow & Pike and why the numbers told a different story to the MD's gut feel.
9. The phone call you should not be taking at 7am on a Wednesday.
10. How one unpaid retention from eighteen months ago signals a process problem that is costing you every month.
11. Why busy summers produce flat year-end take-home, and what to do about it.
12. Question post: how many weeks could your business run properly if you were not available? Tell me honestly.

### Ready to post

**Proof story**

```text
When I took over the HVAC division at Harlow & Pike, the revenue was £4.2m. Five years later it was £11.8m.

People ask what changed. It wasn't the size of the team or the type of jobs we were going after. It was two things.

First, we shifted the model. One-off installs are lumpy, hard to price, and you're always starting from zero. Planned maintenance contracts gave us predictable revenue and a cash position we could actually plan around. That change alone steadied the whole operation.

Second, we got into the numbers properly. Not six-week-old management accounts. A weekly rhythm built around live job data: what we'd quoted, what we'd spent, where the variations sat, what retentions were outstanding. We could see a problem coming before it became a crisis.

Most M&E firms I talk to are doing neither of these things. The jobs are there, the lads are busy, the revenue is going up. But the final accounts keep coming back short and nobody can quite explain why.

That's not bad luck. That's a costing and tracking problem, and it repeats on every similar scheme until someone gets into the numbers and fixes the root cause.

If your margins are not following your revenue, I'd be happy to have a straight conversation about why. Drop me a message or take the BOSS Scorecard - link in my profile.
```

_Post on a Tuesday or Wednesday morning. Works best as a standalone post with no image. The number does the credibility work._

**The 3am thought**

```text
It's 3am and you're wide awake running through the Wakefield job again.

The lads were flat out all summer. No major dramas on site. Variations got submitted. And then the final account came back and there was barely owt left. You've looked at it three times and you still can't put your finger on where it went.

Was it the second fix? Did the materials run over? Did the MC absorb the vars and nobody pushed back hard enough?

You don't know. And that's the bit that really gets you. You've been doing this long enough. You should know.

Here's what I've seen in contracting, from the inside: the margin rarely disappears all at once. It bleeds. A bit at quote stage because the pricing doesn't reflect current costs. A bit mid-job because the variations aren't tracked tightly. A bit at the end because nobody's on the final account until it lands.

The fix isn't more hours going through spreadsheets on a Sunday. It's a weekly rhythm that shows you where each job sits while there's still time to do something about it.

If that 3am feeling is familiar, the BOSS Scorecard takes three minutes and tells you where the ceiling is in your business. Link in my profile.
```

_Post on a Monday morning, when the week ahead feeling is sharpest. Keep the tone exactly as written - no tidying up, no softening._

> **Posting rhythm:** Four posts a month is enough to build a consistent presence without it becoming another thing on the plate. Aim for one proof story, one pain post, one practical insight, and one question or opinion piece. Tuesday and Wednesday mornings get the most traction with MDs - post when they are at their desks, not on a Friday afternoon. Write the month's posts in one sitting on a Thursday morning and schedule them. An hour a month, done.

===== content:newsletter (40s, 5321 chars)
The Numbers Beneath the Job is a fortnightly read for MDs and owners in M&E, HVAC and electrical contracting who are winning work but not banking what they expected. Each issue delivers one idea, one example from the trade, and one thing you can do this week.

- **Name:** The Numbers Beneath the Job
- **Who it is for:** MDs and owners of M&E, HVAC and electrical contracting firms turning over £2m to £12m. Founder-led or second-generation businesses where the owner is still the bottleneck.
- **How often:** Fortnightly
- **Format:** Email and LinkedIn newsletter. One idea, one story or example from the trade, one practical action.
- **Call to action:** A 45-minute value session with Zander to look at where the margin is going and what to do about it first.

### The first issue

**Issue 1**

```text
Subject: The Wakefield problem

You finished the job. The lads were busy all summer. No major blowups on site. The variations got submitted. And then the final account came in and the number was nowhere near what you expected.

Most MDs I talk to in M&E and HVAC have a version of that job. Sometimes it's Wakefield. Sometimes it's Sheffield or Doncaster or wherever the big scheme was last year. The job is different. The problem is the same.

Here is what is usually happening.

The margin was already thin at tender. Not because the estimator got it badly wrong, but because the price was built on what things cost last time, not what they cost now. Materials moved. Labour rates crept up. The programme slipped two weeks and nobody repriced the preliminaries.

Then the job ran and the small bleeds added up. A variation that should have been £4,000 got absorbed. The second fix took longer than the programme said. The retention came off the top and nobody flagged that the cash position was tighter than it looked.

Six weeks after the final account lands, you sit down with a spreadsheet and try to work out where it went. By then you cannot change anything. The subbies are on the next job. The MC has moved on. The money is gone.

The fix is not more time after the fact. It is a weekly number during the job.

One figure, updated every week: what we priced, what we have spent, what is left, and whether the margin is holding. That is it. It does not need to be complicated. It just needs to happen every week, not once the final account lands.

At Harlow & Pike, getting a weekly job cost review into the rhythm was one of the first things we did when I took over the HVAC division. The division was doing £4.2m at the time. It was not that the lads were doing bad work. It was that nobody had sight of the numbers until the job was over. Once we had the weekly rhythm in place, problems stopped being surprises. We caught the bleeds early enough to do something about them. Five years later the division was at £11.8m, and the margin held through the growth.

One practical thing you can do this week: pick one live job and ask your contracts manager to give you a single-page cost summary by Friday. Priced value, costs to date, forecast final cost, forecast margin. One page. If it takes more than an hour to pull together, that is your answer on why the final accounts keep coming in short.

If you want to talk through what a weekly numbers rhythm looks like for your business, I have got a 45-minute session where we look at where the margin is going and what to fix first. No pitch. Just the numbers.

Book it here: [value session link]

Zander

P.S. Eight contractors at a time is my limit. If this landed at the right moment, it is worth a conversation sooner rather than later.
```

_Send fortnightly via email and post to LinkedIn newsletter. Tone is direct and personal throughout. No graphics needed for the first issue._

### The next six issues

| Issue | Subject line | The one idea |
| --- | --- | --- |
| 2 | Retention money is not a bonus | Retention cash is earned revenue sitting idle. Most firms have no single person accountable for chasing it on a set schedule. One owner, one list, one weekly check is enough to start moving it. |
| 3 | Why the phone still goes to you | Owner dependency is not a personnel problem. It is a structural one. Until there is a clear weekly rhythm of accountability below the MD, the calls keep coming through to the top, including on days off. |
| 4 | The variation that got absorbed | Variations that are not submitted promptly get absorbed into the job cost and written off informally. A simple register, updated weekly, stops earned money disappearing before the final account. |
| 5 | What planned maintenance did that installs never could | One-off installs produce one invoice. A planned maintenance contract produces twelve. The model shift from project to contract revenue is how you build a business that runs without the MD selling every job. |
| 6 | Six-week-old accounts tell you what already happened | Management accounts that arrive late are history, not intelligence. A weekly job cost number, however rough, gives you sight of a problem when there is still time to fix it. |
| 7 | The job that looked fine at tender | Margin does not disappear at the final account. It bleeds out during the job, in small amounts, on decisions nobody flagged at the time. The only way to catch it is to be looking at the right number every week. |

===== ninety:quarter (45s, 5649 chars)
One objective for the next 90 days: sign your first four clients and build the daily rhythm that takes you to eight. Everything in this plan points at that number.

- **£7,800/month** Income at four clients (£1,950 x 4) - your 90-day target
- **4 clients** Needed to hit the 90-day income target at minimum fee
- **12 to 16 calls** Prospect calls needed to sign four clients (at 25 to 33% close rate)
- **300+ conversations** LinkedIn conversations needed to generate 12 to 16 booked calls

> **Why four, not six:** Your minimum fee is £1,950 and your capacity is eight. Four clients in 90 days is realistic and leaves room to price up before you fill the remaining seats. The plan targets four signed by week twelve, with a price review after client two or three.

### Week by week

- **Weeks 1 to 2:** Foundations locked. LinkedIn rewritten using the contractor's voice and the Harlow & Pike proof. Profit Coach page live and pointing to your calendar. BOSS Scorecard link active and tested. Practice email set up. Prospect list of 100 MDs and owners in HVAC, M&E and electrical contracting built from LinkedIn search and any existing contacts. Prospect call slots confirmed in your calendar: Mondays and Thursdays from 1pm. One outreach message drafted and ready. Nothing goes out until the profile is right - a warm message from a weak profile wastes the conversation.
- **Weeks 2 to 4:** First campaign live. Connection requests going out daily: 15 to 20 a day, targeted at MDs and owners in building services firms turning over £2m to £12m, within a sensible geography of Leeds and the wider Yorkshire and East Midlands patch. Replies handled same day, Monday to Thursday. Prospect list extended to 300 or more. First BOSS Scorecard shares going out to warm contacts and anyone who engages with content. Goal: 5 to 8 prospect calls booked before week four ends.
- **Weeks 4 to 8:** Calls running, first client signed. Two to three prospect calls a week on Mondays and Thursdays. Value sessions run for any qualified MD who wants to see the numbers rhythm in action before committing. First client signed and onboarded - Zander sits in on their job review and pricing discussion within the first two weeks of engagement. Content publishing four times a month on LinkedIn: short, specific posts rooted in real contracting problems. Goal: one to two clients signed by week eight.
- **Weeks 8 to 12:** Second campaign angle tested, price reviewed, referrals asked for. Second outreach angle tested alongside the first - try the retention cash problem if the margin bleed angle has been the opener, or target facilities management owners as a secondary segment. Price reviewed after client two or three: move from £1,950 to £2,450 for clients three and four as capacity fills. First referral ask made to any signed client who is getting early traction. Newsletter issue one drafted and sent to anyone who has engaged but not yet signed. Goal: four clients signed by week twelve.

### Weekly numbers

| Activity | Per week |
| --- | --- |
| LinkedIn connection requests sent | 75 to 100 |
| New connections accepted (estimate 30 to 40%) | 25 to 35 |
| Follow-up messages sent to accepted connections | 25 to 35 |
| Replies received (estimate 10 to 15% of messages sent) | 5 to 8 |
| Conversations moved to a booked call | 2 to 3 |
| Prospect calls run (Mondays and Thursdays from 1pm) | 2 to 3 |
| Value sessions run | 1 |
| LinkedIn posts published | 1 |
| BOSS Scorecard links shared | 5 to 10 |

### This week

1. **Rewrite the LinkedIn profile.** Lead with the Harlow & Pike proof and the margin bleed problem. Your headline should say what you do and who it is for, in plain contractor language. Your About section should open with the £4.2m to £11.8m result, then describe the three problems you fix, then tell MDs what to do next. No coaching jargon. No generic language. If an M&E MD reads it and does not recognise himself in the first three lines, rewrite it.
2. **Build your first prospect list of 100.** Use LinkedIn search: filter by job title (MD, Owner, Managing Director), industry (building services, HVAC, mechanical and electrical, facilities management), company size (11 to 50 employees), location (West Yorkshire, East Midlands, North West). Add anyone you already know from your Harlow & Pike years. You are not messaging anyone yet. Get the list to 100 qualified names before you send a single connection request.
3. **Set your calendar up and confirm your slots.** Block Tuesdays and Wednesdays 08:00 to 14:00 for client work. Block Mondays and Thursdays from 13:00 for prospect calls. Connect your calendar to the Profit Coach booking page so any MD can book a slot without a back-and-forth. Test the booking link yourself and send it to one trusted contact to confirm it works. Nothing should sit between a conversation and a booked call.

> **Your most likely constraint: conversations stalling before a call gets booked:** Zander's profile and proof are strong, and the sector is right. The point where most coaches in this position lose momentum is the gap between a connection accepting and a call being booked. An MD in a contracting firm is busy, sceptical, and not looking for a coach. If the follow-up message is too long, too salesy, or sounds like it was written for a different industry, he will read it and move on. Watch for this: if your acceptance rate is above 30% but your reply rate is below 8%, the follow-up message is the problem, not the targeting. Keep the message short, specific to the sector, and end with a single low-commitment question, not a pitch and not a booking link on the first contact.
