
===== story:bio (23s, 2969 chars)
Zander Demo spent fifteen years inside building services, finishing as Operations Director at Harlow & Pike, where he grew the HVAC division from £4.2m to £11.8m in five years. He now works with MDs and owners of M&E and HVAC contracting firms who are winning work but not banking what they expected.

- **£4.2m to £11.8m** HVAC division revenue growth at Harlow & Pike
- **5 years** Timeframe for that growth
- **8** Maximum clients carried at any one time
- **15 years** Career inside building services

### Proof inventory

| Result | Where | Timeframe | How | Status |
| --- | --- | --- | --- | --- |
| HVAC division revenue from £4.2m to £11.8m | Harlow & Pike Building Services (Operations Director) | 5 years | Shifted model from one-off installs to planned maintenance contracts; tightened job pricing to hold margin through growth | Ready |

### Short bio

I spent fifteen years in building services, starting as a Project Engineer at Northern M&E, then Contracts Manager and Operations Director at Harlow & Pike, where I grew the HVAC division from £4.2m to £11.8m in five years. We got there by fixing the same problems I see in most M&E and HVAC firms: margin bleeding out on jobs, retentions sitting unpaid with nobody chasing them, and the MD still fielding calls they should never have to answer. I now work with MDs and owners of contracting businesses to get real visibility on where the money is going, get the retention cash moving, and get them out of the operational middle.

### One-line introduction

Zander Demo is a former Operations Director in building services who grew a HVAC division from £4.2m to £11.8m and now helps MDs of M&E and HVAC contracting firms find where the margin is going and stop being the bottleneck in their own business.

### For partners and events

Zander Demo spent fifteen years in building services, working as a Project Engineer at Northern M&E before progressing to Contracts Manager and then Operations Director at Harlow & Pike Building Services, where he grew the HVAC division from £4.2m to £11.8m in five years by shifting from one-off installs to planned maintenance contracts and holding margin through disciplined job pricing. He now works with MDs and owners of M&E, HVAC and electrical contracting firms turning over between £2m and £12m, helping them get real visibility on job margin, get their retention money moving, and step out of the operational middle without the business unravelling behind them. He carries a maximum of eight clients and gets into the numbers from week one.

> **No additional results need numbers at this stage:** The one career result on record, the Harlow & Pike HVAC division growth from £4.2m to £11.8m over five years, is complete with a from, a to, and a timeframe. As Zander takes on clients, capture each result in the same format: starting position, end position, timeframe, and the mechanism that drove the change. Add those to this table as they become available.

===== market:options (27s, 3237 chars)
Zander's strongest option is HVAC and M&E contracting firms, where his career proof is exact, the pain is acute, and owners will recognise him immediately as someone who has stood where they are standing.

| Option | Value | Pain | Growing | Easy to find | Purchasing power |
| --- | --- | --- | --- | --- | --- |
| HVAC and M&E contracting firms (£1m–£15m) | 5 | 5 | 4 | 4 | 4 |
| Planned maintenance and FM contractors (£2m–£20m) | 4 | 4 | 4 | 3 | 4 |
| Electrical contracting businesses (£1m–£10m) | 3 | 4 | 4 | 3 | 3 |

### Option 1: HVAC and M&E contracting firms

This is the market Zander built his career in. The Harlow & Pike result, a HVAC division taken from £4.2m to £11.8m in five years, lands directly here. The MD of a £5m M&E firm hears that number and immediately understands what it took. Margin bleed, retentions sitting unpaid, and an owner stuck answering every site call are not generic problems in this sector: they are the norm. Zander does not need to explain the context or earn credibility. It is already there. LinkedIn Sales Navigator, trade associations such as BESA and CIBSE, and existing contacts from his fifteen years in building services all make this market straightforward to reach.

### Option 2: Planned maintenance and FM contractors

Zander understands the planned maintenance model from the inside. The shift he led at Harlow & Pike, from one-off installs to recurring maintenance contracts, is precisely the model these businesses run. Owner dependency is the ceiling problem here: the MD who cannot step back because no operational rhythm exists below them. Zander's proof applies, though it is one step removed from a direct FM result. The market is slightly harder to reach than pure M&E, but the pain and purchasing power are both solid. A good second option if a prospect in Option 1 falls outside the non-competes or if Zander wants to broaden reach once his core pipeline is running.

### Option 3: Electrical contracting businesses

Electrical contracting sits within Zander's stated sector knowledge and the pains, margin bleed, cash flow pressure, owner dependency, are real and common. The gap is proof. Zander has no specific electrical contractor result to point to, which matters when the buyer is already sceptical of coaches who have never set foot on a live site. The fee can also be a harder sell at this end of the market, where some owner-operators run tighter businesses and take longer to commit to a retained engagement. Worth keeping in view as a secondary market, but not where to focus outreach first.

### Recommended core client

> My core client is an MD or owner of an HVAC or M&E contracting firm with 10 to 50 employees doing £1M to £20M revenue.

> **If two options feel equally close on the Decision Call:** Ask Zander this: which MD would he rather be in a room with for an hour talking about margin on a job? The answer almost always points to the market where his experience is most specific and his proof lands hardest. Confidence in the room is a better guide than a scoring table. If HVAC and M&E still feel neck and neck with FM, start with HVAC and M&E, run the first eight to ten outreach conversations, and let the response rate settle the question.

===== market:avatar (53s, 6690 chars)
Margin-Blind Mike: MD of a 25-person M&E contracting firm in West Yorkshire, winning more work than ever and banking less than he expected.

- **Name:** Mike
- **Age:** 42 to 54
- **Location:** West Yorkshire, South Yorkshire or Greater Manchester
- **Business:** M&E or HVAC contracting firm, founder-led or family business
- **Revenue:** £2m to £12m turnover
- **Team:** 12 to 40 people: engineers, site supervisors, office staff, one or two contracts managers
- **Role:** MD or Owner
- **Time in the business:** 10 to 25 years, often started on the tools or came up through estimating

### A day in the life

It is 7.15am and Mike is in the van, heading to a scheme in Wakefield before the office opens. His phone has already gone twice: one of the lads on the Huddersfield job needs a decision on a variation, and the site supervisor on the Leeds fit-out wants to know if they can pull two engineers across this week. Mike answers both calls from the car park. He meant to leave this kind of thing to Dave three months ago. By 9am he is back at the office, trying to get five minutes on the Wakefield final account before the phone goes again. The numbers do not make sense. The job ran twelve weeks, the lads were flat out, applications went in on time. But the figure in front of him is about forty grand short of where it should be, and he cannot put his finger on why. He stares at it. He thinks about the Sheffield job from last year, the one that came back the same way. He tells himself he will get to the bottom of it this afternoon. He will not get to it this afternoon.

### In his words

> We've had a decent year on paper. The lads have been busy, the order book's solid, and we've won some good schemes. But I'll probably take less home this year than last, and I can't fully explain that. The Wakefield job should have been a good earner. I've looked at the final account three times and I still can't tell you exactly where it went. Maybe the second fix was underpriced. Maybe we absorbed the variations and I didn't catch it. Maybe the programme got squeezed and the extras didn't get claimed back properly. I honestly don't know. And that's the bit that keeps me up. Because if I can't explain it on that job, it's probably happening on the next one too. I keep thinking I just need a bit more time to get on top of it. But every time I get close, something else needs me on it first. Dave's good but he still rings me for stuff I thought he'd be sorting himself by now. I had four days off in July and the phone never stopped. I'm not sure what I'm supposed to do differently. I just know it can't keep going like this.

### What they want

- Know at week four whether a job is making or losing money, with time to act on it before the final account lands.
- Stop being the first call for every site decision and take a week off without the phone going.
- Get the retention money moving, on a proper schedule, with someone accountable for chasing it.
- See revenue growth actually come through as money in the bank at the end of the year.
- Build a business that runs without them in the middle of it, one they could step back from or sell.

### What they fear

- A final account landing badly and still not being able to explain the gap, meaning the same thing happens on the next job.
- A key engineer or supervisor handing in their notice and taking half the operational knowledge with them.
- Growing the turnover every year and still taking less home, until the point where the risk stops being worth it.
- The business being unsellable or unmortgageable because everything runs through them personally.
- Realising too late that years of working this hard have cost them more than just money.

### What they have tried

- Promoted a senior engineer or contracts manager to take day-to-day pressure off, but the calls still come through to Mike because the boundaries were never set properly.
- Brought in an accountant or financial controller to get better numbers, but the management accounts still arrive six weeks late and describe what already happened.
- Used a consultant who produced a report with recommendations, filed it, and nothing changed because nobody held the business to the actions.
- Tried to track job margin on a spreadsheet, but it never gets updated in time to be useful on a live scheme.

### What they suspect

- Most coaches and consultants have never stood on a live site and would spend the first three months asking Mike to explain what a retention is.
- Any system brought in from outside will need so much adapting to how contracting actually works that it creates more hassle than it solves.
- The advice will be generic: delegate more, build a management layer, set KPIs. They already know that. What they do not know is how to make it stick in a business like theirs.
- The fee will be hard to justify to themselves unless they can see a direct link to recovered margin or retention cash.

### What finally makes them act

- A final account comes back £50k to £80k short on a job that looked solid at tender and nobody in the business can explain the gap.
- A retention from a job that closed eighteen months ago gets written off because the main contractor has moved on and nobody was chasing it.
- Mike works out what he actually took home last year against the hours he put in. The number shocks him.
- A holiday or family commitment gets cancelled because a site issue needs him personally, and someone close to him says something he cannot unhear.
- A trusted site supervisor hands in their notice and Mike realises how much of what makes the business work is about to walk out the door.

### How they talk

| Thing | What they call it |
| --- | --- |
| Customers | Clients, the client, the MC, the main contractor |
| Staff | Lads, engineers, subbies, the boys on site, my contracts manager |
| Jobs | Schemes, contracts, jobs, works, the Wakefield job, the Leeds fit-out |
| Money owed at end of job | Retentions, holdbacks, the retention, money sat out there |
| Final billing on a job | Final account, the FA, settling up |
| Changes to scope | Variations, vars, extras, changes |
| Monthly billing | Applications, apps, valuations, the app |
| Pricing new work | Tendering, putting a price in, pricing a job |

### Ready to act

> I've built a decent business. The order book's there, the lads are good, and we win our share of work. But I need to know where the margin's going before the final account tells me it's too late, and I need to stop being the one everybody rings the moment something comes up on site. If someone who actually knows this industry can help me get there, I'm ready to have that conversation.

===== story:onepager (35s, 4314 chars)
Zander Demo is a former Operations Director in building services who grew a HVAC division from £4.2m to £11.8m in five years. He now works with MDs and owners of M&E, HVAC and electrical contracting firms who are winning work but not banking what they expected.

- **£4.2m to £11.8m** HVAC division revenue at Harlow & Pike, over five years
- **15 years** Career inside building services, from Project Engineer to Operations Director
- **8 clients** Maximum carried at any one time, so each gets proper attention

### Who I help

I work with MDs and owners of M&E, HVAC and electrical contracting firms turning over between £2m and £12m, typically with 12 to 40 people on the books. Usually founder-led or a family business. The owner started on the tools or came up through estimating, built something solid, and now finds themselves fielding every site call, watching final accounts come back short, and wondering where the margin went on a job the lads were flat out on all summer. That is the conversation I am built for.

### The problems I fix

- Margin bleed: the job looked solid at tender, the lads were busy, and the final account came back with barely owt left. Nobody can explain the gap, and the same thing is already happening on the next scheme.
- Owner dependency: the MD is still the first call for every site query and every decision. Dave is good, but he still rings for stuff he should be sorting himself. There has not been a proper week off in years.
- Retentions sitting unpaid: money earned on jobs that closed a year ago, still sitting as holdbacks, with nobody properly accountable for chasing it. In a tight month, that gap is the difference between comfortable and scrambling.
- Numbers that arrive too late: management accounts land six weeks after the month closes. By then nothing can be changed. Decisions get made on gut feel, and bad months arrive as surprises.

### How I work

1. **First conversation.** A 45-minute call on a Monday or Thursday afternoon. No pitch, no slides. We talk about where the margin is going, what the retentions picture looks like, and whether the MD is still stuck in the operational middle. If it is the right fit, we agree a start date.
2. **Weeks one to four: get into the numbers.** I sit in on job reviews and pricing discussions. I look at how jobs are being costed, where variations are getting absorbed, and what the retentions ledger looks like. We set the baseline and build the weekly numbers rhythm from the ground up, using how M&E contracting actually works, not a generic framework.
3. **From week five: the ongoing rhythm.** Two 90-minute sessions a month, on Tuesdays or Wednesdays. Job costing, retentions tracking, team accountability, pricing. I stay close to the live operation. The goal within the first ninety days is real visibility on job margin, retention cash moving, and the MD out of the operational middle.

### Results

- Grew the HVAC division at Harlow & Pike Building Services from £4.2m to £11.8m in five years by shifting from one-off installs to planned maintenance contracts and holding margin through disciplined job pricing.
- Spent fifteen years in building services across three roles: Project Engineer at Northern M&E, then Contracts Manager and Operations Director at Harlow & Pike, living through the same margin, retention and owner-dependency problems my clients bring to me.

### Working together

If you work with MDs or owners in M&E, HVAC, electrical contracting or facilities management, the businesses worth introducing are those turning over £2m to £12m, founder-led or family-run, where the owner is still the bottleneck and the numbers never quite add up to what the turnover suggests they should. Accountants, commercial finance brokers, M&E recruiters and trade solicitors tend to see these situations first: a final account that came back badly short, a retention ledger nobody is on top of, or an MD who has not taken a proper week off in three years. I carry a maximum of eight clients, I get into the job reviews and pricing discussions from week one, and I do not need six months to learn how the industry works. A warm introduction to the right MD is the fastest way to start a conversation.

### Contact

- **LinkedIn:** linkedin.com/in/zander-demo
- **Location:** Leeds, West Yorkshire

===== voice:sound (25s, 3050 chars)
Zander is direct, unhurried, and sounds like someone who has actually stood on a live site. He uses plain Northern English without performing it, and his credibility comes through specifics, not volume.

- **Tone:** Straight-talking, grounded, dry, precise, unpretentious
- **Pace:** Measured. He finishes his sentences. No rushing to fill silence.
- **Formality:** Low. First names from the off. No corporate language. No coaching vocabulary.
- **Humour:** Dry and occasional. Never forced. Usually delivered deadpan.
- **Regional flavour:** West Yorkshire present but not overdone. 'Aye', 'nowt', 'the lads' feel natural, not performed.

### Sounds like

- 'They're winning work but the money's not there at the end of the job, and half the time they don't really know why.'
- 'I've nowt to offer someone who hasn't got a business running yet. My experience is in fixing and scaling what's already there.'
- 'I want to get properly into the numbers and the operation, especially early on. Some of that will feel more like hands-on consulting than pure coaching, and that's how I like it.'

### Does not sound like

- 'Let's unpack your profit levers and build a roadmap to unlock your business's true potential.'
- 'In today's challenging landscape, M&E contractors need to navigate complex operational dynamics to drive sustainable growth.'
- 'I'm passionate about empowering business owners to elevate their performance and achieve a seamless work-life balance.'

### Words and phrases to use

- Schemes, jobs, contracts, the Wakefield job, the Leeds fit-out
- Lads, engineers, subbies, contracts manager
- Retentions, holdbacks, the retention
- Final account, the FA, applications, apps, valuations
- Variations, vars, extras
- Margin, job costing, pricing a job, putting a price in
- The MD, the owner, the person whose name's on the building
- Weekly rhythm, live numbers, visibility
- Get properly into the numbers
- 'That's what I've actually lived through myself'
- Aye, nowt, fair enough, straight

### Words to avoid

- Empower, elevate, unlock, seamless, robust, crucial
- Leverage (as a verb)
- Unpack, dive deep, cut through the noise
- Journey, navigate, ecosystem
- Coaching programme, transformational, accountability framework
- Thought leader, growth mindset
- In today's world, in the current climate
- Passionate about

### A message in your voice

**Example**

```text
Hi {first_name}, I spent fifteen years in building services, the last few as Operations Director at Harlow & Pike, where we grew the HVAC division from £4.2m to £11.8m. The problems we had to fix to get there were the same ones I hear from most M&E and HVAC MDs: margin bleeding out on jobs with no clear explanation, retentions sitting unpaid with nobody chasing them, and the MD still fielding every call. If any of that sounds familiar, I'm happy to have a straight conversation about it. No pitch, just a talk.
```

_Use for LinkedIn connection follow-up or cold outreach to MDs of M&E and HVAC contracting firms. Send on a Monday or Thursday afternoon._

===== market:pains (57s, 8036 chars)
Under every problem Mike has, there is one sentence he keeps coming back to: 'We've had a decent year on paper, but I'll probably take less home than last year, and I can't fully explain why.'

| Pain | What they say out loud | What it costs | What they want instead | Lever |
| --- | --- | --- | --- | --- |
| Margin bleed on schemes with no clear explanation | 'The Wakefield job should have been a good earner. I've looked at the final account three times and I still can't tell you where it went.' | £40k to £80k lost per job. Repeats on every similar scheme. Owner loses trust in the numbers and stops knowing which jobs are actually worth winning. | Know at week four whether a job is making or losing money, with enough time to act before the final account lands. | Profit margin, average sale value |
| MD is the bottleneck for every site decision | 'Dave's good but he still rings me for stuff I thought he'd be sorting himself by now. I had four days off in July and the phone never stopped.' | Owner works 50-plus hours a week, holidays that never happen, family time that gets cancelled, a business that cannot function without him in the middle of it. | Contracts manager and site team making their own calls. MD steps in only when it genuinely needs him. | Control pillar |
| Retentions sitting unpaid with nobody chasing them | 'There's money sat out there from jobs we finished eighteen months ago. Nobody's really on it. Some of it'll just get written off.' | Tens of thousands in earned cash sitting idle. Some written off entirely. Creates cash flow pressure in tight months that forces the owner to make decisions from the wrong position. | One person accountable for every holdback, on a set schedule, with the cash moving regularly. | Profit margin, velocity pillar |
| Management accounts arrive too late to change anything | 'By the time the numbers land it's six weeks old. I can't do anything with that. I'm running the business on gut feel half the time.' | Decisions made without real data. Problems spotted only after the damage is done. Owner cannot distinguish a good month from a bad one until it is already history. | A weekly rhythm showing what is happening on live schemes right now, not what happened last month. | Control pillar |
| Revenue grows but take-home stays flat or falls | 'We're turning over more than ever. The lads are flat out. But I'll probably take less home this year than two years ago. That's not right.' | Owner carries all the risk of a growing business and none of the reward. Erodes confidence in the model and raises the question of whether it is worth continuing. | See revenue growth come through as money in the bank. Understand which jobs, which clients, and which contract types actually make money. | Profit margin, repeat business |
| Key engineers or supervisors hold too much operational knowledge | 'If Ste handed his notice in tomorrow, I'd be in serious trouble. Half of what makes that site run is in his head, not written down anywhere.' | Retention risk for the whole operation. Business value is tied to people rather than systems. Any resignation or illness creates a crisis the owner has to resolve personally. | Systems and a management rhythm that mean the business runs on process, not on individuals. | Value pillar |
| Business is unsellable or unmortgageable because everything runs through the owner | 'I've been doing this for twenty years. I'd like to think I could step back one day, or sell it for something decent. But right now it only works because I'm in it.' | Owner cannot exit, step back, or realise the value they have built. Twenty years of work tied up in a business that stops the moment they stop. | A business that runs without them in the operational middle. One they could hand off, step away from, or sell. | Value pillar |

### At 3am

> That job should have made us fifty grand and it barely broke even. I've looked at it three times and I still can't explain it properly.
> 
> If I got hit by a bus tomorrow, I'm not sure this business runs for a fortnight without me. That's not a business, that's a job I can't leave.
> 
> I've put twenty years into this. If the number at the end of it isn't worth that, I don't know what I've been doing.
>
> Mike, MD, M&E contracting firm, West Yorkshire

### Main desire hooks

- Are you looking to know whether a job is making or losing money before the final account tells you it's too late?
- Are you looking to stop being the first call for every site decision and take a week off without the phone going?
- Are you looking to get your retention money moving and actually bank what the business has earned?

### Buying triggers

- A final account comes back £50k to £80k short on a job that looked solid at tender and nobody in the business can explain the gap.
- A retention from a job closed eighteen months ago gets written off because the main contractor has moved on and nobody was chasing it.
- Mike works out what he actually took home last year against the hours he put in. The number shocks him.
- A holiday or family commitment gets cancelled because a site issue needs him personally, and someone close to him says something he cannot unhear.
- A trusted site supervisor hands in their notice and Mike realises how much operational knowledge is about to walk out the door.
- Mike wins a significant new scheme and feels dread rather than satisfaction because he knows the operation cannot absorb it without him in the middle of it.

### Objections and honest answers

| Objection | Answer |
| --- | --- |
| 'You'll spend the first three months getting me to explain how the industry works.' | Zander spent fifteen years in building services, finishing as Operations Director at Harlow & Pike. He already knows what a retention looks like, how a variation gets absorbed, and what happens when an MC squeezes the programme. There is no warm-up period. He gets into job reviews and pricing discussions from week one. |
| 'We've had consultants before. They wrote a report and nothing changed.' | Zander does not produce a report and move on. He stays in the numbers every week. If something is slipping on a live scheme, he is there to call it before the final account lands, not six weeks later in a slide deck. |
| 'I can't justify £1,950 a month unless I can see a direct return.' | The return is specific and traceable. Margin recovered on live jobs, retentions chased and banked, pricing sharpened before the next tender goes in. Zander tracks the numbers from the start so the improvement is visible, not theoretical. One recovered final account typically covers months of the fee. |
| 'My business is different. The model won't apply here.' | Zander has heard that before. The Harlow & Pike HVAC division had the same margin bleed, the same retentions sitting idle, the same MD answering every call. The details differ. The mechanics do not. He will sit in the operation and work from what is actually there, not a generic framework. |
| 'I'm too busy right now. Maybe in six months.' | The jobs running right now are either making margin or bleeding it. Every week without visibility is another week the same problem repeats on the next scheme. Six months later, the same final account lands short and the same conversation happens. The cost of waiting is not zero. |
| 'Could I not just get a good FD or management accountant instead?' | A good FD will help with the numbers. They will not sit in on a job review, help price a variation correctly, or sort out the accountability structure that stops the calls coming through to the MD. Zander works across the operation, not just the accounts. |
| 'Eight clients maximum feels like a small practice. Will you still be around in two years?' | The limit is deliberate. Eight clients get proper time and proper attention. Zander is not building a volume business. He is building a practice where the work is done properly. That is the same discipline he applied at Harlow & Pike, and it is why the results there held. |

===== market:criteria (36s, 5063 chars)
The list is MDs and owners of HVAC, M&E and electrical contracting firms in Yorkshire and Greater Manchester, running businesses of 11 to 50 people, who sign the cheques and still answer every site call.

| Filter | Include | Exclude |
| --- | --- | --- |
| Connections | 2nd and 3rd degree | 1st degree (already connected) |
| Location | West Yorkshire, South Yorkshire, Greater Manchester, North West England, East Midlands | Outside UK |
| Headcount | 11 to 50 (primary). Add 1 to 10 and 51 to 200 if list is thin after first run.) | Under 10, over 200 |
| Current job title | Owner, Co-owner, Founder, Co-founder, CEO, Managing Director, Co-Managing Director, Managing Partner, Director, Contracts Director, Operations Director, Principal | Any title containing: coach, coaching, consultant, consulting, psychologist, recruiter, recruiting, recruitment |
| Industry | Construction, Mechanical or Industrial Engineering, Facilities Services, Building Maintenance, Electrical and Electronic Manufacturing, Utilities | Real estate agencies, house builders, civil engineering (roads and groundworks), software, finance |
| Keywords (in profile) | HVAC, M&E, mechanical and electrical, building services, planned maintenance, facilities management, FM, electrical contracting, air conditioning, ventilation, refrigeration, BMS, retentions, subcontractor, NEC, JCT |  |
| Company exclusions | Businesses under £1m turnover (use headcount as a proxy: under 10 staff), franchises, charities, public sector bodies, any company where Zander has a prior relationship that creates a conflict | Competitors of any active client (check before sending) |
| Signals to prioritise | Posted on LinkedIn in the last 30 days, recently changed role or company, company showing headcount growth in last 12 months |  |

### Keyword strings to try

- "HVAC" AND ("MD" OR "Managing Director" OR "Owner" OR "Director")
- "M&E" AND ("contractor" OR "contracting") AND ("MD" OR "Owner" OR "Director")
- "mechanical and electrical" AND ("MD" OR "Managing Director" OR "Owner")
- "building services" AND ("contractor" OR "firm") AND ("MD" OR "Director" OR "Owner")
- "planned maintenance" AND ("MD" OR "Owner" OR "Director")
- "facilities management" AND ("contractor" OR "contracting") AND ("MD" OR "Owner")
- "electrical contractor" AND ("MD" OR "Managing Director" OR "Owner" OR "Director")
- "air conditioning" AND ("contractor" OR "installation") AND ("MD" OR "Owner")
- "retentions" AND ("contracting" OR "contractor") AND ("MD" OR "Owner")
- "NEC" OR "JCT" AND ("contractor" OR "contracting") AND ("MD" OR "Owner" OR "Director")

### Leave out

- Start-ups and pre-revenue businesses: no track record to work from and the fee makes no sense at that stage.
- Any business under £1m turnover: use sub-10 headcount as the proxy filter in Sales Navigator.
- Anyone whose profile or company description signals they want a quick fix: phrases like 'rapid growth hacking', 'turnaround specialist needed', or repeated short tenures across multiple businesses.
- Coaches, consultants, and consulting firms: exclude the words coach, coaching, consultant, consulting, consultants in both current title and current company fields.
- Psychologists, therapists, and counsellors: not the buyer and can cause confusion about the nature of the service.
- Recruiters and recruitment firms: exclude recruiting, recruiter, recruitment, recruit in current title and current company, unless recruitment is specifically the target market (it is not here).
- Public sector and charities: different procurement, different decision-making, different fee sensitivity.
- House builders and civil engineering firms (roads, groundworks, utilities infrastructure): Zander's sector knowledge does not transfer directly and his proof will not land with the same force.
- Any company that is a current client, a prospect already in the pipeline, or where a conflict with an existing client exists: check the active client list before every send.

- **800 to 1,200** Target list size for the first build in Sales Navigator, covering West Yorkshire, South Yorkshire and Greater Manchester. Enough to run a proper test without bu
- **Above 30%** Connection acceptance rate to aim for. Below 30% in the first two weeks means the title filters or messaging need adjusting before scaling.
- **Above 10%** Reply rate of accepted connections to aim for. This is replies to the first follow-up message, not just connection accepts.

> **Watch these two numbers in the first two weeks:** Track connection acceptance rate and reply rate separately from day one. If acceptance sits below 30%, the job title or industry filters are pulling in the wrong people. Tighten the title list or add a keyword string. If acceptance is above 30% but replies are below 10%, the opening message is the problem, not the list. Fix the message before sending to anyone new. Do not scale volume until both numbers are hitting target. A list of 200 well-filtered MDs in building services will outperform 1,000 poorly filtered contacts every time.

===== linkedin:rewrite (62s, 8772 chars)
This rewrite shifts Zander's profile from a career summary into a direct signal to M&E and HVAC MDs that someone who has actually run their operation can help them find where the margin is going.

### Headline

**Headline option 1**

```text
Helping M&E and HVAC contractors find where the margin goes and stop being the bottleneck | Former Operations Director, Harlow & Pike Building Services
```

_Formula: Transformation + audience. Recommended as the primary option. Names the two problems MDs in this sector feel most acutely, uses their language, and leads with the career credibility anchor. Under 220 characters._

**Headline option 2**

```text
Real job-margin visibility and retention cash moving, for M&E and HVAC MDs, without months of explaining how the industry works
```

_Formula: Outcome + constraint removed. Good alternative if Zander wants to lead with the specific deliverables rather than the role. The constraint ('without months of explaining') speaks directly to Mike's scepticism about outside help. Under 220 characters._

**Headline option 3**

```text
Former Ops Director who grew a HVAC division from £4.2m to £11.8m | Now helping M&E and HVAC contractors do the same
```

_Formula: Authority + specificity. Use this if the career proof is the primary door-opener. The specific numbers do the work. Slightly more LinkedIn-traditional but still concrete. Under 220 characters._

### About

**About section**

```text
You're winning more work than ever. The lads are flat out. But the final account lands and the number is forty grand short, and you can't fully explain why.

That's the one I keep hearing. And it's the one I spent fifteen years learning how to fix from the inside.

I started as a Project Engineer at Northern M&E, moved into contracts management, and finished as Operations Director at Harlow & Pike Building Services, where I grew the HVAC division from £4.2m to £11.8m in five years. We got there by fixing the same problems I see in most M&E and HVAC firms: margin bleeding out on jobs with no clear explanation, retentions sitting unpaid for months with nobody chasing them, and the MD still fielding every call they should never have to answer.

I now work with MDs and owners of M&E, HVAC and electrical contracting firms to get real visibility on where the money is going, get the retention cash moving, and get them out of the operational middle.

This is for you if:
- You're turning over £2m to £12m and the profit isn't following the revenue
- Final accounts keep landing short and you can't put your finger on why
- You're the first call for every site decision, including on the days you're supposed to be off
- You've got retentions sitting out there from jobs finished a year ago that nobody's chasing properly

I get into job reviews and pricing discussions from week one. There's no warm-up period. I already know what a retention looks like, how a variation gets absorbed, and what happens when an MC squeezes the programme.

The Harlow & Pike HVAC division had exactly these headaches. We fixed them by building a weekly numbers rhythm around live job data, tightening the pricing process, and building a management layer that meant the right decisions got made without the MD in the middle of every one.

I carry a maximum of eight clients. That's deliberate. These businesses need proper time, not a conveyor belt.

If you want to know whether the margin on your live schemes is holding, or whether you're heading for another final account that doesn't add up, take three minutes on the BOSS Scorecard at the link below. It'll show you exactly which part of the business is capping your profit right now.

Or drop me a message. No pitch, just a straight conversation.
```

_1,847 characters. Hook is in the first two lines and names the pain in Mike's own words. Short paragraphs throughout. Call to action offers both the BOSS Scorecard and a direct conversation. Add the BOSS Scorecard URL to the CTA line before publishing._

### Core skills

| Skill | What it means for the owner |
| --- | --- |
| Job margin visibility | Building a weekly numbers rhythm around live schemes so the MD knows at week four whether a job is making or losing money, with time to act before the final account lands. |
| Retentions and cash flow | Getting every holdback tracked and chased on a set schedule, with one person accountable, so earned money stops sitting idle and starts moving. |
| Owner dependency and team accountability | Setting up the structure and rhythm below the MD so the right decisions get made on site without everything coming through to the top. |
| Pricing and job costing | Getting into the pricing process before the next tender goes in, so margin is built in from the start rather than recovered after the final account. |

### Key milestones

- Grew the HVAC division at Harlow & Pike Building Services from £4.2m to £11.8m in five years as Operations Director, by shifting from one-off installs to planned maintenance contracts and holding margin through disciplined job pricing.
- Progressed from Project Engineer at Northern M&E through to Contracts Manager and then Operations Director at Harlow & Pike, spending fifteen years operating inside building services, HVAC, M&E contracting and facilities management.
- Built and led an operational management layer at Harlow & Pike that took day-to-day site decisions away from senior leadership, creating the accountability structure that supported sustained revenue growth without the business becoming dependent on one person.

### Banner

**Banner line**

```text
Grew a HVAC division from £4.2m to £11.8m. Now helping M&E and HVAC MDs find where the margin goes.
```

_Pair with a clean, dark background and white text. No stock photography. The numbers do the work. Optional secondary line: 'Maximum 8 clients. Get into the numbers from week one.'_

### Featured

- The BOSS Scorecard: pin the link to the 3-minute scorecard. Write the caption as: 'Not sure where the profit's going? This takes three minutes and shows you exactly which part of your business is capping it. Built for M&E and HVAC contractors.' Add the Profit Coach BOSS Scorecard URL when live.
- A LinkedIn post on margin bleed: write and publish a post that opens with 'The Wakefield job should have made us fifty grand. The final account said otherwise. Nobody could explain it.' and walks through the job costing and tracking problem. Pin it once it has traction. This becomes the proof-of-expertise anchor on the profile.
- The Contractor's Profit Rhythm one-pager: pin the Profit Coach page or a short PDF that describes the offer, who it is for, what is included, and the price. Caption: 'If you're an MD in M&E or HVAC, winning work but not banking what you expected, this is what working together looks like.' Add the URL when the page is live.

### Checklist

1. **Headshot.** Use a recent photo, taken in the last two years, where you are looking at the camera and smiling. Plain or outdoor background works well. No corporate studio look needed, but it should be sharp and well-lit. Avoid anything cropped from a group shot.
2. **Custom URL.** Set the URL to linkedin.com/in/zander-demo or as close to it as LinkedIn allows. Go to Edit public profile and URL in the top right of your profile page. A clean URL looks professional and makes the profile easier to share.
3. **Company page.** Link Harlow & Pike Building Services and Northern M&E in the Experience section using the LinkedIn company page dropdown, not typed freehand. Also link the Profit Coach company page to your current role so it appears on the profile and helps with search. If the Profit Coach page is not live yet, flag this to BCA.
4. **Contact info.** Open your contact settings to 2nd-degree connections at minimum. Add the Profit Coach page URL as your website. Make sure your practice email is listed once it is set up. Check that connection requests from people you do not know are coming through.
5. **Job titles.** In the Experience section, use the LinkedIn dropdown to select job titles: Operations Director, Contracts Manager, Project Engineer. Select the matching company from the dropdown for each role so LinkedIn indexes them correctly for search. Your current role should read something like 'Business Coach, Profit Coach' once you are ready to publish.

> **Discreet version available:** This profile is written for public visibility, as Zander confirmed he is happy to be open about coaching on LinkedIn. If at any point a discreet version is needed, for example if a non-compete situation changes or a referral partner context requires it, a version that leads with operational expertise and adviser positioning rather than coaching language is available on request.

===== campaigns:messaging (62s, 8783 chars)
Every message leads with the same question Mike cannot answer: the work was there, the lads were flat out, so where did the profit go?

- **Core client:** MD or owner of an M&E or HVAC contracting firm, £2m to £12m turnover, West Yorkshire, South Yorkshire or Greater Manchester
- **Main desire:** Know whether a job is making or losing money before the final account tells him it is too late
- **Proof used:** Grew the HVAC division at Harlow & Pike Building Services from £4.2m to £11.8m in five years by shifting from one-off installs to planned maintenance contracts and holding margin through disciplined job pricing
- **Proof type:** Career proof (Operations Director, Harlow & Pike Building Services)

### Campaign A: Connector

**Connection request**

```text
Hi {first_name}, I see you run a UK M&E or HVAC contracting firm. Are you looking to know where the margin is going before the final account tells you it is too late? I ask because during my time as Operations Director at Harlow & Pike I used a simple system to grow the HVAC division from £4.2m to £11.8m in five years by fixing exactly that. Is this of interest?
```

_Send on a Monday or Thursday afternoon. 272 characters._

**Message 1**

```text
Hi {first_name}, thanks for connecting.

At Harlow & Pike I used a simple system to grow the HVAC division from £4.2m to £11.8m in five years. We got there by fixing the same problem I hear from most M&E and HVAC MDs: margin bleeding out on jobs with no clear explanation.

Most contracting businesses I speak to are winning their share of work but not banking what they expected at the end of the year. They're firefighting every site call instead of building something that runs without them.

The PROFIT System I now use with MDs removed that. Real visibility on live job margin, retentions moving on a proper schedule, and the MD out of the operational middle.

I believe with the right rhythm in place, your business can do the same.

Are you looking to know where the margin is going before the final account lands? Would you be interested in learning more?
```

_Send 30 minutes after connecting._

**Message 2**

```text
Hi {first_name}, just a quick follow-up in case this landed at a bad time.

If the margin question is something you are already on top of, fair enough. But if the final accounts are still landing short and you cannot fully explain the gap, it might be worth a conversation.

No pitch. Just a straight talk about what is actually going on in the numbers.
```

_Send 1 day after Message 1._

**Message 3**

```text
Hi {first_name}, I know you probably get a fair few messages from coaches promising to transform your business. I get why that gets old.

I spent fifteen years in building services before I did this. I know what a retention looks like, how a variation gets absorbed, and what it costs when nobody is tracking job margin on a live scheme.

It never hurts to have a conversation with someone who already knows how the industry works. Happy to keep it short.
```

_Send 2 days after Message 2._

**Message 4**

```text
Hi {first_name}, I have a short call available on Monday or Thursday afternoon if you want to run through where the margin is going on your current schemes.

No prep needed from your side. I just ask a few questions about how jobs are tracked from tender to final account, and you will know within twenty minutes whether there is something worth looking at.

Want to grab one of those slots?
```

_Send 4 days after Message 3._

**Message 5**

```text
Hi {first_name}, last message from me on this.

If the margin on your schemes is exactly where you want it and the MD is not the first call for every site decision, then you are in a better position than most in this sector and you do not need what I do.

But if the final accounts are still landing short and the phone is still going on your days off, the problem is not going to sort itself this year. It will just repeat on the next job.

If you ever want a straight conversation about it, you know where I am.
```

_Send 2 weeks after Message 4._

### Open InMail

**Open InMail**

```text
Hi {first_name},

I work with MDs of M&E and HVAC contracting firms across West Yorkshire and the North, so your business caught my eye.

A few things I hear most often from MDs in this sector:

1️⃣ The final account lands short and nobody can fully explain the gap
2️⃣ The retentions from jobs closed twelve months ago are still sitting unpaid with nobody accountable for chasing them
3️⃣ The MD is still the first call for every site decision, including on the days they are supposed to be off

I spent fifteen years in building services, finishing as Operations Director at Harlow & Pike, where I grew the HVAC division from £4.2m to £11.8m in five years. We got there by fixing exactly those three problems: tightening job pricing, building a retentions rhythm, and getting the accountability structure right so the MD was not carrying it all.

I have combined that with other methods to create The Contractor's PROFIT System, a weekly numbers rhythm built around job costing, retentions tracking, and margin visibility on live schemes.

Most M&E and HVAC firms I speak to are winning good work. The order book is solid. But the money is not following the revenue, and by the time the management accounts land it is too late to do anything about it. They are at a point where something has to change, but they are not sure where to start.

If that sounds familiar, I am happy to have a straight conversation. No pitch, just a talk about what the numbers are doing and whether there is a pattern worth looking at.

Interested?
```

_Use for MDs of M&E and HVAC contracting firms where a connection request is not the right first step. Send on a Monday or Thursday afternoon._

### Campaign B: Conversation into the BOSS Scorecard

**After connecting**

```text
Hi {first_name}, good to connect. Quick question: at the moment are you more focused on growing the business, or more on protecting what you have already built?
```

_Send within 30 minutes of connecting. Keep it open. Wait for the reply before moving to the insight message._

**Insight**

```text
Aye, that makes sense. Most MDs I speak to in M&E and HVAC are somewhere in the middle of those two things, and the reason it feels like a tug-of-war is usually the same: one part of the business is quietly capping everything else.

It might be job margin bleeding out on schemes before the final account lands. It might be cash tied up in retentions nobody is chasing. It might be the MD still being the bottleneck for decisions that should not need them.

The tricky bit is most owners already suspect which one it is. But suspecting and knowing are different things, and fixing the wrong constraint first costs time and money.
```

_Send after the owner replies to the opening message. Tailor the specific constraint to anything they mentioned in their reply._

**Scorecard offer**

```text
There is a short scorecard I use with MDs at this stage. Takes about three minutes. It covers the five areas that drive profit in a contracting business: leads, conversion, job value, repeat work, and margin.

It does not give you a generic score. It shows which one of those five is the weakest link in your business right now, which means you know where to put the effort rather than guessing.

Most MDs find it useful just to see it laid out clearly, even if they do not do anything else with it.
```

_Send only after the insight message has landed and the owner is engaged. Do not rush to this._

**Leave the link**

```text
Here is the link if you want to run through it: {assessment_url}

No follow-up unless you want one. If the score throws up something you want to talk through, just say the word and we can find a time on a Monday or Thursday afternoon.
```

_Send as a standalone message. No pressure. Let the scorecard do the work._

### Check before launch

| Check | Pass |
| --- | --- |
| Under 275 characters | Yes. Connection request is 272 characters. |
| Opens with Hi {first_name}, | Yes. |
| Specific callout: I see you run a UK M&E or HVAC contracting firm | Yes. |
| Hook as a question: Are you looking to know where the margin is going before the final account tells you it is too late? | Yes. |
| Uses the phrase I ask because | Yes. |
| References a simple system | Yes. |
| Specific proof with numbers and a timeframe | Yes. £4.2m to £11.8m in five years at Harlow & Pike. |
| Mechanism tied to the hook | Yes. Shifting from one-off installs to planned maintenance contracts and holding margin through disciplined job pricing. |
| Owner's language used throughout | Yes. Schemes, final account, lads, margin, retentions, the MD. |
| Closes with Is this of interest? | Yes. |

===== conversations:followup (82s, 11426 chars)
Most replies are not a no. They are a question in disguise. Answer the question, ask one back, and move toward a conversation on a Monday or Thursday afternoon.

### When they reply

**They say: Yes, interested**

```text
Good to hear it, {first_name}. A couple of quick questions before we go any further.

How are you currently tracking job margin on live schemes? And when a final account lands short, can you usually explain the gap, or is it more a case of working backwards and still not fully getting there?

Ask because that's usually where the problem sits, and it tells me pretty quickly whether what I do is going to be useful to you.

I have slots on Monday and Thursday afternoons if you want to run through it properly. Twenty minutes, no prep needed from your side.
```

_Reply within the hour. Do not send a brochure or a link. Keep it conversational and move toward a call._

**They say: What is it exactly?**

```text
Fair question. It is not a coaching programme in the usual sense.

I sit in on job reviews and pricing discussions, get into the live numbers with you, and build a weekly rhythm around job costing, retentions tracking, and margin visibility. The idea is you know whether a scheme is making or losing money at week four, not when the final account lands.

I spent fifteen years in building services, last role was Operations Director at Harlow & Pike, where we grew the HVAC division from £4.2m to £11.8m. The problems we had to fix to get there are the same ones I hear from most M&E and HVAC MDs, so there is no warm-up period. I get into the operation from week one.

Worth a quick call to see if it fits? I am on Monday and Thursday afternoons.
```

_Keep it operational. Avoid the word coaching if possible. Describe what you actually do, in the language of schemes and job reviews._

**They say: How much is it?**

```text
Our top clients invest up to £50,000 a year. You can start for under £1,000 a month, and my retained engagements begin at £1,950 a month.

Before that number means anything, it helps to know what is actually going on in your business. One job recovered on the final account, or a retention chased and banked that was heading for a write-off, typically covers months of the fee.

If you want to run through where the margin is going on your current schemes, I have twenty minutes on Monday or Thursday afternoon. You will know by the end of it whether there is something worth looking at.
```

_Use the anchor script. Do not apologise for the fee. Move quickly to the value conversation._

**They say: Not right now**

```text
Fair enough, {first_name}. No pressure at all.

One thing worth bearing in mind: the jobs running right now are either making margin or bleeding it. Every week without visibility is another week the same problem repeats on the next scheme.

I will leave it there. If the final accounts keep landing short and you want a straight conversation about it, you know where I am.
```

_Do not push. Plant the cost-of-waiting thought and close cleanly. Add to the nurture list and come back in two to three weeks._

**They say: We are doing fine**

```text
Good to hear it. Not many MDs in this sector say that and mean it, so fair play.

Just out of curiosity, when a final account comes back short on a job that looked solid at tender, can you usually put your finger on exactly where it went? And is the MD the first call when something comes up on site, or have you got that covered?

If both of those are sorted, you probably are doing fine. Just worth asking.
```

_Do not argue. Ask the two diagnostic questions and let the answer do the work. If they confirm both are genuinely sorted, wish them well and move on._

**They say: Who are you?**

```text
Zander Demo. I spent fifteen years in building services, last role was Operations Director at Harlow & Pike, where I grew the HVAC division from £4.2m to £11.8m in five years.

I now work with MDs of M&E and HVAC contracting firms who are winning their share of work but not banking what they expected. Usually comes down to the same three things: margin bleeding out on jobs with no clear explanation, retentions sitting unpaid with nobody chasing them, and the MD still fielding every site call.

That is what I do. Happy to have a straight conversation if any of that sounds familiar.
```

_Short and factual. Career proof first, then the problem you solve. No pitch._

**They send a neutral one-liner (for example: 'Interesting' or 'Tell me more')**

```text
Happy to. Quick question first, {first_name}.

On your current schemes, do you know at week four whether a job is making or losing money? Or does it usually become clear when the final account lands?

That one question tells me a lot about where things stand. Worth knowing before I say anything else.
```

_Neutral is not a no. Ask one diagnostic question and wait. Do not dump information on them._

**They say: Send me some info**

```text
I can do that. Rather than sending a generic overview, it helps to know a bit about where you are first so I can point you to the right thing.

Two quick questions:

1. When a final account lands short, can you usually explain the gap or is it a bit of a mystery?
2. Is the MD the bottleneck for site decisions, or have you got a layer below that handles most of it?

If you want something to look at in the meantime, there is a short scorecard that takes about three minutes and shows which part of the business is capping profit right now: {assessment_url}

Happy to talk through the result on a Monday or Thursday afternoon if that is useful.
```

_Do not send a PDF and wait. Ask two questions and offer the BOSS Scorecard as a soft next step. The call is the goal._

### Avoid

- Sending a brochure, PDF or long overview when someone says yes or asks what you do. Talk first.
- Assuming a one-liner or neutral reply is a no. Ask one more question.
- Apologising for the fee or discounting before they have pushed back.
- Pitching the system before you understand their situation. Ask about the job margin first.
- Sending three messages in a row without waiting for a reply.
- Using coaching language in replies. Say job reviews, final accounts, retention money, not frameworks, programmes or accountability.
- Chasing more than once after they say not right now. Leave the cost-of-waiting thought and step back.

### VIP nurture: top 100

> **Who goes on the top 100 list:** MDs and owners of M&E, HVAC or electrical contracting firms in West Yorkshire, South Yorkshire or Greater Manchester, turning over £2m to £12m, who have connected but not yet booked a call. Prioritise anyone who has replied even once, anyone whose profile shows a firm at the right size, and anyone a referral partner has flagged. Send one message every two weeks. Always personalise the first line. Give away one useful tool per message. Never pitch the engagement directly.

**VIP nurture 1: Profit Maximiser**

```text
{personalisation}

Here is something I used to run at Harlow & Pike when we needed to find margin without winning more work.

It is called the Profit Maximiser. It is a simple table that shows how cutting costs at a given margin changes your profit, sometimes dramatically.

At a 10% net margin, for example:

1️⃣ An 11% cut in overheads doubles your profit without winning a single extra job
2️⃣ It shows you exactly which expense lines to look at first, starting with the question 'does this help me get or keep a contract?'
3️⃣ It takes about twenty minutes with your last set of management accounts and usually throws up something useful

Worth a look: [link]

If it throws up a question or you want to talk through what the numbers are saying, I am on Monday and Thursday afternoons.
```

_Personalise the first line with something specific from their profile or a recent post, for example 'Saw you picked up the Barnsley leisure centre contract.' Send every two weeks. Follow up a few days later with the five-step expense review question if no reply._

**VIP nurture 2: Time Value Tracker**

```text
{personalisation}

One of the things that crept up on me at Harlow & Pike, and that I hear from most MDs in this sector, is how much time gets spent on the wrong things.

This tool is called the Time Value Tracker. It sorts your week into three piles.

1️⃣ £10-an-hour jobs: the stuff you do because nobody else is doing it, site calls, chasing subs, answering questions Dave should be handling
2️⃣ £100-an-hour jobs: the operational decisions and reviews that need the MD but probably less often than they happen
3️⃣ £1,000-an-hour jobs: pricing strategy, key client relationships, decisions that actually move the business forward

Most MDs who run through it find they are spending the bulk of their week in the £10 pile. That is not a criticism, it is just what happens when the business grows faster than the structure below it.

Here is the tracker: [link]

If it is useful or throws something up, I am around on Monday and Thursday afternoons.
```

_Use for MDs who show signs of owner dependency in their replies or profile, for example referencing being constantly busy or unable to step back._

**VIP nurture 3: Cashflow Forecaster**

```text
{personalisation}

Retentions are the quiet killer in contracting. I have seen businesses with a solid order book and a decent profit line still struggle for cash in February because nobody was systematically chasing the holdbacks from jobs closed the previous spring.

Revenue is vanity, profit is sanity, cash is king. This tool helps you see where the cash actually is.

The Cashflow Forecaster gives you:

1️⃣ A clear view of what is coming in and when, including retentions by release date so nothing gets forgotten or written off quietly
2️⃣ A prompt to review aged retentions and assign someone accountable for chasing each one on a set schedule
3️⃣ Five methods and more than twenty-five tactics for getting cash moving faster in a contracting business

Here is the forecaster: [link]

If you want to talk through how your retentions are sitting right now, I have time on Monday and Thursday afternoons. No prep needed from your side.
```

_Use for MDs who have mentioned cash flow, retentions or money sitting unpaid in earlier messages or replies. Strong fit for businesses where applications are going in regularly but cash arrival is lumpy._

### Nurture rhythm

- **Week 2:** Send the Profit Maximiser. First VIP nurture message. Personalise the opening line. Give away the tool with three numbered benefits. No pitch. Close with Monday or Thursday afternoon availability.
- **Week 5:** Send the Time Value Tracker. Second VIP nurture message. Tailor the opening to anything they said in their original reply or anything visible on their profile. Keep the tone conversational and plain.
- **Week 8:** Send the Cashflow Forecaster. Third VIP nurture message. Lead with the retentions angle if you know it is relevant. If they have not replied to anything yet, this is a good moment to add a single soft question: 'Is this landing at a useful time, or is cash flow not the current headache?'
- **Day 90:** Check-in. One short, plain message. Reference something specific, a job type, a season, a market condition relevant to their sector. Ask one question: 'Is the margin question still something you are working through, or has it sorted itself?' No tools, no links. Just a straight conversation opener.

===== offer:direction (43s, 5444 chars)
I help MDs of M&E and HVAC contracting firms find where the margin is going and get out of the operational middle, without spending months explaining how the industry works, using a weekly numbers rhythm built around live job costing, retention tracking, and clear accountability.

### The gap

| Today | What they want |
| --- | --- |
| Winning schemes but taking less home than last year, with no clear explanation for the gap | Know at week four whether a job is making or losing money, with time to act before the final account lands |
| Retentions sitting unpaid for months with nobody accountable for chasing them | One person responsible for every holdback on a set schedule, with the cash moving regularly |
| MD still fielding every site call, four days off in July and the phone never stopped | Contracts manager and site team making their own decisions, MD steps in only when it genuinely needs him |
| A business worth twenty years of work that only runs because the owner is in the middle of it | A business that runs on process, not on the owner, one they could step back from or sell for something decent |

### Why they will buy

- Know-how: Mike has tried a spreadsheet, promoted a senior engineer, brought in an accountant. None of it fixed the margin bleed or stopped the calls coming through. He does not know how to build a weekly numbers rhythm that gives him live visibility on a scheme while it is still running.
- Speed: Every week without visibility is another week the same problem repeats on the next job. Mike cannot afford to spend three months onboarding someone who has never heard of a retention or a final account. Zander gets into job reviews from week one.
- Ease: Mike already carries the full operational weight of the business. He does not want another project on top. Zander brings the structure, sits in the numbers alongside him, and makes the changes without creating a second job for the MD.
- Fit: Mike's biggest objection is that most coaches have never stood on a live site. Zander spent fifteen years in building services. He already knows what a variation looks like, how an MC squeezes a programme, and why a final account comes back short. There is no warm-up period.

### Key messages

1. You are winning work and the revenue is there. The problem is you cannot explain where the profit goes, and by the time the final account tells you, it is too late to do anything about it on that job or the next one.
2. Retentions do not chase themselves. If nobody in the business owns that job on a set schedule, the money sits idle, some of it gets written off, and the cash flow pressure forces decisions from the wrong position.
3. Being the person everybody rings is not a sign the business is working. It is a sign the business cannot work without you, and that has a cost: in hours, in holidays that do not happen, and in a sale price that does not reflect what you have built.
4. A report from a consultant does not change anything on a live scheme. What changes things is someone who gets into the job costing weekly, calls the problem while there is still time to act, and stays in the numbers rather than moving on after the presentation.
5. The longer you wait for more time to look at this properly, the more final accounts land short. The cost of waiting is not zero. It is the same forty or fifty thousand pounds on the next scheme, and the one after that.

### The offer

- **Name:** The Contractor's Profit Practice
- **Promise:** Real visibility on where the margin is going, retention cash moving on a proper schedule, and the MD out of the operational middle - within the first six months.
- **Who it is for:** MDs and owners of M&E, HVAC and electrical contracting firms turning over between £2m and £12m, who are winning work but not banking what they expected.
- **What is included:** Weeks one to four: Zander sits in on job reviews and pricing discussions, diagnoses where margin is bleeding, and maps the retentions position. A weekly numbers rhythm is built around live schemes, not last month's management accounts. From month two onwards: two 90-minute sessions a month, a standing weekly check on the numbers, and direct access when something on a live scheme needs a call.
- **Format:** Hybrid. Some sessions at the client's office or on site, particularly in the early weeks. Sessions run on Tuesdays and Wednesdays. Client capacity is capped at eight.
- **Price options:** £1,950 per month rolling, or six months upfront at a fixed rate. Prospect calls on Mondays and Thursdays from 1pm.

### Why you

- Grew the HVAC division at Harlow & Pike Building Services from £4.2m to £11.8m in five years by fixing the same problems his clients face: margin bleed, retentions sitting idle, and an MD fielding every call.
- Fifteen years inside building services, from Project Engineer at Northern M&E through Contracts Manager to Operations Director. Not an accountant. Not a generalist. Someone who has actually run the operation.
- Gets into job reviews and pricing discussions from week one. No warm-up period, no months spent explaining what a retention is or how an application works.
- Carries a maximum of eight clients. Each one gets proper time, not a slot on a conveyor belt.
- Tracks the numbers from the start so the improvement is visible and traceable: margin recovered on live jobs, retentions chased and banked, pricing sharpened before the next tender goes in.

===== offer:payment (40s, 4719 chars)
The fee is never the number - it is the number against what margin bleed is costing on every scheme that lands short.

| Option | Investment | Best for |
| --- | --- | --- |
| Monthly rolling | £1,950 per month | MDs who want to start and see the numbers move before committing further |
| Six months upfront (full) | £10,800 | Owners who want the best rate and are ready to commit to the work |
| Six months upfront (split: 50% now, then monthly) | £5,400 on day one, then £1,080 per month for five months | Owners who want the upfront rate but need to spread the outlay |

### If they ask the price early

**Anchor script - price asked early**

```text
The MDs I work with invest anywhere from under two grand a month up to around fifty thousand a year, depending on the size of the business and what we are getting into. Most start at £1,950 a month. Where that sits for you depends on what is actually going on in the business. I could do Monday or Thursday afternoon for a proper conversation - which works better for you?
```

_Use this when price comes up before the discovery call. It anchors high, names the entry point, and moves straight to booking. Do not negotiate before you have heard the full picture._

### At the end of the call

**Either-or close**

```text
Right, so based on what you have told me - the margin that went on the Wakefield job, the retentions nobody is chasing, and the calls still coming through to you - I think there is a real case for getting into the numbers properly from week one. The way it works is two options: monthly at £1,950, which keeps it flexible, or six months upfront at £10,800, which is the better rate if you are ready to commit to it now. Some people prefer to split that upfront amount - half today, rest spread monthly. Which of those fits how you prefer to do things?
```

_Deliver this after the discovery call, once the pain is clear and the fit is confirmed. Name their specific job or problem from the conversation - do not use a generic script. Present all three options and let them choose. Stay quiet after you ask._

### Proposal outline

1. **Where you are now.** Two or three sentences reflecting exactly what Mike said on the call. Name the specific job, the specific gap, the specific frustration. This section shows you listened. No generic framing.
2. **What it is costing.** Quantify the problem in their numbers where possible. If a final account came back £50k short and the pattern repeats twice a year, say so. Retentions sitting unpaid for eighteen months - put a figure on what is out there if they gave you one. Make the cost of staying still visible.
3. **What changes.** Describe the three outcomes: real visibility on job margin before the FA lands, the retention cash moving on a proper schedule, and the MD out of the operational middle. Keep it to what you actually deliver, not a list of activities.
4. **How it works.** Weeks one to four: Zander sits in on job reviews and pricing discussions, maps the retentions position, and builds the weekly numbers rhythm around live schemes. From month two: two 90-minute sessions a month, a standing weekly check on the numbers, and direct access when something on a live job needs a call. Hybrid - some sessions at the client's office or on site, particularly early on.
5. **Why it works with me.** One short paragraph. Fifteen years in building services. Operations Director at Harlow & Pike. Grew the HVAC division from £4.2m to £11.8m in five years by fixing the same problems - margin bleed, retentions sitting idle, MD still fielding every call. Gets into job reviews from week one. Maximum eight clients. No warm-up period.
6. **Your investment.** Set out all three options clearly: £1,950 per month rolling; £10,800 for six months upfront; or £5,400 now and £1,080 per month for five months. State that capacity is capped at eight clients and the next available start is [date]. Include a clear next step: sign off here, or reply to confirm, and we start on [date].

### Raising your price

Start at £1,950 per month and hold it for your first two clients while you bed in the rhythm. Once you have two clients on and results starting to show in the numbers, raise by £500 to £2,450. Do the same again after the next two. By the time you are at six clients you should be taking on new work at £2,950 or more. The six-months-upfront rate rises in step - recalculate it at roughly five and a half times the monthly rate each time you move up. The anchor stays the same: the fee is small against a recovered final account or a retention that gets banked rather than written off. If a prospect pushes back on price, ask them what the Wakefield job cost them. That usually settles it.

===== sales:value (81s, 12421 chars)
The Margin Blind Spot Audit is Zander's free 30-minute session for MDs of M&E and HVAC contracting firms. The owner walks away knowing exactly where their margin is most likely bleeding, whether their retentions position is a crisis or just messy, and what one thing to change this week before the next final account lands short.

- **Name:** The Margin Blind Spot Audit
- **Length:** 30 minutes, no prep required from the owner
- **Who it is for:** MDs and owners of M&E, HVAC and electrical contracting firms turning over between £2m and £12m, winning work but not banking what they expected
- **What they get:** A straight look at where margin is most likely going on live schemes, a quick read on the retentions position, and one or two things they can act on before the next final account lands
- **The promise:** In 30 minutes you will know more about where your profit is going than most management accounts will tell you in six months. No pitch. No fluff. No catch.

### The questions

| Area | Question | Red looks like | Green looks like |
| --- | --- | --- | --- |
| Job costing visibility | On a scheme running right now, can you tell me what the margin is looking like at this point in the programme? | Owner relies on the final account to find out. No live numbers during the job. | Owner can pull up a cost-to-complete within 24 hours and the contracts manager reviews it weekly. |
| Margin bleed on finished jobs | Think of a job in the last 18 months that came back short on the final account. Could you explain at the time where the gap was? | Owner suspects a few reasons but cannot pin the gap to specific lines. Same story repeats on similar schemes. | Owner can point to the exact cause: absorbed variations, underpriced second fix, programme squeeze. It was caught early enough to recover some of it. |
| Variation control | When a variation comes up on site, who decides whether to absorb it or claim it back, and how quickly does that happen? | Site supervisor or engineer absorbs it on the day. It surfaces weeks later, if at all. The value is gone. | There is a clear rule. Variations above a set value go to the contracts manager the same week. Applications are updated before the next valuation. |
| Retentions | How much money is sitting in retentions right now across all your contracts, and who is responsible for chasing it? | Owner has a rough figure but no schedule. Nobody owns the chase. Some older ones have been written off informally. | There is a live retentions log. One person is accountable. Each holdback has a release date and a named action. |
| Applications and cash flow | How often do applications go in late, and what happens when the MC queries one? | Applications slip by a few days regularly. Queries sit in someone's inbox. Cash arrives later than it should. | Applications go in on time every cycle without the MD chasing. Queries are turned around within 48 hours. |
| Owner dependency | On your last break of four or more days, how many times did the business call you for a decision? | Phone did not stop. Owner made calls from the car park, the kitchen, wherever they were. The break was not a break. | Two calls or fewer. Both were genuinely exceptional. The contracts manager handled the rest. |
| Management information | When do your management accounts arrive, and by the time you see them, can you still change anything they describe? | Accounts arrive five or six weeks late. They describe history. Nothing on a live scheme can be changed using them. | Owner has a weekly numbers summary on live jobs. Management accounts are used to confirm what the owner already knows. |
| Pricing confidence | When you put a price in on a scheme similar to ones you have done before, how confident are you that the margin in the tender reflects what actually lands on the final account? | Owner knows there is usually a gap but cannot identify where in the pricing it happens. Tenders are based on feel as much as cost. | Owner can trace the margin from tender to final account on at least three recent jobs. Pricing is adjusted based on what previous schemes actually cost. |
| Key person risk | If your contracts manager handed in their notice tomorrow, what operational knowledge walks out with them? | Most of what makes the operation run is in one or two people's heads. No handover pack exists. Loss of that person is a crisis. | Key processes are written down or systematic enough that a replacement could be brought up to speed within a few weeks without the MD covering the gap personally. |

### Your opening questions

1. What is the biggest thing in the business right now that is stopping you banking what you should be from the work you are winning? I am not talking about the order book or the pipeline - I mean once the jobs are done, what is getting in the way of the money being where it should be?
2. If we were sitting here twelve months from now and things had gone the way you want them to, what would be different? What would you be able to tell me about how the business is running and what you are taking home?
3. Why does getting that sorted actually matter to you, beyond just the numbers? Because most MDs I talk to have a reason behind the reason - whether that is family time, being able to step back eventually, or just not wanting to feel like the business is running them rather than the other way round.
4. What have you already had a go at to get on top of this - spreadsheets, bringing someone in, promoting someone internally? Tell me what you tried and how that landed, because I want to work with where you are, not start from scratch.

### The magic question

**The magic question**

```text
Based on what you have told me, I think I know where the problem is sitting. Would it be useful if I showed you how I help MDs in exactly this position get on top of it - and what that typically looks like in practice?
```

_Wait for the yes. Do not move until you have it._

**Bridge into the offer**

```text
Right. So you have told me that the Wakefield-type jobs are landing short and you cannot fully explain the gap before the final account tells you it is too late. You want to be in a position twelve months from now where you know at week four whether a scheme is making money, and you can take a week off without the phone going. And underneath that, you want to know the twenty years you have put into this is actually building something worth having.

Here is how I typically work with clients who are in that spot.

First, I get properly into the numbers. In the first few weeks I sit in on job reviews and pricing discussions. Not to observe - to dig. I want to see where the margin is going on live schemes while there is still time to do something about it. That is not something an accountant does, and it is not something a consultant does after writing a report. It is hands-on, and it starts week one.

Second, I build a weekly rhythm around what is actually running. Not last month's management accounts. Live job costing, retentions tracking, and a clear picture of where each scheme is heading before the final account lands. You stop flying blind.

Third, I work on getting you out of the operational middle. That means the contracts manager and the site team making their own calls on the day-to-day, with clear lines so the right things still get to you and the wrong ones do not. The goal is that a week off is actually a week off.

I carried this same operation at Harlow & Pike - we grew the HVAC division from £4.2m to £11.8m in five years by fixing exactly these things. I know how the mechanics work because I have lived them.

Does that sound like the kind of support that would make a difference for you?
```

_Reflect back the owner's own words from the opening questions. Tie each of the three points to their specific challenge, their 12-month outcome, and their personal reason. Add the Harlow & Pike proof before the close. Pause after the final question._

### The launch kit

**Launch email**

```text
Subject: Free 30-minute session for M&E and HVAC contractors: find out where your margin is going

Hi {first_name},

If you are winning work but taking less home than you expected, the problem is almost never the order book.

It is usually one of three things: margin bleeding out on jobs with no clear explanation until the final account lands, retentions sitting unpaid with nobody accountable for chasing them, or the MD still in the middle of every decision because the operation cannot run without them.

I spent fifteen years in building services, the last few as Operations Director at Harlow & Pike, where we grew the HVAC division from £4.2m to £11.8m by fixing those exact problems. I now work with MDs of M&E and HVAC contracting firms to do the same.

I am offering a free 30-minute Margin Blind Spot Audit for a small number of MDs this month. In the session you will:

- Find out where margin is most likely going on your live schemes right now, before the next final account tells you it is too late
- Get a straight read on your retentions position and what it is costing you in idle cash
- Walk away with one or two things you can act on this week

No fluff. No pitch. No catch.

Five spots available this month.

Book yours here: {booking_link}
```

_Send on a Monday or Thursday afternoon to MDs of M&E, HVAC or electrical contracting firms. Personalise the opening line if you have a specific trigger event, for example a final account, a referral, or a recent conversation._

**Nudge email**

```text
Subject: A couple of spots left this month

Hi {first_name},

Just bringing this back up in case it got buried.

The Margin Blind Spot Audit - a free 30 minutes to find out where your margin is going on live schemes before the final account tells you it is too late.

Two spots left for this month.

{booking_link}

Zander
```

_Send three to five days after the launch email if no response. Keep it short. No re-explaining the offer._

**LinkedIn DM invite**

```text
Hi {first_name}, I work with MDs of M&E and HVAC contracting firms who are winning work but not banking what they expected. Usually comes down to margin bleed on jobs, retentions sitting idle, or the MD still in the middle of everything. I offer a free 30-minute session to get a straight read on where the problem is sitting. Want the link?
```

_Send after connecting on LinkedIn. Works for cold connections and warm contacts who fit the avatar. Keep it conversational, not a pitch._

**LinkedIn DM nudge**

```text
Just checking this landed, {first_name}. Happy to send the link if it is useful.
```

_Send four to six days after the invite if no reply. One line only._

**LinkedIn Featured section description**

```text
Free 30-minute Margin Blind Spot Audit for MDs of M&E and HVAC contracting firms. Find out where your margin is going on live schemes before the final account tells you it is too late. Five spots a month. No pitch. Book here: {booking_link}
```

_Pin this as a Featured link on the LinkedIn profile. Update the spots remaining if relevant._

**Calendar page description**

```text
This is a free 30-minute Margin Blind Spot Audit for MDs of M&E, HVAC and electrical contracting firms turning over between £2m and £12m. We will look at where margin is most likely going on your live schemes, what your retentions position is actually costing you, and what one or two things are worth acting on this week. No prep needed from you. No pitch from me.
```

_Use as the description on the booking calendar page. Keep it plain and direct. Owners scan this before deciding whether to book._

### If they say not now

Do not push. Say something like: 'Fair enough, Mike. The important thing is you have got a clearer picture of where to look. If it would be useful, I can drop you a short note on what we covered and check back in a few weeks to see how things are sitting.' Send a brief email within 24 hours: two or three lines summarising the one or two things that came up in the session, no sales language, and a single line at the end saying you will check in. Set a reminder for two weeks and send a one-line message: 'Just checking in as promised. How are the numbers looking on that scheme we talked about?' The door stays open. The jobs running right now are either making margin or bleeding it, and that does not change because the timing was not right for the conversation.

===== sales:script (75s, 10473 chars)
This script takes a contractor MD from first hello to a signed engagement, in one conversation, by staying in their world the whole way through.

### Opening

**Opening**

```text
{first_name}, thanks for making the time. Good to meet you properly.

Before I say anything about what I do, I want to understand where you're at. Tell me what's going on in the business right now and what made you want to have this conversation.

[Listen. Do not interrupt. Let them get it out.]

And what does the next twelve months look like for you, if things go the way you want them to?
```

_Two minutes maximum. Get them talking before you say anything about yourself or the offer. The gap between their current situation and that twelve-month picture is what you are selling into._

### Questions that find the gap

1. When a scheme finishes and the final account lands, how often does the number match what you expected at tender stage? And when it doesn't, can you explain where the gap came from?
2. Are you tracking job margin while a scheme is running, or is the first real picture you get when the FA comes back?
3. What happens to retentions once a job is signed off? Is there someone in the business whose job it is to chase them on a set schedule, or does it fall through the cracks?
4. If I asked you right now how much retention money is sitting out there across all your finished jobs, could you give me a number?
5. When a decision comes up on site, a variation, a programme change, a dispute with the MC, who actually makes that call? Is it Dave, or does it still end up with you?
6. How many hours a week are you spending on things you thought you'd stopped doing two or three years ago?
7. You mentioned the order book's solid. When a big new scheme comes in, what's your honest reaction to it right now, satisfaction or a bit of dread about how the operation absorbs it?
8. Your management accounts, how old is the information by the time it lands? And what are you actually running the business on week to week in the meantime?
9. If you took two weeks off tomorrow, completely off the phone, what breaks first?
10. When you think about what you've built over the last fifteen or twenty years, what would it need to look like for you to feel it was actually worth it?

> **After questions 1 to 4:** You are mapping the margin and retention picture. By question 4 you should know whether they can name a number for money sitting unpaid. Most cannot. That silence or hesitation is the moment. Do not fill it.

### Transition

**Transition into the game plan**

```text
Right. Based on what you've just told me, I've got a pretty clear picture of where the pressure is coming from.

You're winning work, the lads are busy, the order book's there. But the margin's bleeding somewhere between tender and final account and you can't fully explain it while the scheme's still running. The retentions aren't being chased on any real schedule. And you're still the one holding the whole thing together day to day.

That's not a business problem, that's three specific problems, and they're fixable. Can I show you exactly how I'd approach that for a business like yours?
```

_Wait for the yes before moving into the game plan. If they add something at this point, take note of it and fold it into step one or two._

### The game plan

1. **Get into the numbers on live schemes before the final account tells you it's too late.** In the first four weeks I sit in on your job reviews and pricing discussions. Not to observe, to work. We go through your live schemes together and I help you build a weekly costing rhythm so you can see at week four or five whether a job is making or losing money, while there's still time to act on it. Variations that should be claimed, programme changes that haven't been notified, second-fix rates that were underpriced at tender. We find it while it's live, not when the FA lands and the client's moved on.

Check-in: On the Wakefield job, or whichever one's fresh in your mind, at what point did you first suspect the numbers weren't where they should be? And by the time you knew for certain, how much could you realistically have done about it?
2. **Get the retention money moving on a proper schedule with someone accountable for it.** We map every retention sitting unpaid across your finished jobs. Every one. Then we put a single person in the business on a set chase schedule with a clear process and a deadline for escalation. That cash is earned. It just needs someone who owns it. In most firms I've worked in, getting a proper retention process in place moves tens of thousands in the first few months, sometimes more. It also changes the cash position, which means you're making decisions from a stronger footing rather than from pressure.

Check-in: Do you have a rough sense of how much is sitting out there right now, and is there anyone in the business who currently owns that chase? Or does it mostly sit with you?
3. **Get you out of the operational middle so the business works without you in every decision.** Once we have visibility on the numbers and the retention cash is moving, we turn to the structure. We look at where the calls are coming from and why they're landing with you instead of Dave or whoever's supposed to be holding it. We set proper boundaries, build the accountability rhythm with your contracts managers and supervisors, and work out what the management layer actually needs to look like for you to take a week off and the phone to stay quiet. This is where the longer-term value is. A business that runs without you in the middle of it is worth something. One that doesn't isn't.

Check-in: If Dave could genuinely handle ninety percent of the site decisions himself, what would that free you up to do? And what's actually stopping that from being the case right now?

### Results and proof

I'm not talking about this from the outside. At Harlow & Pike I ran the HVAC division from £4.2m revenue to £11.8m over five years. The way we got there was by fixing the same three things I've just described: live job costing so margin didn't bleed out between tender and final account, a planned maintenance model that gave us recurring cash instead of chasing every new install, and a management structure that meant I wasn't the one answering every site call. I know what it looks like when a division is winning work and not banking what it should. I know what it takes to change that, because I've done it inside the operation, not from a PowerPoint. That's the experience I bring into your business from week one.

### Price and close

**Price and close**

```text
Let me tell you how this works practically.

The engagement is called The Contractor's Profit Practice. It runs at £1,950 a month on a rolling basis, or you can fix six months upfront if you'd prefer the certainty.

In the first four weeks, I'm in the business. Job reviews, pricing discussions, the retentions position. We build the weekly numbers rhythm around your live schemes. From month two, we move to two 90-minute sessions a month, a standing weekly check on the numbers, and direct access when something on a live scheme needs a call. Some of that will be at your office or on site, particularly early on. I carry a maximum of eight clients, so each one gets proper time.

The reason I start with the job reviews and the live numbers is that the return shows up fast and it's traceable. Margin recovered on a running scheme, retentions chased and banked, pricing sharpened before the next tender goes in. One recovered final account typically covers several months of the fee.

I've got [X] spots available right now. Based on what you've told me today about {their specific challenge}, I think this is the right fit. Does it sound like the kind of support that would make a real difference?
```

_Slow down on the price. Say the number once, clearly, and stop talking. Do not justify it before they've reacted. If they go quiet, let them think._

### Objections

| They say | You say |
| --- | --- |
| I can't justify £1,950 a month unless I can see a direct return. | That's fair, and it's the right question to ask. The return is specific and traceable from the start: margin recovered on live schemes, retentions chased and banked, pricing sharpened before the next tender goes in. I track the numbers from week one so you can see exactly what's moved. One recovered final account on a job that should have made forty or fifty grand usually covers months of the fee. If you look at the last scheme that came back short, what would it have been worth to catch that four weeks earlier? |
| I need to think about it. Can I come back to you? | Of course. Take the time you need. Can I ask what the main thing is you want to think through? Because if it's something I can answer now, it saves you sitting on it. The jobs running this week are either making margin or bleeding it. The same final account will land in twelve weeks whether we're working together or not. I just want to make sure the decision's based on the right information, not on anything I've left unclear. |
| I'd need to run it past my wife / business partner first. | Makes complete sense, it's a proper commitment. What would help them make that call? If it's useful, I can put something in writing that sets out exactly what we'd cover in the first four weeks and what the return looks like, so they've got something concrete rather than just your summary of a conversation. Would that help? |
| The timing's not great. Maybe in six months. | I hear that a lot, and I get it. But think about what's running right now: the schemes on site, the retentions sitting unpaid, the calls still landing with you. Six months from now, some of those final accounts will have landed. Some of that retention money will have been written off. The same problems will still be there, and so will the cost of them. The timing never feels perfect. What would need to be true for it to feel right? |
| I've had consultants before. They wrote a report and nothing changed. | Aye, I've seen how that goes. A report describes what's wrong. It doesn't change what's happening on a live scheme next Tuesday. I don't produce a report and move on. I'm in the numbers every week. If something's slipping on a running job, I'm there to call it while there's still time to act, not six weeks later when the damage is done. That's a different thing to what you've had before. |

===== content:posts (46s, 6214 chars)
Zander's content angle is simple: he has lived the exact problems his buyers are dealing with right now, and every post proves it.

### Content pillars

| Pillar | What it covers | Example hook |
| --- | --- | --- |
| Margin visibility | Job costing, final accounts, where profit disappears on a scheme that looked fine at tender | 'The Wakefield job ran twelve weeks, the lads were flat out, and the final account came back forty grand short. Nobody could explain it.' |
| Retention cash | Holdbacks sitting unpaid, the cost of writing them off, what a proper chase process looks like | 'There's money sat out there from jobs you finished eighteen months ago. If nobody owns it, some of it just gets written off.' |
| Owner dependency | MD as the bottleneck, calls that should not come through, holidays that never happen, what has to change | 'If you had four days off last July and the phone never stopped, that is not a business. That is a job you cannot leave.' |
| Proof and career lessons | Specific results from Harlow & Pike, what the shift from one-off installs to planned maintenance contracts actually involved, lessons that transfer | 'We grew the HVAC division from £4.2m to £11.8m in five years. The first thing we had to fix was the same thing most MDs I meet are struggling with right now.' |

### Twelve post ideas

1. The Harlow & Pike shift: how moving from one-off installs to planned maintenance contracts changed everything about how we priced and what we kept.
2. Why your management accounts are the last place you should look if you want to know whether a live scheme is making money.
3. A final account came back £40k short. The job ran well, apps went in on time, and nobody in the business could explain the gap.
4. Retentions do not chase themselves: what it costs when nobody in the business owns that job on a set schedule.
5. The four things that happen on a site the week before a variation gets absorbed rather than claimed - and why most MDs never see it coming.
6. You promoted a senior engineer to take the pressure off. The calls still come through to you. Here is why that happens and what actually fixes it.
7. What £11.8m looks like from the inside: the discipline that held margin through growth at Harlow & Pike.
8. Mike's July holiday: four days off, phone never stopped, and a conversation with his wife he cannot unhear.
9. The spreadsheet that never gets updated in time: why job costing only works if it is live, not retrospective.
10. Three things a good FD will not do for you - and why that gap matters more than most MDs realise.
11. Ask post: what is the one number you wish you could see on a live scheme, in real time, before it is too late to act?
12. Twenty years of building a business. The number at the end of it should reflect that. Here is what gets in the way.

### Ready to post

**Proof story**

```text
When I took over the HVAC division at Harlow & Pike, it was turning over £4.2m a year.

Five years later it was £11.8m.

But the number that mattered most to me was not the revenue. It was the margin we held through that growth.

Because most contracting businesses that grow at that rate do it by taking on more work than they can price properly, absorbing variations they never claim back, and letting retentions sit unpaid until some of them just get written off.

We had all of those problems at the start. The division was busy, the lads were working, and the final accounts kept coming back short in ways nobody could fully explain.

What changed it was not more turnover. It was a weekly numbers rhythm on every live scheme. Job costing reviewed while the work was still running, not six weeks after it finished. Retentions owned by one person on a set schedule. Pricing sharpened before the next tender went in.

That is the work I now do with MDs of M&E and HVAC firms who are winning their share of work and still wondering where the money goes.

If that sounds familiar, take three minutes on the BOSS Scorecard - link in the comments. It will show you exactly where the cap is in your business.
```

_Post midweek, Tuesday or Wednesday morning. Attach no image. Let the numbers do the work. Add the BOSS Scorecard link in the first comment._

**The 3am thought**

```text
It is 3am and you are running the Wakefield final account in your head again.

The job ran twelve weeks. The lads were flat out. Applications went in on time. You won the scheme on a decent margin.

And the number in front of you is forty grand short of where it should be.

Maybe the second fix was underpriced. Maybe the programme got squeezed and the extras never got claimed back properly. Maybe the site supervisor absorbed three days of rework that should have been a variation.

You do not know. And that is the bit that keeps you awake. Because if you cannot explain it on that job, it is probably happening on the next one too.

This is the problem I hear from almost every MD I speak to in building services. Not that the business is failing. It is turning over more than ever. The lads are busy. The order book is solid.

But the money at the end of the year does not match the effort that went in.

The fix is not a better accountant or a bigger spreadsheet. It is visibility on a live scheme while there is still time to do something about it.

If you are lying awake over a final account right now, drop me a message. Happy to have a straight conversation about what that usually looks like and what tends to fix it.
```

_Post on a Monday morning when MDs are back at their desk after a weekend of thinking. End with a direct invitation to message, not a link. This post invites conversation, not clicks._

> **Posting rhythm:** Four posts a month is the floor, not the target. One proof or career post, one pain post built around a 3am thought, one practical post on margin or retentions or owner dependency, and one question or opinion post that invites MDs to reply. Post on Tuesday or Wednesday mornings when your buyers are at their desks. Put calls to action in the first comment, not the post itself, so the algorithm does not limit reach. Reply to every comment the same day - conversation in the comments is worth more than extra posts.

===== content:newsletter (37s, 4937 chars)
The Contractor's Profit Letter is a short, practical read for MDs and owners of M&E and HVAC contracting firms who are winning work but not banking what they expected. Each issue covers one idea, one example, and one thing to act on this week.

- **Name:** The Contractor's Profit Letter
- **Who it is for:** MDs and owners of M&E, HVAC and electrical contracting firms turning over £2m to £12m
- **How often:** Monthly
- **Format:** Email and LinkedIn newsletter
- **Call to action:** Book a free 45-minute profit visibility session with Zander on a Monday or Thursday from 1pm

### The first issue

**Issue 1**

```text
Subject: The Wakefield job looked solid. So why is the final account short?

Every M&E MD I speak to has a version of the same story.

The job was priced right. The lads were on it. Applications went in on time. Then the final account lands and there is a forty or fifty grand gap, and nobody in the business can fully explain it.

I lived this at Harlow & Pike. We had schemes that looked fine at tender, ran smoothly enough on site, and still came back short. The problem was not that we were bad at the work. The problem was that by the time the final account told us what had happened, there was nothing left to do about it on that job or the next one.

Here is what we found was causing the gap, more often than anything else.

First, variations getting absorbed without being claimed. The programme gets squeezed, the scope shifts, the engineers crack on because that is what they do, and nobody gets the paperwork in before the window closes.

Second, the second fix being underpriced at tender and nobody catching it mid-job because there is no weekly look at where the cost is sitting against the estimate.

Third, the application going in on time but the supporting detail being thin, so the MC picks holes in it and knocks it back, and the argument never gets picked up properly.

None of those are disasters on their own. Together, they are forty grand you will never see.

The fix is not complicated. It is a weekly look at live job cost against estimate while the scheme is still running. Not a full audit. Not a new system. Just someone asking the right questions at week four, when there is still time to do something about it.

One thing to do this week: pick one live scheme and ask your contracts manager where the cost is sitting against estimate right now. Not at the end of the job. Now. If they cannot answer without going away for two days, you have found the problem.

If you want to get proper visibility on where the margin is going across your current order book, I offer a free 45-minute session to MDs who want a straight conversation about it. No pitch. Just a look at what is happening on your jobs and what is worth tackling first.

Book a time on a Monday or Thursday from 1pm: [booking link]

Zander Demo
The Contractor's Profit Practice
[email] | [phone]
```

### The next six issues

| Issue | Subject line | The one idea |
| --- | --- | --- |
| 2 | There is money sat out there from jobs you finished eighteen months ago | Retentions do not chase themselves. One person, one schedule, one chase call a week is the difference between banking the money and writing it off. This issue sets out the simplest retention tracking system that actually gets used. |
| 3 | Your management accounts are six weeks old. Here is what to look at instead | Last month's numbers describe what already happened. A weekly look at live job cost, application status and retention position tells you what is happening now. This issue explains what a weekly numbers rhythm looks like in a contracting business. |
| 4 | Dave's good. So why is he still ringing you? | Promoting a senior engineer or contracts manager does not automatically move the decisions down. This issue covers how to set the boundaries properly so the calls stop coming through to the MD without the business unravelling in the process. |
| 5 | You priced that job to make fifteen percent. Where did it go? | Margin bleed has three common causes in M&E contracting: unpriced variations, second fix underestimated at tender, and applications that do not get pushed back hard enough. This issue covers how to spot which one is costing you most before the next final account lands. |
| 6 | What is this business actually worth if you are not in it? | Twenty years of work built into a business that only runs because the owner is in the middle of it has a sale price to match. This issue explains what buyers look for in a contracting business and what that means for how you run it today. |
| 7 | The scheme that felt wrong from the start, and how to spot the next one earlier | Some jobs bleed margin from day one because of how they were priced, what was left out of the tender, or who the client is. This issue covers the signals to look for before you commit, and how to price the risk in rather than absorbing it at the end. |

===== ninety:quarter (38s, 4971 chars)
One objective for the next 90 days: sign your first three to four clients, build the weekly rhythm that proves the practice works, and have a pipeline that makes eight clients inevitable.

- **£7,800/mo** Income at four clients (minimum fee of £1,950 each)
- **4 clients** Target by week 12 to prove the model and review pricing
- **12 calls** Prospect calls needed to sign four clients, assuming one in three converts
- **60+ replies** Conversations needed to book 12 calls, assuming one in five replies books

> **On the income target:** These figures are built from Zander's actual minimum fee of £1,950 and a capacity of eight. The quarter target is four clients, not six, because the early weeks carry setup time and the sector moves at its own pace. Four clients at £1,950 is £7,800 a month and a solid proof-of-concept. Pricing review happens after client two or three.

### Week by week

- **Weeks 1 to 2:** Foundations locked. LinkedIn rewritten and published. Profit Coach page live with the offer, the Harlow & Pike proof, and the BOSS Scorecard link. Practice email active. Calendar connected with prospect call slots (Mondays and Thursdays from 1pm). Prospect list of 100 warm contacts and 900 targeted MDs in HVAC, M&E and electrical contracting compiled. First outreach message drafted and tested on five contacts before the campaign goes wide.
- **Weeks 2 to 4:** First campaign live. LinkedIn connection requests sending daily to MDs of M&E and HVAC firms in West Yorkshire, South Yorkshire and Greater Manchester. Target: 50 requests a week, 20 accepted, five replies. Follow-up messages sent within 24 hours of acceptance. Every reply handled the same day. Goal by end of week four: two to three prospect calls booked.
- **Weeks 4 to 8:** Calls running, first client signed. Two to three prospect calls a week. Value sessions run for the strongest prospects: Zander gets into their numbers, calls the margin problem, and shows what the weekly rhythm looks like in practice. First client signed by week six. Content goes out four times a month on LinkedIn: job costing, retentions, final accounts, and the cost of waiting. Each post draws on the Harlow & Pike experience directly.
- **Weeks 8 to 12:** Second campaign angle tested, referrals asked for. Second outreach angle tested: retention cash and cash flow pressure rather than margin bleed as the lead hook. Pricing reviewed after clients two and three. First newsletter issue sent to the prospect list. Referrals asked for from the first client once early results are visible. Pipeline target: eight to ten live conversations at any point, enough to make the next client a matter of when, not if.

### Weekly numbers

| Activity | Per week |
| --- | --- |
| LinkedIn connection requests sent | 50 |
| Connections accepted (target) | 20 |
| Follow-up messages sent to accepted connections | 20 |
| Replies received (target) | 5 |
| Prospect calls booked from replies | 1 to 2 |
| Prospect calls run | 1 to 2 |
| Value sessions run | 1 (from week 5) |
| LinkedIn posts published | 1 |
| Prospect list contacts added | 50 |

### This week

1. **Get the foundations in place.** LinkedIn rewritten and live. Profit Coach page checked: offer, proof, BOSS Scorecard link, and booking link all working. Practice email set up. Calendar open for prospect calls on Monday and Thursday afternoons. Do not start outreach until someone who clicks your profile lands somewhere credible.
2. **Build the prospect list.** Pull 100 contacts to start: former colleagues, subcontractors, engineers, MCs, anyone from fifteen years in building services who is now an MD or owner. Then use LinkedIn search to build toward 1,000 targeted MDs in HVAC, M&E and electrical contracting, £2m to £12m businesses, West Yorkshire outward first. This is the pipeline. Without it, nothing else runs.
3. **Write and test the first outreach message.** Draft the connection request and the follow-up. Lead with the margin bleed problem and the Harlow & Pike proof. Test on five warm contacts before the campaign goes wide. Read every reply the same day and respond within 24 hours. The goal this week is not a signed client. It is the first real conversation.

> **The most likely constraint: getting pulled into delivery before the pipeline is full:** Zander's strength is also his risk. He gets into the numbers from week one, and the first client will feel absorbing. In M&E and HVAC, the work is specific and the early sessions with a new client are intense. The danger is that outreach stops the moment client work starts, the pipeline dries up, and weeks eight to twelve become a scramble to restart from scratch. Spot it early: if you go two weeks without sending connection requests because you were busy with a client, that is the warning sign. Protect Monday and Thursday afternoons for prospect calls and outreach regardless of what is happening on the client side. The practice only compounds if the pipeline keeps moving.
