
===== story:onepager (37s, 4517 chars)
Zander Demo is a former Operations Director who grew a HVAC division from £4.2m to £11.8m in five years at Harlow & Pike Building Services, fixing the same problems his clients face today. He now works with MDs and owners of M&E, HVAC and electrical contracting firms who are winning work but not banking what they expected.

- **£4.2m to £11.8m** HVAC division revenue grown at Harlow & Pike in five years, with margin held throughout
- **8** Maximum clients carried at once, so each gets proper time and attention
- **£1,950/month** Minimum engagement fee, covering weekly numbers rhythm, job reviews and direct access

### Who I help

My core client is the MD or owner of an M&E, HVAC or electrical contracting firm turning over between £2m and £12m, typically with 12 to 40 people on the payroll. They have been in the business ten years or more, often started on the tools or came up through estimating, and they are winning more work than ever while taking less home than they expected. The order book is solid, the lads are busy, and the final account keeps coming back short. They cannot fully explain the gap, and they know the same thing is probably happening on the next scheme.

### The problems I fix

- Margin bleeding out on schemes with no clear explanation: the Wakefield job runs twelve weeks, the lads are flat out, the applications go in on time, and the final account comes back £40k to £80k short with nobody in the business able to tell the MD where it went.
- Retentions sitting unpaid for months with nobody chasing them: money earned on jobs closed a year or more ago, sitting idle, some of it quietly written off because the main contractor has moved on.
- MD stuck in the operational middle: every site call, every variation, every decision still comes through to the owner because the contracts manager and site team do not have the rhythm or the authority to handle it themselves.
- Management accounts arriving six weeks late describing what already happened, while live schemes run on gut feel with no weekly visibility on whether a job is making or losing money while there is still time to act.

### How I work

1. **Weeks one to four: get into the operation.** I sit in on job reviews and pricing discussions, map the retentions position, and find where the margin is bleeding. This is hands-on from day one. There is no warm-up period and no months spent explaining how the industry works.
2. **Month two onwards: build the weekly rhythm.** Two 90-minute sessions a month, a standing weekly check on the numbers across live schemes, and direct access when something on a job needs a call. The rhythm is built around what is happening now, not last month's management accounts.
3. **Six months in: visible, traceable results.** Margin recovered on live jobs, retentions chased and banked, pricing sharpened before the next tender goes in, and the MD out of the operational middle. The numbers are tracked from the start so the improvement is not theoretical.

### Results

- Grew the HVAC division at Harlow & Pike Building Services from £4.2m to £11.8m in five years by shifting the model from one-off installs to planned maintenance contracts and holding margin through disciplined job pricing and cost control.
- Fifteen years inside building services, from Project Engineer at Northern M&E through Contracts Manager to Operations Director, with direct experience of retentions, job costing, variation management and the day-to-day pressure of running a live contracting operation.

### Working together

If you work with MDs or owners of M&E, HVAC or electrical contracting firms, the clients most likely to benefit from an introduction are the ones winning work but quietly frustrated by where the profit goes. They may have mentioned final accounts coming back short, retentions sitting unpaid, or the fact that they cannot take a week off without the phone going. They are not looking for coaching in the abstract. They want someone who already knows the industry, will get into the numbers quickly, and will stay in them. That is what I do. I carry a maximum of eight clients, so introductions go to the right people, not a waiting list. The fee starts at £1,950 a month. If the client you have in mind fits that picture, I am happy to have a straight conversation.

### Working together

- **LinkedIn:** linkedin.com/in/zander-demo
- **Website:** Profit Coach page under Zander Demo
- **Location:** Leeds, West Yorkshire
- **Prospect calls:** Mondays and Thursdays from 1pm

===== voice:sound (24s, 2679 chars)
Zander talks like someone who has stood on a live site and got the phone call at 7am. He is direct, unpretentious, and grounded in the actual language of contracting.

- **Tone:** Straight-talking, grounded, dry, unhurried, credible
- **Pace:** Measured. He makes his point and stops. No padding.
- **Formality:** Low. First names from the off. No corporate register.
- **Humour:** Dry and sparing. Occasionally self-aware. Never performed.
- **Regional flavour:** West Yorkshire. 'Aye', 'nowt', 'lads'. Comfortable with it, not overdone.

### Sounds like

- 'It's usually the same three things if I'm honest. Margin, the MD stuck in the middle of everything, and retention cash nobody's chasing.'
- 'I've got nowt to offer a start-up. My experience is fixing and scaling what's already there.'
- 'Eight clients is the right number. Enough to build something meaningful, not so many I'm giving people half my attention.'

### Does not sound like

- 'I empower contractors to unlock their true profit potential and elevate their operational performance.'
- 'Let's unpack the key challenges facing your business in today's competitive landscape.'
- 'It's not about working harder. It's about working smarter and leveraging the right systems.'

### Words and phrases to use

- Lads, engineers, subbies, site
- Schemes, jobs, the Wakefield job
- Retentions, holdbacks, money sat out there
- Final account, the FA
- Variations, vars, extras
- Applications, apps
- Job costing, margin, pricing a job
- Weekly numbers rhythm
- Get into the numbers
- Main contractor, the MC
- Aye, nowt, properly
- 'That counts for a lot'
- 'I can talk to it straight'

### Words to avoid

- Leverage (as a verb)
- Empower, elevate, unlock
- Robust, seamless, crucial
- Dive deep, unpack, navigate
- Journey, ecosystem, bandwidth
- In today's world
- Coaching cliches: accountability partner, transformational, holistic
- Any phrase that sounds like it came from a LinkedIn carousel

### A message in your voice

**Example**

```text
Hi Mike, I work with MDs of M&E and HVAC firms who are winning good work but taking less home than they expected, and can't fully explain why. I spent fifteen years in building services, finishing up as Operations Director at Harlow & Pike, where we had exactly that problem. Fixed it by getting proper visibility on live job costs before the final account landed. If that sounds familiar, I'm happy to have a straight conversation about what's happening on your schemes. No pitch, just a useful half hour. Worth a chat?
```

_Use on a first LinkedIn message or email to an MD in M&E, HVAC or electrical contracting. Keep it this length. Do not add a list of services._

===== market:options (30s, 3814 chars)
Zander's strongest market is HVAC and M&E contracting firms, where his Harlow & Pike proof is direct, the pain is acute, and the buyer already speaks his language.

| Option | Value | Pain | Growing | Easy to find | Purchasing power |
| --- | --- | --- | --- | --- | --- |
| HVAC and M&E contracting firms (£1m–£15m) | 5 | 5 | 4 | 4 | 4 |
| Planned maintenance and FM contractors (£2m–£20m) | 4 | 4 | 4 | 3 | 4 |
| Electrical contracting businesses (£1m–£10m) | 3 | 4 | 4 | 3 | 3 |

### Option 1: HVAC and M&E contracting firms

This is where Zander's proof is sharpest and most direct. He grew the HVAC division at Harlow & Pike from £4.2m to £11.8m in five years by fixing margin bleed, tightening job pricing, and shifting to planned maintenance contracts. Every MD in an M&E or HVAC firm knows that story and knows what it cost to learn it. The three problems Zander solves - margin disappearing on jobs with no explanation, retention cash sitting idle, and the MD fielding every site call - are not occasional headaches in this sector. They are the default condition of a growing contracting business. The buyer here has typically tried a spreadsheet, promoted a contracts manager, and brought in an accountant, and none of it fixed the core problem. Zander's operational background removes the single biggest objection in this market: that he will spend the first three months getting the client to explain what a retention is.

### Option 2: Planned maintenance and FM contractors

Facilities management and planned maintenance contractors share the same operational DNA as HVAC and M&E firms, and Zander understands the model from the inside. The shift to planned maintenance contracts was the mechanism behind the Harlow & Pike growth, so he can speak to the commercial logic of that model with authority. Owner dependency is particularly acute in this sector: the MD is often the relationship with the client, the sign-off on every callout, and the person the engineers ring when something is not on the job sheet. The purchasing power is solid and the businesses are findable through FM associations and procurement networks. The reason this scores below Option 1 is that Zander's proof is applied rather than direct - he led the shift into this model, but his operational home was HVAC. That matters when the buyer is a sceptical MD who has been burned by generalists before.

### Option 3: Electrical contracting businesses

Electrical contractors face the same cash flow and margin problems as M&E firms, and Zander's sector knowledge is credible here. The pain is real: retentions sitting unpaid, applications going in on time and the money still not moving, jobs that looked profitable at tender coming back short at the final account. The gap is proof. There is no specific electrical contractor result to point to, which matters when the buyer's first question is likely to be whether Zander has fixed this in a business like theirs. Until a client result exists in this sub-sector, the outreach pitch requires more education and the conversion will be slower. Worth revisiting once a client from electrical contracting is on the books.

### Recommended core client

> My core client is the MD or owner of an HVAC or M&E contracting firm with 10 to 50 employees doing £1M to £20M revenue.
>
> Zander Demo

> **If Options 1 and 2 feel equally close on your Decision Call:** Ask yourself one question: which MD would feel the most relief the moment you explained how you grew the Harlow & Pike HVAC division? That is your market. HVAC and M&E owners will feel it immediately because the job is identical. FM owners will get it, but you will need a sentence or two more. Start where the proof lands fastest. You can extend into FM once you have two or three client results to point to in that space.

===== market:avatar (65s, 8621 chars)
Margin-Blind Mike: MD of a 25-person M&E contracting firm in West Yorkshire, winning more work than ever and taking less home than he did three years ago.

- **Name:** Mike
- **Age:** 42 to 54
- **Location:** West Yorkshire / East Midlands
- **Business:** M&E or HVAC contracting firm, typically founder-led or second-generation
- **Revenue:** £2m to £12m
- **Team:** 12 to 40 people: engineers, supervisors, a contracts manager, one person in the office doing everything else
- **Role:** MD and owner. Also de facto site manager, pricing director, and first call for every problem
- **Time in the business:** Typically 10 to 25 years. Started as an engineer or estimator, built the firm up himself or took it over from his father

### A day in the life

It is 6.47am and Mike is already in the van, phone wedged against the steering wheel. Dave, his contracts manager, has rung twice before eight because the MC on the Wakefield job has moved the programme again and nobody on site knows whether to pull the plumbers off or keep them running. Mike knows the answer immediately, but that is the problem: he always knows the answer, which means nobody else ever has to find one. He gets to the office at half eight, meaning to spend the morning on a tender that needs to go in by Thursday. By eleven he has answered fourteen messages, approved two material orders he told Dave to approve last month, and taken a call from a main contractor chasing a variation that should have been agreed six weeks ago. The tender is still on page one. At lunchtime he pulls up the job cost sheet for the Wakefield scheme on his laptop. The numbers look roughly right but he cannot tell whether roughly right means they are making the margin they priced, or losing it slowly in a way that will only become obvious when the final account lands in four months. He stares at it for a moment, then closes the lid. He has got a site visit at two and another call at four. He will look at it properly tomorrow. He will not look at it properly tomorrow. On the drive home he does the maths in his head: turnover is up, the lads are flat out, and yet he is fairly sure he will take less home this year than the year before last. He cannot explain why. That is what bothers him most.

### In his words

> The revenue's there. The work's there. The lads are busy. So why am I sat here working out if I can justify a week off in September without the whole thing falling over? We had a good year on paper, everyone tells me that, my accountant tells me that, but I'll probably take less home than two years ago and I genuinely cannot tell you where it went. The Wakefield job looked solid when we priced it. I've been through the final account twice and I can still not properly explain the gap. It's not like anyone's robbing us. The money's just... not there. And I keep thinking if I just got a bit more on top of it, got the right spreadsheet or sat down with the right person, I'd be able to see it. But I've got no time to do that because I'm still the one Dave rings when the MC changes the programme. I told him six months ago he needs to handle that himself. He agrees every time I say it and then the phone goes at quarter to seven and it's him. I don't blame him. I've never properly shown him what to do instead. I just assumed he'd... figure it out. I've got retention money sat out there from a job we finished eighteen months ago. Janet mentioned it last week. I said I'd chase it. I haven't. I don't even know the exact figure off the top of my head and I should, it's my money. I'm not an idiot. I know what the problems are. I just don't know how to fix them without making it a full-time project on top of a full-time job. Maybe I just need to get better at delegating. Maybe I need a better system. Maybe it's me. I don't really know.
>
> Mike, MD, M&E contracting firm, West Yorkshire

### What they want

- Know at week four whether a live scheme is making or losing margin, with enough time to do something about it before the final account tells him it is too late.
- Stop being the first call for site decisions. Take a week off and come back to a business that managed without him, not a backlog that only he can clear.
- Get the retention money moving. Every holdback chased on a set schedule, by someone accountable for it, so the cash the business has earned actually lands in the account.
- Understand which jobs, which clients, and which contract types actually make money, so the next tender goes in right.
- Build something he could step back from one day, or sell for a number that reflects twenty years of work, rather than a business that only runs because he is in the middle of it.

### What they fear

- That the margin bleed is not a bad patch. That it is structural, baked into the way the business prices and runs jobs, and has been going on for years without him seeing it.
- That if Ste or Dave handed their notice in tomorrow, he would be in serious trouble, because too much of what makes the operation run is in their heads and not written down anywhere.
- That he has spent twenty years building something that only works because he is inside it, and when he finally wants to step back there will be nothing worth selling.
- That the business is growing in a way he cannot control, and the next big scheme will tip it into a crisis he cannot manage from the middle.

### What they have tried

- Built his own job cost spreadsheet. Uses it on some jobs, not others. It is never quite up to date and he is not confident the numbers are telling him anything useful until it is too late to act.
- Promoted a senior engineer to contracts manager and told him to handle site decisions. The calls still come through because nobody was clear on what Dave was actually supposed to own.
- Brought in an accountant for quarterly management accounts. Gets them six weeks after the period ends, by which point the job that was bleeding margin has already finished.
- Had a consultant in two years ago. Got a report with twenty-three recommendations. Implemented three of them. The margin problem is still there.

### What they suspect

- That most coaches have never been near a live site and will spend the first three months getting him to explain what a retention is or how an application works.
- That they will produce a framework that looks good in a slide deck and does not survive contact with a main contractor who has just changed the programme.
- That the fee will be real and the results will be vague, and he will be the one doing most of the work while they ask him how it makes him feel.
- That his business genuinely is different enough that something built for a generic SME will not apply to the way contracting actually works.

### What finally makes them act

- A final account comes back £50k to £80k short on a job that looked solid at tender and nobody in the business can explain the gap, including Mike.
- A retention from a job closed eighteen months ago gets quietly written off because the main contractor has moved on and nobody was chasing it consistently.
- Mike sits down and works out what he actually took home last year against the hours he put in. The number shocks him.
- A holiday or a family commitment gets cancelled because a site issue needs him personally, and someone close to him says something he cannot unhear.
- A trusted site supervisor or contracts manager hands in his notice and Mike realises how much of what makes the business run is about to walk out the door with him.

### How they talk

| Thing | What they call it |
| --- | --- |
| Clients / end users | Clients, end users, the client, the building owner |
| Main contractors | The MC, main contractor, the principal |
| Direct staff (engineers, plumbers, electricians) | The lads, the engineers, the guys on the tools |
| Subcontractors | Subbies |
| Projects | Jobs, schemes, the Wakefield job, the contract |
| Retention money | Retentions, holdbacks, money sat out there |
| Final account | The FA, the final account |
| Variation orders / extras | Vars, variations, extras, change orders |
| Payment applications | Apps, applications |
| Profit on a job | Margin, what we made on it, what it came back at |

### Ready to act

> I need to know where the margin's going before the final account tells me. And I need to stop being the person the business can't run without. I'm not looking for a consultant who'll write me a report. I want someone who's actually been in this industry, who can get into the numbers with me and help me sort it properly.
>
> Mike, MD, M&E contracting firm, West Yorkshire

===== market:pains (55s, 7166 chars)
Under every problem Mike names, there is one sentence he keeps coming back to: 'The revenue's there, the lads are flat out, so where the hell is the money going?'

| Pain | What they say out loud | What it costs | What they want instead | Lever |
| --- | --- | --- | --- | --- |
| Margin bleed with no explanation | 'The Wakefield job looked solid when we priced it. I've been through the final account twice and I still can't explain the gap.' | £30k to £80k lost per scheme. Repeated on every job. Compounds across the year with no clear cause and no way to stop it. | Know by week four whether a live scheme is making or losing money, with enough time to act before the final account lands. | Profit margin, average sale value |
| MD stuck in the operational middle | 'I told Dave six months ago he needs to handle the MC himself. He agrees every time and then the phone goes at quarter to seven and it's him.' | Four to six hours a day on decisions others could make. Holidays cancelled. Tenders not written. The business grows and the owner's time shrinks. | Contracts manager and site team making their own calls. MD steps in only when it genuinely needs him. | Control pillar, profit margin |
| Retention cash sitting idle with nobody chasing it | 'I've got retention money out there from a job we finished eighteen months ago. Janet mentioned it last week. I said I'd chase it. I haven't.' | Tens of thousands tied up in holdbacks. Some quietly written off. Cash flow pressure forces decisions from the wrong position. | One person accountable for every holdback on a set schedule, with the money moving regularly. | Velocity pillar, repeat business |
| Pricing that looks right at tender and comes back short at the FA | 'We had a good year on paper, everyone tells me that, but I'll probably take less home than two years ago and I genuinely cannot tell you where it went.' | Margin priced at twelve percent banked at four. Repeated across multiple schemes. Growth in revenue masks the erosion until it is too late. | Understand which jobs, clients and contract types actually make money, so the next tender goes in right. | Profit margin, average sale value |
| A business that only runs because the owner is in the middle of it | 'I keep thinking if I just got a bit more on top of it I'd see it. But I've got no time to do that because I'm still the one Dave rings.' | No sale value if the owner walks out. Nothing to step back from. Twenty years of work worth a van and a list of contracts. | Build something that runs on process, not on the owner. Something worth selling for a number that reflects the work. | Value pillar, Control pillar |
| Management information that arrives too late to use | 'My accountant gives me management accounts six weeks after the period ends. By then the job's finished and the damage is done.' | Decisions made blind. Problems caught at the final account instead of week four. No ability to intervene on a live scheme. | A weekly numbers rhythm built around live job costs, not last quarter's accounts. | Control pillar, profit margin |
| Key people carrying critical knowledge in their heads | 'If Ste handed his notice in tomorrow I'd be in serious trouble. Too much of what makes it run is in his head and not written down anywhere.' | One resignation away from a crisis. No handover process. No way to scale without cloning the owner or the one person who knows everything. | Documented process, clear accountability, a team that does not depend on one person knowing everything. | Value pillar, Control pillar |

### At 3am

> That Wakefield job is bleeding and I don't know by how much.
> I took less home last year than the year before and I still can't explain it.
> If Dave hands his notice in on Monday, I'm in serious trouble.
>
> Mike, MD, M&E contracting firm, West Yorkshire

### Main desire hooks

- Are you looking to know whether a live scheme is making or losing money before the final account tells you?
- Are you looking to stop being the person the business can't run without?
- Are you looking to get the retention money you've already earned moving on a proper schedule?

### Buying triggers

- A final account comes back £50k to £80k short on a job that looked solid at tender and nobody in the business can explain the gap.
- A retention from a job closed eighteen months ago gets quietly written off because the MC has moved on and nobody was chasing it.
- Mike sits down and works out what he actually took home last year against the hours he put in. The number shocks him.
- A holiday or family commitment gets cancelled because a site issue needs him personally, and someone close to him says something he cannot unhear.
- A trusted contracts manager or site supervisor hands in his notice and Mike realises how much of what makes the business run is about to walk out with him.
- A main contractor queries a variation from eight months ago and nobody in the office can find the paperwork or the agreed figure.

### Objections and honest answers

| Objection | Answer |
| --- | --- |
| 'Most coaches have never been near a live site. I'll spend the first three months explaining what a retention is.' | Zander spent fifteen years in building services, finishing as Operations Director at Harlow & Pike. He gets into job reviews and pricing discussions from week one. There is no warm-up period. |
| 'I've had consultants in before. Got a report with twenty-odd recommendations. Implemented three. Nothing changed.' | A report does not change anything on a live scheme. Zander stays in the numbers weekly. The problems get called while there is still time to act on the job that is running, not the one that finished. |
| 'I haven't got time for another project on top of everything else.' | That is the point. Zander brings the structure and sits in the numbers alongside Mike. It is not a second job for the MD. It is someone taking the weight off, not adding to it. |
| '£1,950 a month is a lot when margin is already tight.' | If one scheme a year comes back £40k short that could have been caught at week four, the fee pays for itself several times over. The cost of waiting is not zero. It is the same gap on the next job. |
| 'My business is different. Generic SME frameworks don't apply to how contracting works.' | Agreed. Retentions, final accounts, variations, MC programme changes: Zander knows how they work because he ran a contracting operation for years. He is not applying a generic framework. He is building a rhythm around the way these businesses actually run. |
| 'I need to think about it. Things might settle down after this job finishes.' | They usually do not. The next job starts with the same pricing process, the same visibility gaps, and the same phone calls coming through to the MD. The cost of waiting is another scheme going the same way. |
| 'How do I know this will actually work for my business?' | Zander grew the HVAC division at Harlow & Pike from £4.2m to £11.8m in five years by fixing the same three problems: margin bleed, retentions sitting idle, and the MD fielding every call. The method is not theoretical. It came from inside the operation. |

===== market:criteria (30s, 4100 chars)
The list is MDs and owners of HVAC, M&E, electrical contracting and facilities management firms in the UK, running businesses with 11 to 50 people and turning over £1m to £20m.

| Filter | Include | Exclude |
| --- | --- | --- |
| Connections | 2nd and 3rd degree | 1st degree (already connected) |
| Location | United Kingdom - prioritise West Yorkshire, East Midlands, and surrounding regions first | Outside UK |
| Headcount | 11 to 50 (primary). Add 1 to 10 and 51 to 200 if list volume is low in a region. | Under 10, over 200 |
| Current job title | Owner, Co-owner, Founder, Co-founder, CEO, Managing Director, Co-Managing Director, Managing Partner, Director, Operations Director, Principal, Proprietor | Coach, coaching, consultant, consulting, consultants, psychologist, recruiter, recruiting, recruitment |
| Industry | Construction, Mechanical or Industrial Engineering, Facilities Services, Building Maintenance, Electrical / Electronic Manufacturing (use as a proxy for electrical contractors), Utilities | Real estate management, property development, housebuilding, general construction (main contractors) |
| Keywords in profile | HVAC, M&E, mechanical and electrical, building services, planned maintenance, FM, facilities management, electrical contracting, air conditioning, ventilation, heating, refrigeration, BMS, fire and security, plumbing and heating | Staffing, recruitment, SaaS, technology, finance, insurance |
| Company exclusions | Businesses under £1m estimated turnover, national FM PLCs (Mitie, Sodexo, ISS, OCS, Equans), main contractors, housebuilders, property developers | Any known competitor of a coach non-compete |

### Keyword strings to try

- "HVAC" AND ("MD" OR "Managing Director" OR "Owner" OR "Director")
- "M&E" AND ("contractor" OR "contracting") AND ("MD" OR "Owner")
- "mechanical and electrical" AND ("contractor" OR "contracting")
- "building services" AND ("MD" OR "Owner" OR "founder")
- "planned maintenance" AND ("contractor" OR "MD" OR "Director")
- "facilities management" AND ("owner" OR "MD") AND ("contractor" OR "contracting")
- "electrical contractor" AND ("MD" OR "Owner" OR "Director")
- "air conditioning" AND ("contractor" OR "MD" OR "Owner")
- "HVAC contractor" West Yorkshire
- "M&E contractor" East Midlands
- "job costing" AND ("contractor" OR "building services")
- "retentions" AND ("contractor" OR "MD")

### Leave out

- Start-ups and pre-revenue businesses - Zander's method is built for fixing and scaling what already exists, not starting from scratch.
- Any business under £1m turnover - the fee does not make sense at that size and the problems are different.
- Anyone whose profile signals they want a quick answer rather than a sustained commitment - look for language like 'need a quick fix', 'short-term project', or very short tenure patterns.
- National FM and maintenance PLCs (Mitie, Sodexo, ISS, OCS, Equans and similar) - the decision-maker is not the MD and the buying process is procurement-led.
- Main contractors and housebuilders - different commercial model, different problems, Zander's proof does not directly apply.
- Coaches, coaching, consultants, consulting, consultants, psychologists in current title or company.
- Recruiters and recruitment firms in current title or company.
- Property developers and real estate managers - unrelated sector.

- **800 to 1,200** Target list size to build in Sales Navigator before first outreach wave
- **Above 30%** Connection acceptance rate to hit before scaling outreach volume
- **Above 10%** Reply rate of those who accept, as the threshold that confirms the message is working

> **Watch these two numbers in weeks one and two:** Check acceptance rate and reply rate after the first 50 connection requests go out. If acceptance is below 30%, the title or industry filters are pulling the wrong people - tighten the job title list or narrow the industry. If replies are below 10% of those who accepted, the message is the problem, not the list. Fix the message before sending more volume. Do not increase outreach pace until both numbers are in range.

===== linkedin:rewrite (59s, 8279 chars)
This rewrite shifts Zander's profile from a career summary into a sales page for the one person it needs to convert: an MD of an M&E or HVAC contracting firm who is winning work, losing margin, and has no idea why.

### Headline

**Headline option 1**

```text
Helping M&E and HVAC contractors find where the margin goes | Former Ops Director, Harlow & Pike | Built a HVAC division from £4.2m to £11.8m
```

_Formula: Authority + specificity. Leads with the career proof and names the pain in plain contracting language. Recommended if Zander wants to lead with credibility. This is the strongest option because the Harlow & Pike numbers do the work before anyone clicks through._

**Headline option 2**

```text
M&E and HVAC contractors: winning work but the profit isn't there? I help MDs fix the margin bleed and get out of the operational middle.
```

_Formula: Pain-point lead. Opens with the owner's exact frustration. Good for outreach-driven traffic where Mike has just received a message and is checking the profile to see if the claim is real._

**Headline option 3**

```text
The Contractor's Profit Practice | Helping MDs of M&E and HVAC firms bank what they actually earn, without being the bottleneck their business can't run without
```

_Formula: Method name + outcome with constraint removed. Names the offer and the outcome in one line. Use this if Zander wants the practice brand visible from the start. Slightly longer but still under 220 characters._

### About

**About section**

```text
The revenue's there. The lads are flat out. So where the hell is the money going?

That's the question I hear from almost every MD I talk to in M&E and HVAC contracting. Turnover is up, the work is coming in, and yet they're taking less home than two years ago and cannot fully explain the gap.

I spent my career inside building services. Project Engineer at Northern M&E, Contracts Manager at Harlow & Pike, then Operations Director leading the HVAC division. Over five years I grew that division from £4.2m to £11.8m - by shifting the model from one-off installs to planned maintenance contracts and getting disciplined about job pricing so margin held through the growth.

I did not do that by reading about it. I did it by getting into the job costs on live schemes, calling problems while there was still time to act, and building a numbers rhythm the whole operation could run on.

That is exactly what I do now, for MDs who are ready to stop finding out at the final account.

This is for you if:

- You run an M&E, HVAC or electrical contracting firm turning over between £2m and £12m
- You are winning work but the profit doesn't match what you expected when you priced the jobs
- You have retention money sitting out there that nobody in the business is chasing on a proper schedule
- You are still the first call for site decisions, and you've tried delegating it more than once

What I do is build a weekly numbers rhythm around your live schemes - job costing, margin visibility, retention tracking - so you know by week four whether a job is making or losing money, with time to do something about it before the final account tells you it's too late.

I get into job reviews and pricing discussions from week one. There is no warm-up period. I already know what a variation looks like, how an MC squeezes the programme, and why a final account comes back short.

I carry a maximum of eight clients. Each one gets proper time.

If you want to know where the margin is going and stop being the person your business can't run without, let's have a straight conversation.

Take the BOSS Scorecard - it takes three minutes and shows you exactly which part of your business is capping the profit: [link]

Or message me directly. Prospect calls are Mondays and Thursdays from 1pm.
```

_1,847 characters. Hook lands in the first two lines using Mike's own words. Short paragraphs throughout. No coaching language. Ends with two clear calls to action._

### Core skills

| Skill | What it means for the owner |
| --- | --- |
| Job costing and margin visibility | You find out whether a live scheme is making or losing money at week four, not when the final account lands. |
| Retention and cash flow management | Every holdback gets tracked and chased on a set schedule by someone accountable for it, so the cash you've earned actually moves. |
| Operational structure and owner dependency | The contracts manager and site team make their own calls. You step in only when it genuinely needs you. |
| Pricing and contract model strategy | You understand which jobs, clients and contract types actually make money, so the next tender goes in right. |

### Key milestones

- Division Leader (HVAC), Harlow & Pike Building Services: grew the HVAC division from £4.2m to £11.8m in five years by shifting from one-off installs to planned maintenance contracts and holding margin through disciplined job pricing.
- Contracts Manager, Harlow & Pike: managed live schemes across M&E and building services, responsible for job costing, programme management, and subcontractor relationships.
- Project Engineer, Northern M&E: started on the tools side of the business, building the site-level understanding of how contracting work actually runs before moving into management.

### Banner

**Banner line**

```text
Helping M&E and HVAC contractors bank what they earn | HVAC division: £4.2m to £11.8m in 5 years at Harlow & Pike
```

_Short enough to read at a glance. The proof point is specific and credible. Pair with a clean, uncluttered background image - a site or building services setting works better than a generic office or headshot backdrop._

### Featured

- BOSS Scorecard: pin the link to the three-minute scorecard as the primary featured item. Frame it with a short caption: 'Not sure where the profit's going? This takes three minutes and tells you which part of your business is capping it.' This is the lowest-friction entry point for an MD who is curious but not ready to call.
- Profit Coach practice page: pin Zander's Profit Coach page as the second item. Caption: 'The Contractor's Profit Practice - what it is, who it's for, and what the first four weeks look like.' Gives a prospect somewhere to go that is specific to contracting, not generic coaching.
- A LinkedIn article or post on margin bleed: pin Zander's strongest piece of content about job costing or the gap between priced margin and final account margin. If none exists yet, this is the first piece to write. Caption: 'Winning the work but not banking the margin? Here is where it usually goes.' This builds credibility before the prospect picks up the phone.

### Checklist

1. **Headshot.** Use a recent photo where you are looking at the camera and the background is clean. A site or office setting works if it is not cluttered. Avoid anything that looks like a selfie or a cropped group shot. The photo needs to do one job: make an MD feel comfortable clicking connect.
2. **Custom URL.** Set the LinkedIn URL to linkedin.com/in/zander-demo or as close to it as available. A clean URL looks professional in email signatures and on the Profit Coach page.
3. **Company page.** Link the practice to a LinkedIn company page for The Contractor's Profit Practice or Profit Coach. When your job title appears on the profile, it should link somewhere real rather than a dead page. This adds credibility when an MD checks you out.
4. **Contact info open to 2nd degree.** Make sure your email and website are visible to second-degree connections, not just first. Most warm prospects who click through after seeing a post or a message are second-degree. If they cannot see how to contact you, they move on.
5. **Job titles from the dropdown.** When adding roles at Harlow & Pike and Northern M&E, use LinkedIn's company dropdown rather than typing freehand. This links the entry to the company page and improves how you appear in search results for people looking for operators with building services experience.

> **Discreet version available:** This profile is written for public visibility, as confirmed by Zander. If circumstances change and a discreet version is needed - one that positions him as an operator and adviser without naming coaching - that version is available on request.

===== campaigns:messaging (60s, 8458 chars)
Every message leads with the same question Mike cannot answer: the revenue is there, the lads are flat out, so where is the profit going?

- **Core client:** MD or owner of an M&E or HVAC contracting firm, £2m to £12m turnover, West Yorkshire or East Midlands
- **Main desire:** Know at week four whether a live scheme is making or losing margin, with time to act before the final account lands
- **Proof used:** Grew the HVAC division at Harlow & Pike from £4.2m to £11.8m in five years by fixing margin bleed, retentions sitting idle, and the MD fielding every call
- **Proof type:** Career proof (Division Leader, Harlow & Pike Building Services)

### Campaign A: Connector

**Connection request**

```text
Hi {first_name}, I see you run a UK M&E or HVAC contracting business. Are you looking to know where the margin's going before the final account tells you? I ask because at Harlow & Pike I used a simple system to grow the HVAC division from £4.2m to £11.8m in 5 years by fixing job costing and holding margin through growth. Is this of interest?
```

_Send with connection request. 272 characters._

**Message 1**

```text
Hi {first_name}, thanks for connecting.

At Harlow & Pike I used a simple system to grow the HVAC division from £4.2m to £11.8m in five years. We got there by fixing three things: margin bleeding out on jobs with no clear explanation, retentions sitting idle with nobody chasing them, and the MD still in the middle of every site decision.

Most M&E and HVAC firms I talk to are stuck with exactly that. They're winning work, the lads are busy, but they're taking less home than they expected and the final account keeps coming back short. The PROFIT System removed those problems by building a weekly numbers rhythm around live job costs and clear accountability.

I believe with the right system in place, your business can do the same.

Are you looking to know where the margin's going before the final account tells you? Would you be interested in learning more?
```

_Send 30 minutes after connecting._

**Message 2**

```text
Hi {first_name}, just a quick check-in. I know how it goes - you've got jobs running, calls coming in, tenders to get out. Happy to keep this brief. Is the margin question one you're actively looking at right now?
```

_Send 1 day after Message 1._

**Message 3**

```text
Hi {first_name}, I know your inbox probably has its fair share of coaches promising to transform your business. I get why that's wearing.

I'm not going to do that. I spent fifteen years in building services - Project Engineer, Contracts Manager, Operations Director. I know what a retention is, how an MC squeezes a programme, and why a final account comes back short.

It never hurts to have a straight conversation. No pitch, just half an hour on what's happening on your schemes.
```

_Send 2 days after Message 2._

**Message 4**

```text
Hi {first_name}, I'll keep this short. Would you be up for a call on a Monday or Thursday afternoon? I'd just want to understand what's happening on your live jobs and whether a weekly numbers rhythm is something that would be useful. If it's not the right time, just say so - no bother.
```

_Send 4 days after Message 3._

**Message 5**

```text
Hi {first_name}, last one from me.

If the margin on your jobs is where you want it and you've got full visibility on retentions and live scheme costs, then we're probably not a fit right now and that's fine.

But if you're still in the position where you know the revenue's there but cannot quite explain why it's not landing in the account - that's the problem I fix. The door's open whenever it makes sense.

Zander
```

_Send 2 weeks after Message 4._

### Open InMail

**Open InMail**

```text
Hi {first_name},

I work with MDs of M&E and HVAC contracting firms across Yorkshire and the Midlands, and I wanted to reach out directly because the problems I see in your sector are ones I know from the inside.

A few things I hear regularly from MDs at your stage:

1️⃣ The job looked solid at tender. The final account told a different story. Nobody can fully explain the gap.
2️⃣ Retentions sitting out there from jobs that finished months ago, with no clear owner chasing them on a set schedule.
3️⃣ The MD still fielding every call from site because there's no rhythm that lets the contracts manager make the decision himself.

At Harlow & Pike I used a simple system to grow the HVAC division from £4.2m to £11.8m in five years by fixing exactly those three problems - job pricing, retentions tracking, and getting the MD out of the operational middle.

I've combined that system with other methods to create The Contractor's PROFIT System, built around a weekly numbers rhythm that gives you live visibility on margin and retentions before the final account lands.

Most contractors in M&E and HVAC are winning more work than ever and taking less home than they expected. They know something's wrong but between the site calls and the tenders and the apps going out, there's no time to sit down and see it clearly.

You're at a point where the business is running - but it's running on you. Every scheme that comes back short, every retention that sits idle, every call Dave makes to your mobile at quarter to seven is the same problem repeating.

The system changes that. Margin recovered on live jobs. Retentions chased and banked. The MD stepping back from decisions others should be making.

Interested in a straight conversation about what's happening on your schemes?
```

_Use when the prospect is not connected and InMail is available. Keep the three numbered hooks as they appear - they map directly to Mike's three pains._

### Campaign B: Conversation into the BOSS Scorecard

**After connecting**

```text
Hi {first_name}, great to connect. One question to start: are you focused on growing the business at the moment, or more on protecting what you've already built?
```

_Send immediately after connection is accepted. Wait for a reply before sending the insight message._

**Insight**

```text
Aye, makes sense. What I see in most M&E and HVAC firms is that there's one thing quietly capping everything else - and it's rarely what the MD thinks it is when they first sit down and look at it. Usually it shows up in the final account, or in the retentions nobody's chasing, or in the MD being the only person who can make a call on site. The problem is, by the time it's obvious, it's already cost a fair bit. Most owners are guessing which constraint is the real one. There's a way to find out properly.
```

_Send after they reply to the opening question. Tailor the first line to reflect their answer._

**Scorecard offer**

```text
There's a 3-minute scorecard called the BOSS Score that shows you which area is actually capping your business right now - not the symptoms, the root constraint. It covers margin visibility, cash flow, team accountability, and how dependent the business is on you personally. Takes three minutes and gives you a score out of 100 with a clear read on where to focus. Worth doing before any conversation about what to fix.
```

_Send after the insight lands well. Do not rush to this message - let the conversation breathe._

**Leave the link**

```text
Here's the link: {assessment_url}

No pressure on it. If you do the score and want to talk through what it shows, I'm on for prospect calls Monday and Thursday afternoons. If not, useful to have done it either way.
```

_Send as a standalone message. No follow-up chase needed - the scorecard result will prompt the conversation if the fit is there._

### Check before launch

| Check | Pass |
| --- | --- |
| 1. Under 275 characters | Yes - 272 characters confirmed |
| 2. Opens with Hi {first_name}, | Yes |
| 3. Specific callout: industry and country | Yes - 'I see you run a UK M&E or HVAC contracting business' |
| 4. Hook is a question tied to main desire | Yes - 'Are you looking to know where the margin's going before the final account tells you?' |
| 5. 'I ask because' bridge present | Yes |
| 6. 'a simple system' phrase present | Yes |
| 7. Specific proof with numbers and a timeframe | Yes - £4.2m to £11.8m in 5 years at Harlow & Pike. Numbers are confirmed from the coach's record |
| 8. Mechanism tied to the hook | Yes - 'by fixing job costing and holding margin through growth' |
| 9. Owner's language used | Yes - margin, final account, job costing |
| 10. Closes with 'Is this of interest?' | Yes |

===== conversations:followup (78s, 11128 chars)
A reply is not a sale. It is one question away from a conversation. Handle every response with the same principle: ask about them before you say anything about yourself.

### When they reply

**They say: Yes, interested**

```text
Good to hear. Before I say anything about what I do, a quick question: is the margin problem the main thing you're looking at right now, or is it more that you're stuck in the middle of every site decision? Usually one of those is the real bottleneck, and it changes where we'd start. Which is it for you?
```

_Do not explain the offer yet. Get them talking about their situation first. One question, then wait._

**They say: What is it exactly?**

```text
In short: I work with MDs of M&E and HVAC firms who are winning good work but taking less home than they expected, and can't properly explain why. I get into the numbers with them weekly - live job costs, retentions, margin by scheme - and build the rhythm that gives them visibility before the final account lands. I spent fifteen years in building services, finishing up as Operations Director at Harlow & Pike, so there's no warm-up period explaining how it works. Can I ask - which of those three things is biting you hardest right now? Margin, retentions, or being the one everyone rings?
```

_Give them a clear picture, then immediately turn it back to them. Do not list features or pricing at this stage._

**They say: How much is it?**

```text
Happy to be straight with you. The top end of what contractors invest is around £50,000 a year. Most of my clients start well under that - from £1,950 a month. Where you'd land depends on the size of the business and what we're working on together. Before that makes sense either way, it's worth knowing whether we're even looking at the same problem. What's the main thing you're trying to get sorted - is it margin visibility on live jobs, getting the retention cash moving, or getting yourself out of the middle of everything?
```

_Use the anchor, then redirect to fit before price. Do not justify the fee or discount at this stage._

**They say: Not right now**

```text
Aye, fair enough. Things have a habit of staying busy in contracting. Can I ask - is it genuinely not the right time, or is there a specific thing that would need to change before it made sense? No pressure either way, just useful to know.
```

_Neutral is not a no. One short question. If they say it is genuinely not the time, move them to the nurture rhythm and check back in 90 days._

**They say: We are doing fine**

```text
Good to hear. Most MDs I talk to who say that are doing well on turnover. The question that usually catches them out is whether the margin on each job is where they priced it, or whether it's drifting and only showing up clearly at the FA. Is that something you've got clear visibility on week by week, or is it more of a end-of-job reveal?
```

_Do not argue. Ask one specific question that tests whether 'fine' is actually fine. If they confirm strong margin visibility, acknowledge it and move on._

**They say: Who are you?**

```text
Zander Demo. I spent fifteen years in building services - Project Engineer at Northern M&E, then Contracts Manager, then Operations Director at Harlow & Pike where I led the HVAC division from £4.2m to £11.8m in five years. We did that by fixing margin bleed, getting the retention cash moving properly, and getting the MD out of the middle of every site decision. I now help MDs of M&E, HVAC and electrical contracting firms do the same. That's the full picture. What made you ask?
```

_Answer directly and briefly. End with a question that opens the conversation rather than closing it._

**They say: [one-liner with no clear intent, e.g. 'Sounds interesting' or 'Noted']**

```text
Appreciate that. One thing I'd find useful to know - is margin visibility on live schemes something you're actively looking at, or is it more of a background concern at the moment?
```

_Do not assume interest or disinterest. One short question to find out which direction they are leaning._

**They say: Send me some info**

```text
Will do. Before I send something over, it's worth me knowing a bit about your setup so I'm not sending you something generic that doesn't apply. What size is the business roughly - turnover and headcount - and which of these is the main headache right now: margin on live jobs, retentions sitting unpaid, or being the person the business can't run without? Once I know that I can point you to the right thing.
```

_Do not send a brochure or a deck unprompted. Get one or two details first so the follow-up is specific. If they insist on something without answering, send the BOSS Scorecard link with a one-line explanation._

### Avoid

- Explaining the full offer before you know what they actually need.
- Sending a brochure, deck or long explainer to someone who has not asked a real question yet.
- Defending the fee before fit is established.
- Treating 'not right now' as a no and moving on without asking one follow-up question.
- Matching their short reply with a long message - it reads as desperate.
- Using coaching language: accountability, transformation, holistic, journey. It loses the room with this buyer.
- Assuming the problem. Ask which of the three it is, do not tell them.
- Following up the same day if they have not replied. Give it at least 24 hours.

### VIP nurture: top 100

> **Who goes on the top 100 list:** An MD or owner of an M&E, HVAC or electrical contracting firm turning over £2m to £12m, based in West Yorkshire or the East Midlands, who has connected with you on LinkedIn or replied to outreach but is not yet a client. Prioritise anyone who has shown a signal: a reply, a comment, a visit to your Profit Coach page, or a connection accepted within the last 30 days. Send one message every two weeks. Always personalise the first line. Each message gives away one useful tool with no strings attached.

**VIP nurture message 1: Profit Maximiser**

```text
{personalisation} - something you said about margin stuck with me, so I wanted to send this across.

Most MDs I work with in M&E and HVAC assume the margin problem is a pricing problem. Sometimes it is. But this tool shows something simpler that often gets missed: at a 10% net margin, an 11% cut in the right costs doubles your profit without winning a single extra job.

It's called the Profit Maximiser. Here's what it does:

1️⃣ Shows exactly how a reduction in overheads or site costs changes your bottom line at your current margin - the maths surprises most people when they see it.
2️⃣ Identifies which expense categories to review first, using one straight question: does this help us get or keep work?
3️⃣ Gives you a five-step expense review you can run with your contracts manager or finance person in an afternoon.

I'll send you the five-step review in a few days as a follow-up. In the meantime, here's the tool: [link]

No pressure on it. If it raises a question about what you're seeing on a specific job, I'm happy to talk it through.
```

_Send as the first nurture message. Follow up three to four days later with the five-step expense review as promised. Keep the follow-up to three or four lines._

**VIP nurture message 2: Cashflow Forecaster**

```text
{personalisation} - I've been thinking about the retentions point since we last spoke.

There's a phrase I use with clients in contracting: revenue is vanity, profit is sanity, cash is king. Most M&E and HVAC firms are profitable on paper and stretched on cash, and the gap is usually sitting in holdbacks that nobody's chasing on a set schedule.

I wanted to send across the Cashflow Forecaster - a simple tool that gives you a forward view of what's coming in and when, built around the way contracting cash actually flows rather than how an accountant thinks it does.

1️⃣ Shows you the cash position on a rolling 13-week basis so you're not making decisions from last month's bank statement.
2️⃣ Maps retentions by job and due date so nothing gets left to go quiet - every holdback has a chase date and an owner.
3️⃣ Includes five methods and more than 25 tactics for improving cash flow without relying on the overdraft or pushing harder on new work.

Here's the tool: [link]

If you want to talk through what your retention position looks like right now, I'm on for calls Monday and Thursday afternoons.
```

_Send as the second nurture message, roughly two weeks after the first. Works well for any prospect who mentioned retentions or cash flow in earlier conversation._

**VIP nurture message 3: Time Value Tracker**

```text
{personalisation} - this one's a bit different, but based on what you said I think it'll land.

Every MD I've worked with in building services has the same version of the same problem: they're doing things every day that someone else should be doing, but there's never a clear moment when that becomes obvious enough to act on.

This tool makes it obvious. It's called the Time Value Tracker, and it takes about twenty minutes to run.

1️⃣ Sorts your week into £10 jobs, £100 jobs and £1,000 jobs - and shows you what proportion of your time is going on each. Most MDs find the answer uncomfortable.
2️⃣ Flags which tasks are stuck with you because of habit or because nobody else actually knows what to do - two very different problems with very different fixes.
3️⃣ Gives you a starting point for handing things down, so you stop being the person Dave rings at quarter to seven because it's just what everyone does.

Here's the tool: [link]

If you run it and want to talk through what it shows, I'm happy to spend half an hour on it. No agenda beyond that.
```

_Send as the third nurture message, two weeks after the second. Most effective for prospects who mentioned owner dependency, being stuck in the middle, or not being able to take time off._

### Nurture rhythm

- **Week 2:** Send Profit Maximiser. First value message. Personalise the opening line to something specific from your earlier conversation - a job they mentioned, a problem they named. Send the tool with no strings. Follow up three to four days later with the five-step expense review as promised.
- **Week 5:** Send Cashflow Forecaster. Second value message. Lead with retentions or cash flow if either came up before. If not, use the rolling 13-week framing - it applies to almost every contractor at this size. Keep the opening line specific to them.
- **Week 8:** Send Time Value Tracker. Third value message. This one works best when the prospect has mentioned being stretched, not taking holidays, or being the bottleneck. Frame it around what they said, not around the tool itself.
- **Day 90:** Check-in: one short question. Send a brief, direct message. Something like: 'It's been a couple of months since we last spoke. Is the margin visibility question still one you're looking at, or has something shifted?' No tool, no pitch. One question. If they re-engage, move to the BOSS Scorecard or a prospect call. If not, keep them on a light monthly touch - a relevant post, a one-liner when something industry-relevant happens.

===== offer:direction (42s, 5855 chars)
Zander Demo helps MDs of M&E, HVAC and electrical contracting firms find where the margin is going and get out of the operational middle, without another consultant report that gathers dust, using a weekly numbers rhythm built around live job costs and clear accountability.

### The gap

| Today | What they want |
| --- | --- |
| Margin priced at 12% banking at 4% with no clear explanation until the final account lands | Know by week four whether a live scheme is making or losing money, with time to act on the job that is still running |
| Revenue growing, hours increasing, take-home shrinking - and the MD cannot explain the gap | Understand which jobs, clients and contract types actually make money, so the next tender goes in right |
| MD fielding every site call, approving every order, still the first number Dave rings at quarter to seven | Contracts manager and site team making their own calls; MD steps in only when it genuinely needs him |
| Retention money sitting out there for months, nobody accountable for chasing it, some quietly written off | Every holdback chased on a set schedule by one person, with the cash the business has already earned landing in the account |

### Why they will buy

- Know-how: Mike has tried spreadsheets, promoted a senior engineer, brought in a consultant, and got quarterly accounts six weeks too late. None of it fixed the margin problem. He needs someone who already understands retentions, final accounts, variation orders and MC programme changes, not someone he has to educate first.
- Speed: Every scheme that runs without live job cost visibility is another gap at the final account. Waiting another quarter, another job, another year costs real money. The weekly rhythm gives Mike sight of problems while there is still time to do something about them.
- Ease: Mike does not have time for another project on top of a full-time job. He needs someone to bring the structure and sit in the numbers alongside him, not hand him a framework and wish him luck.
- Fit: Generic SME coaching does not survive contact with a main contractor who has just moved the programme. Mike already suspects that. Zander's background removes the objection before Mike has to raise it.

### Key messages

1. The revenue is there. The lads are flat out. The final account tells a different story. Margin bleed in contracting is almost always a job costing and pricing problem, and it compounds across every scheme until someone gets into the live numbers and finds where it is happening.
2. Being the person Dave rings is not a management problem, it is a structural one. Until the contracts manager has clear accountability and a rhythm to work to, the calls will keep coming through to the MD, whatever he tells them.
3. Retention money is earned. It is sitting out there with a name on it. Without one person accountable for chasing every holdback on a fixed schedule, some of it will get written off quietly, and the cash flow pressure will force decisions from the wrong position.
4. A six-week-old management account cannot tell you whether the Wakefield job is making or losing margin this week. By the time the final account lands, the damage is done and the only lesson available is an expensive one.
5. A business that only runs because the MD is inside it has no step-back, no sale value, and no end point. Twenty years of work should be worth more than a van and a list of contracts.

### The offer

- **Name:** The Contractor's Profit Rhythm
- **Promise:** Know where the margin is going before the final account tells you. Stop being the person the business cannot run without. Get the retention cash you have already earned moving on a proper schedule.
- **Who it is for:** MDs and owners of M&E, HVAC and electrical contracting firms turning over between £2m and £12m. Founder-led or family businesses where the MD is still in the operational middle and margin is disappearing without a clear explanation.
- **What is included:** Weeks one to six: Zander sits in on job reviews and pricing discussions, maps where margin is bleeding, and identifies the retentions nobody is chasing. Builds the weekly numbers rhythm around your live job costs. Diagnoses where owner dependency is structural rather than habitual. From month two onwards: two 90-minute sessions a month working the rhythm, reviewing live scheme numbers, holding accountability on retentions, and shifting decisions down to the contracts manager and site team. Hybrid delivery - some sessions on site where it adds context.
- **Format:** Weekly sessions for the first four to six weeks, then two 90-minute sessions a month. Tuesdays and Wednesdays, 08:00 to 14:00. Hybrid: remote and on site as needed.
- **Price options:** £1,950 a month, retained. Six months upfront available at a reduced rate. Maximum eight clients carried at once.

### Why you

- Led the HVAC division at Harlow & Pike from £4.2m to £11.8m in five years, with margin held through the growth, by shifting the model from one-off installs to planned maintenance contracts and sharpening job pricing discipline.
- Progressed from Project Engineer at Northern M&E through Contracts Manager to Operations Director at Harlow & Pike. He has done the jobs his clients' people do, which means he can sit in a pricing meeting or a job review and understand exactly what the numbers are saying.
- Got there by fixing the same three problems his clients face today: margin bleeding out on schemes with no clear explanation, retentions sitting idle with nobody accountable, and the MD still fielding every call.
- No warm-up period. Zander gets into job reviews and pricing discussions from week one. Mike does not spend the first three months explaining what a retention is or how an application works.
- Eight clients maximum. Each one gets proper time, not a conveyor belt.

===== offer:payment (45s, 5407 chars)
Price is framed against the cost of the problem, not the cost of the sessions. One scheme coming back £50k short covers the fee several times over.

| Option | Investment | Best for |
| --- | --- | --- |
| Monthly retained | £1,950 per month | MDs who want to start and see results before committing further |
| Six months upfront | £10,500 (saving £1,200) | MDs who are ready to commit and want the best rate from the off |
| Six months, split payment | 50% upfront (£5,250), then £5,250 at month three | MDs who prefer to spread the outlay without paying monthly |

### If they ask the price early

**Anchor script – early price question**

```text
Aye, happy to be straight with you on that. The MDs I work with invest anywhere from £1,950 a month up to more, depending on what they need and how deeply we get into it. What I'd rather do first is spend half an hour understanding what's actually happening on your schemes - where the margin's going, how the retentions are sitting, whether you're still the one Dave's ringing at quarter to seven. Once I've got a proper picture, I can tell you what makes sense for your situation and you can decide if it stacks up. I've got time on Monday or Thursday afternoon - which works better for you?
```

_Use this when price comes up on LinkedIn, by email, or in the first five minutes of a call before you have established the problem. The goal is to move them to a proper conversation, not to defend the number._

### At the end of the call

**Either-or close**

```text
Right, so we've talked through where the margin's going on the live schemes, the retention cash nobody's chasing, and the fact that Dave still rings you before eight. That's fixable. The way I work is we go weekly for the first four to six weeks - I get into your job reviews and pricing discussions, we build the numbers rhythm around your actual costs, and we find where the money's going before the next final account tells you. Then it drops to two ninety-minute sessions a month once the rhythm's running. It's £1,950 a month to start, or if you want to commit to six months we can do that for £10,500 and I'll block the time for you now. Which works better for you - monthly to begin with, or straight into six months?
```

_Use this at the end of the decision call, after you have established all three problems and the cost of them. Do not offer both options and then keep talking. Ask the question and wait._

### Proposal outline

1. **The situation.** Two or three sentences reflecting exactly what Mike told you on the call. His words, not yours. The Wakefield job, the margin gap he cannot explain, the phone at quarter to seven. This shows you were listening and makes everything that follows feel personal rather than templated.
2. **What it costs to leave it.** One number where possible. If a scheme came back £50k short, say so. If he worked out his hourly take-home and it shocked him, name that. The cost of inaction should be concrete, not vague. 'This costs you money every month you wait' is weak. 'The next FA will tell you the same story unless something changes between now and then' is specific.
3. **The Contractor's Profit Rhythm.** Name the offer. Describe what you do, not what you deliver. Weeks one to six: you sit in on job reviews and pricing discussions, map where margin is bleeding, identify the retentions nobody is chasing, and build the weekly numbers rhythm around live job costs. From month two: two 90-minute sessions a month, working the rhythm, reviewing live scheme numbers, holding accountability on retentions, and shifting decisions down to the contracts manager and site team. Hybrid where site context adds something.
4. **Why this works.** One paragraph, grounded in Harlow & Pike. Zander led the HVAC division from £4.2m to £11.8m in five years by fixing the same three problems. He is not applying a generic framework. He is building a rhythm around the way these businesses actually run. No warm-up period. He gets into the numbers from week one.
5. **The investment.** Present both options cleanly. Monthly: £1,950 a month, retained. Six months upfront: £10,500. Split option: 50% upfront, 50% at month three. State what is included (all sessions, hybrid delivery, access between sessions for live scheme questions). State what is not included (travel to site beyond a reasonable radius, if relevant).
6. **The next step.** One clear action. Not 'let me know if you have any questions.' Something like: 'If this looks right, reply to confirm which option works and I will send across the agreement and block your first session. I have Tuesday the [date] at 9am or Wednesday the [date] at 8am. Which suits you?' Make it easy to say yes and hard to drift.

### Raising your price

Raise your monthly rate by £500 every two to three clients you sign. You start at £1,950. At client three or four, move to £2,450. At client five or six, move to £2,950. New clients come in at the new rate. Existing clients stay where they are until you review. You do not need to announce the increase or justify it. You just quote the new number. If someone pushes back, the honest answer is that your capacity is limited to eight clients and the rate reflects that. At eight clients your monthly revenue sits between £15,600 and £23,600 depending on when you raised the rate, with a full book at the higher end bringing you close to £24,000 a month.

===== sales:value (77s, 12175 chars)
The Margin Finder is a free 30-minute session where Zander gets into the numbers with an MD and shows them exactly where margin is most likely bleeding on their live schemes. The owner walks away with a clear picture of which job costing or pricing habit is costing them most, and a simple first step they can act on before the next final account lands.

- **Name:** The Margin Finder
- **Length:** 30 minutes
- **Who it is for:** MDs and owners of M&E, HVAC and electrical contracting firms, £2m to £12m turnover, where revenue is growing but take-home is shrinking and nobody can fully explain the gap
- **What they get:** A diagnostic conversation built around their live schemes. Zander identifies where margin is most likely leaking, whether retentions are being chased properly, and whether the MD is structurally stuck in the middle. They leave with two or three specific things to act on.
- **The promise:** No pitch, no fluff, no generic framework. A straight half hour with someone who has run a contracting operation and can talk to the numbers without needing a tour of how the industry works.

### The questions

| Area | Question | Red looks like | Green looks like |
| --- | --- | --- | --- |
| Live job visibility | Can you tell me right now whether your three biggest live schemes are making or losing the margin you priced? | MD relies on gut feel or waits for the FA to know. Job cost sheet exists but is never current. | Live cost tracker updated weekly. MD can name the margin position on any scheme within 24 hours. |
| Job costing process | How do you know whether a job is running to cost at week four versus week twelve? | No interim review. Costs only reconciled at practical completion or when the FA lands. | Weekly or fortnightly cost review against the priced allowance. Variances flagged and acted on mid-scheme. |
| Pricing discipline | When you price a job at 12% margin, what happens between tender and final account that typically reduces what you bank? | MD can name the number but not the cause. Variations undercharged, prelims overspent, labour hours not tracked. | Clear picture of where margin erodes on which contract type. Pricing adjusted to account for it. |
| Retentions | How much retention money is currently outstanding, and who is accountable for chasing it on a fixed schedule? | MD has a rough number but no live list. Nobody owns the chase. Some holdbacks quietly written off. | Up-to-date retention schedule. One named person accountable. Regular chase cycle with dates and amounts. |
| Owner dependency | On a normal Tuesday, how many decisions come through to you that someone else in your team could have made? | MD is first call for site queries, material approvals and MC conversations. Contracts manager defers on everything. | Contracts manager handles site and MC decisions. MD steps in for commercial disputes and major programme changes only. |
| Management information | When do you typically find out a scheme is in trouble - during the job or at the final account? | Six-week-old management accounts. Margin problems visible only at the FA, when nothing can be done. | Weekly numbers rhythm. Live job costs reviewed against priced allowances while the scheme is still running. |
| Variations and extras | How do you track and value variations, and what percentage do you typically recover against what you raise? | Vars logged loosely or not at all. Recovery rate unknown. MC disputes variations from months ago because paperwork is missing. | Every variation raised, valued and submitted promptly. Recovery tracked. MD knows the gap at any point. |
| Team accountability | If your contracts manager handled everything on the Wakefield job without ringing you once, what would break? | MD cannot answer with confidence. Contracts manager does not have clear authority or a process to follow. | Contracts manager has defined decisions they own and a rhythm to work to. MD is a backstop, not the default. |
| Tender mix and profitability | Which contract types, clients or sectors actually make you money - and which look good at tender and come back short? | MD has a feeling but no data. All work treated the same at tender stage regardless of historical margin. | Clear picture of which jobs make margin and which do not. Tender decisions made with that data rather than against it. |
| Business dependency | If you were off for three weeks with no phone signal, what would the business do? | It would struggle. Key knowledge is in the MD's head or in one other person who would be a serious problem to lose. | It would run. Clear accountability, documented process, and a team that does not need the MD to answer every question. |

### Your opening questions

1. What is the biggest thing stopping your business from being where you want it right now? Whether that is margin, cash, the team, or something else entirely - what is the one thing that keeps coming back?
2. If we sat down again in twelve months and you were genuinely happy with where the business had got to, what would have changed? What would you be seeing in the numbers, and what would your week actually look like?
3. Why does sorting this matter to you personally, beyond the figures? Is it about what you take home, getting your time back, building something you could step away from one day, or something else?
4. What have you already tried? Spreadsheets, someone promoted to contracts manager, a consultant's report - what has happened so far, and what did and did not work about it?

### The magic question

**Magic question and bridge into the offer**

```text
Based on what you've told me, I've got a pretty clear picture of where the margin is most likely going on your schemes. Would it be useful if I showed you how I work through this with contractors in the same position, and what changes when they get proper visibility on the live job costs?

[Wait for the yes.]

Right. Three things tend to make the difference for MDs like you.

First, a weekly numbers rhythm built around your live schemes. Not six-week-old management accounts. What each job is actually running at this week, versus what you priced. That gives you time to act while the scheme is still running.

Second, a clear accountability structure so your contracts manager is handling site and MC decisions without ringing you. You told me Dave still calls at quarter to seven. That is a structural problem, not a Dave problem. We fix the structure.

Third, a proper retention schedule with one person who owns the chase. You mentioned money sitting out there from a job you finished eighteen months ago. That is cash the business has already earned. We get it moving.

I grew the HVAC division at Harlow & Pike from £4.2m to £11.8m in five years by fixing those same three things. I did not do it with a consultant's report. I got into the job reviews and the pricing discussions from week one and built a rhythm the team could run to. That is exactly how I work with clients now.

Does that sound like the kind of help that would make a real difference for you?
```

_Use this after the diagnostic has surfaced a clear pain and an aha moment. Let the silence sit after the magic question. Do not fill it._

### The launch kit

**Launch email**

```text
Subject: Where is the margin going? A free 30-minute session for M&E and HVAC contractors

Hi {first_name},

If you are winning good work and still taking less home than you expected, the margin is going somewhere. And until someone gets into the live job costs with you, you will not find it at the final account.

I am offering a free 30-minute session called The Margin Finder to a handful of MDs in M&E, HVAC and electrical contracting this month.

In half an hour you will:

- Identify the most likely point where margin is bleeding on your live schemes
- See whether your retention chase process is costing you cash the business has already earned
- Get a clear picture of one structural change that would give you weekly visibility before a problem becomes a crisis

You will walk away with two or three specific things you can act on straight away. No pitch, no generic framework, no catch.

I spent my career inside building services, finishing up as Operations Director at Harlow & Pike, where I grew the HVAC division from £4.2m to £11.8m in five years by fixing the same problems: margin bleed, retentions sitting idle, and the MD still fielding every call. I know how contracting works. You will not spend the session explaining what a retention is.

I run five of these a month. If you want one, book here: {booking_link}

Zander
```

_Send to MDs in M&E, HVAC and electrical contracting from your existing network first, then to warm LinkedIn connections. Keep the email this length._

**Nudge email**

```text
Subject: Just bubbling this back up

Hi {first_name},

I sent this across last week and wanted to bring it back to the top in case it got buried.

The Margin Finder - a free 30-minute session to identify where margin is most likely going on your live schemes, and whether your retentions are being chased properly.

I have got a couple of spots left this month. If it is useful, book here: {booking_link}

No obligation. Half an hour, straight conversation.

Zander
```

_Send five to seven days after the launch email to anyone who opened but did not book._

**LinkedIn DM invite**

```text
Hi {first_name}, I run a free 30-minute session for MDs of M&E and HVAC firms called The Margin Finder - a straight diagnostic on where job margin is most likely going and whether retentions are being chased properly. No pitch, just a useful half hour with someone who has run a contracting operation. I do five a month. Want the link?
```

_Use for warm LinkedIn connections - people who have engaged with your content or who you have spoken to before. Keep it this length._

**LinkedIn DM nudge**

```text
Hi {first_name}, just checking this didn't get lost - happy to send the link if it's useful.
```

_Send four to five days after the invite DM if no reply._

**LinkedIn Featured section description**

```text
The Margin Finder - a free 30-minute session for MDs of M&E, HVAC and electrical contracting firms.

You will identify where job margin is most likely bleeding, whether your retentions are being chased on a proper schedule, and what one change would give you weekly visibility on live scheme costs.

Five spots a month. No pitch, no catch. Book below.
```

_Pin this to your LinkedIn Featured section with the booking link. Update the spots remaining each month if you want to add scarcity._

**Calendar page description**

```text
The Margin Finder is a free 30-minute diagnostic session for MDs of M&E, HVAC and electrical contracting firms.

In half an hour we will identify where margin is most likely going on your live schemes, whether your retention cash is being chased properly, and what one structural change would give you visibility before the final account tells you it is too late.

Zander Demo is a former Operations Director at Harlow & Pike, where he grew the HVAC division from £4.2m to £11.8m in five years by fixing the same problems. He knows how contracting works. You will not spend the session explaining what a retention is.

No pitch, no report, no follow-up you did not ask for. Book a spot and we will talk through your numbers.
```

_Use this as the description on your booking page. Keeps expectations clear and filters for the right MDs._

### If they say not now

No objection handling. Keep it clean: 'No problem at all. You have got a clear picture of where the margin is most likely going, and that is worth having whatever you decide to do next. If it would be useful, I can check in with you in a couple of weeks.' Then send a short note summarising the two or three things you discussed in the session: the most likely bleed point on their live schemes, the retention position, and the one structural change that would make the biggest difference. Keep it to half a page. No sell, no nudge, just the useful thing. It keeps the door open without pressure, and when the next final account lands short, you will be the person they ring.

===== sales:script (62s, 8725 chars)
This call moves a warm prospect from interested to committed by reflecting their pain back in their own language, showing them a clear three-step path, and asking for the business with confidence.

### Opening

**Opening statement**

```text
Right, Mike, good to have you on. I've had a look at what you shared before the call so I've got some context, but I'd rather hear it from you directly. Give me the honest version - where's the business at right now, and what made you want to have this conversation?
```

_Lean back, slow down, and let them talk. You are listening for the exact words they use. You will repeat those words back in the pitch._

### Questions that find the gap

1. When a job finishes and the final account lands, are you usually surprised by what it came back at - or do you know the margin before you get there?
2. Walk me through the last scheme that came back short. When did you first know something was off - week four on site, or when the FA landed?
3. If I asked you right now what margin you're making on your biggest live job, what would you tell me - and how confident are you in that number?
4. How many hours a day would you say are going on decisions that, if you're honest, someone else in the business should be making?
5. When Dave or someone on site hits a problem, what's the first thing they do - and is that what you'd want them to do?
6. How much retention money do you think is sitting out there right now, across all your jobs, and who is actively chasing it?
7. If you sat down tonight and worked out what you actually took home last year against the hours you put in, what would that number tell you?
8. Have you had anyone in before to help with this - a consultant, an accountant, someone else? What happened?
9. Twelve months from now, what would need to have changed for you to feel like the business is properly working - for you, not just on paper?
10. What would it mean for you personally if you could step back from the day-to-day and trust that the numbers are being watched and the right calls are being made without you?

### Transition

**Transition into the game plan**

```text
Right. So what I'm hearing is the revenue's there, the lads are flat out, but the margin's not landing where it should, you're still the first call for everything, and there's retention money sat out there that nobody's actively on top of. That's not unusual in this sector - it's actually the same set of problems at nearly every contracting firm I've worked with. What I want to do now is show you exactly how I'd fix that, specifically for your business. Is that useful?
```

_Wait for the yes. Do not move on until you have it. Use their exact words when you name their problems - not your words._

### The game plan

1. **Step one: find where the margin is going.** Say this: 'The first thing we do is get into your live job costs - not last quarter's management accounts, not a spreadsheet that's three weeks out of date. I sit in on your job reviews and pricing discussions in the first few weeks and we find exactly where the gap is between what you priced and what the job is actually making. In my experience it's almost always one of three things: the pricing assumptions are off, the vars aren't being captured and agreed fast enough, or the labour's running long and nobody's flagging it until the FA. We find which one it is on your schemes and we fix the process, not just the number. Check-in: does that reflect what you're seeing on your jobs right now?'
2. **Step two: build the weekly numbers rhythm.** Say this: 'Once we know where the bleed is, we build a rhythm around it. Every week you get a clear picture of what your live schemes are making - not a guess, not a feeling, a number you can act on. That same rhythm covers retentions: one person accountable for every holdback, on a fixed schedule, so the money you've already earned starts moving regularly rather than sitting out there for eighteen months. The point is that by week four on a live job, you know whether it's making money or losing it. You've got time to do something about it. Check-in: how different would your last year look if you'd had that visibility on every scheme?'
3. **Step three: get the MD out of the operational middle.** Say this: 'The third piece is structural. Dave's still ringing because nobody's ever been clear on what he's supposed to own and what he's supposed to escalate. We fix that - proper accountability, clear decision rights, a rhythm that means the contracts manager and the site team are making the calls they should be making. You step in when it genuinely needs you. Not at quarter to seven because the MC's moved the programme again. That frees you up to work on the business - pricing the right jobs, developing the right clients, building something that doesn't depend on you being in the middle of it. Check-in: if Dave was handling that call himself, what would you do with those hours?'

### Results and proof

At Harlow & Pike I led the HVAC division from £4.2m revenue to £11.8m in five years, with margin held through the growth. We got there by doing exactly what I have just described: shifting the model from one-off installs to planned maintenance contracts, sharpening the job pricing discipline, and building a weekly numbers rhythm that gave us visibility on live schemes before the final account landed. I have been the Operations Director sitting in those job reviews. I have been the Contracts Manager fielding the MC's programme changes. I know how these businesses run because I ran one. The method is not theoretical. It came out of fixing the same problems in the same sector.

### Price and close

**Price and close**

```text
So here's how it works. For the first four to six weeks I get properly into your business - job reviews, pricing discussions, a look at your retentions position. We map where the margin is going and build the weekly rhythm around your live schemes. From month two onwards it's two 90-minute sessions a month, working the numbers, holding the accountability on retentions, and moving the decision-making down to Dave and the site team. Some of that will be on site where it makes sense, some of it remote. The fee is £1,950 a month, retained. I carry a maximum of eight clients so each one gets proper time. I've got space for one more right now. If what you've described today is the problem, and the way I've laid that out sounds like the right approach, then the next step is straightforward. Do you want to get started?
```

_Stop talking after the close question. The next person to speak loses the advantage. Let the silence sit._

### Objections

| They say | You say |
| --- | --- |
| £1,950 a month is a lot when margin is already tight. | Aye, and that's exactly why it's worth looking at it clearly. If one scheme a year comes back £40,000 to £80,000 short that could have been caught at week four, the fee pays for itself several times over. The question isn't whether £1,950 is a lot. It's what the next job going the same way actually costs you. |
| I need to think about it. Things might settle down after this job finishes. | They usually don't, and I think you probably know that. The next job starts with the same pricing process, the same visibility gaps, and Dave still ringing at quarter to seven. The cost of waiting isn't zero - it's another scheme going the same way. What would need to be true for this to feel like the right time? |
| I'd need to run it past my partner / the board / my accountant. | That's fair, and I'd want you to. What I'd ask is this: based on what you've told me today, is the problem real and does the approach make sense to you? If the answer's yes, I'm happy to have a conversation with whoever needs to be in the room. What would help them make the decision? |
| I'm not sure I've got time for another thing on top of everything else. | That's the point, honestly. You're not taking on another project. You're getting someone into the numbers alongside you so you're not carrying it alone. The structure comes from me. You show up to the sessions and work it with me. Most of the MDs I work with find the first month frees up time rather than adds to it, because they stop firefighting blind. |
| How do I know this will actually work for my type of business? | Because it came out of this type of business. I grew the HVAC division at Harlow & Pike from £4.2m to £11.8m by fixing the same three problems you've described today: margin bleed, retentions sitting idle, and the MD fielding every call. I'm not applying a generic framework to your operation. I'm building a rhythm around the way contracting actually works, because I've worked inside it. |

===== content:posts (51s, 6962 chars)
Zander's content angle is simple: the revenue is there, the lads are flat out, so where is the money going? Every post starts from that question.

### Content pillars

| Pillar | What it covers | Example hook |
| --- | --- | --- |
| Margin visibility | Job costing, pricing discipline, the gap between what a scheme looks like at tender and what it comes back at the FA | 'We priced that job at twelve percent. The final account came back at four. Nobody in the business could explain the gap.' |
| Owner dependency | The MD as first call for every site decision, what it costs in time and growth, how to shift accountability down to the contracts manager and site team | 'Dave rang at quarter to seven. Again. I'd told him six months ago to handle it himself. He agreed every time.' |
| Retention cash | Holdbacks sitting idle for months, the cost of not chasing them, what a proper schedule looks like and who needs to own it | 'I had retention money out there from a job we finished eighteen months ago. Janet mentioned it. I said I'd chase it. I hadn't.' |
| Building the operation | Getting the business to run without the owner in the middle of it, what that looks like in a contracting firm, and why twenty years of work should be worth more than a van and a list of contracts | 'A business that only runs because you're inside it has no sale value and no end point. That's not a business. That's a job with more paperwork.' |

### Twelve post ideas

1. The Wakefield job looked solid at tender. The final account told a different story. Here is where the margin went.
2. Three things MDs of M&E firms keep asking me about. Same three every time.
3. Your accountant gives you management accounts six weeks after the period ends. By then the job's done and the damage is done with it.
4. The lads are flat out, turnover is up, and you took less home than the year before. That is a job costing problem, not a bad patch.
5. What actually happened when we shifted the HVAC division at Harlow & Pike from one-off installs to planned maintenance contracts.
6. How much retention money does your business have sitting out there right now? Could you give me the number off the top of your head?
7. The reason Dave still rings you at quarter to seven is not that he can't make decisions. It is that nobody ever made clear what he was supposed to own.
8. A variation agreed on site but never confirmed in writing is money you will argue about at the FA. Here is how to stop that.
9. I got a message last week from an MD who'd just written off a retention from a job closed two years ago. Here is what that actually costs.
10. The five-lever model: a 10 percent gain on each one compounds to around 61 percent more revenue. Here is what that looks like in a contracting firm.
11. Most contractors I talk to know what the problems are. Margin, the MD stuck in the middle, retentions nobody's chasing. The hard bit is fixing them without making it another full-time job.
12. What does a business worth selling actually look like in M&E contracting? Three things that need to be true before you get a number that reflects the work you put in.

### Ready to post

**Proof story**

```text
When I took over the HVAC division at Harlow & Pike, revenue was £4.2m. The business was busy. The lads were working. But the margin on individual jobs was hard to read, retentions were sitting out there with nobody accountable for chasing them, and the MD - me, in effect - was still the first call for decisions that should have been made two levels below.

We fixed it by doing three things properly.

First, we got live visibility on job costs. Not six weeks after the period ended. During the scheme, while there was still time to do something about it.

Second, we shifted the model from one-off installs to planned maintenance contracts. That changed the revenue shape and made margin far easier to protect and price correctly.

Third, we built a weekly numbers rhythm and made it someone's job to own the retentions. Not a spreadsheet that got updated sometimes. A fixed schedule with one person accountable.

Five years later the division was at £11.8m, with margin held through the growth.

I didn't tell you that to impress you. I told you because those three problems - margin bleed, retention cash sitting idle, and the MD still in the middle of everything - are the same ones I hear from contractors every week.

If any of that sounds familiar, the BOSS Scorecard takes about three minutes and will show you where the ceiling is in your business. Link in the comments.
```

_Post mid-week, Tuesday or Wednesday. Works well as a first or second piece of content when building the LinkedIn presence from scratch. Leads naturally into a conversation about live job costs and the weekly numbers rhythm._

**The 3am thought**

```text
It's not the big jobs that keep contractors up at night. It's the ones that should have been fine.

The job that priced well. The one where the lads did good work. The one where you thought, aye, that's a solid scheme, we'll make proper money on that.

And then the final account lands and there's a gap you can't explain. Not fraud, not a disaster, just... a slow bleed. Material costs that crept up. Variations that got agreed on site but never confirmed properly. Hours that went on somewhere and nobody caught it until it was too late to do anything about it.

You go through the numbers twice. You still can't fully explain it.

And the thing that really bothers you is that the next job is already running. Same pricing process. Same visibility gaps. Same chance of the same result at the FA.

That is a job costing problem, and it compounds across every scheme until someone gets into the live numbers and finds exactly where it is happening.

If that is where you are, one practical move: pick one live scheme this week and check the actual cost to date against what the programme says it should be. Not the final account. Right now, while the job is still running.

If the numbers don't match and you can't explain why, that's the conversation worth having. I'm happy to have it. Drop me a message or take three minutes on the BOSS Scorecard - link in the comments.
```

_Post early morning, Monday or Thursday. Speaks directly to the 3am thought pattern the avatar experiences. Tone is grounded and practical, not motivational. Ends with a low-friction action before the soft CTA._

> **Posting rhythm:** Four posts a month is the minimum to stay visible with the right MDs. Two proof or insight posts, one question post, one pain-naming post. Tuesday and Wednesday mornings tend to land well in this market - same days Zander is running client sessions, so the content feels live and grounded rather than scheduled filler. Write in batches on a Friday, schedule for the following fortnight, and keep the comment section clear for the first hour after posting. That is where the conversations that become prospect calls start.

===== content:newsletter (35s, 4492 chars)
A short, practical newsletter for MDs of M&E, HVAC and electrical contracting firms who want to know where the margin is going before the final account tells them.

- **Name:** The Contractor's Profit Letter
- **Who it is for:** MDs and owners of M&E, HVAC and electrical contracting firms turning over £2m to £12m
- **How often:** Monthly
- **Format:** Email and LinkedIn newsletter - one idea, one story or example, one practical action, under 500 words
- **Call to action:** A free 45-minute value session with Zander to look at where margin is bleeding on live schemes

### The first issue

**Issue 1**

```text
Subject: The Wakefield job looked fine. It wasn't.

Here is a situation I see regularly in M&E and HVAC firms.

A job gets priced at twelve percent margin. It looks solid. The lads are on site, the MC is happy, applications are going in. Nobody raises a flag.

Then the final account lands. Margin came back at four percent. Sometimes less.

And when the MD sits down to work out what happened, there is no single explanation. A bit of labour overrun here. Some vars that never got agreed. A retention from eight months ago that nobody chased. Materials that crept up and nobody repriced.

The money did not disappear in one go. It bled out slowly across the life of the job, and by the time the FA made it visible, the scheme was finished and there was nothing left to do except absorb it.

The reason this keeps happening is not bad pricing at tender. Usually the tender is fine.

The reason is that most contracting businesses have no way of reading a live job. The management accounts come in six weeks after the period ends. The job cost spreadsheet is a month out of date. Nobody is looking at the numbers on a scheme that is still running with enough time to do something useful.

At Harlow & Pike, when I was running the HVAC division, this was exactly the problem. Jobs were coming in below margin and we could not see it until it was too late. What changed it was simple: we built a weekly numbers rhythm around live job costs. Not a new system. Not a new spreadsheet. A regular discipline of looking at what each scheme was actually costing while it was still running, and calling problems early enough to act on them.

Over five years, the division went from £4.2m to £11.8m, with margin held through the growth. The rhythm was most of it.

**One practical action for this month**

Pick your three biggest live schemes right now. For each one, write down two numbers: the margin you priced at tender, and your best honest estimate of where it is tracking today. If you cannot do that inside ten minutes, that is the gap worth fixing.

If you want to sit down and look at this properly, I offer a straight 45-minute conversation, no pitch, just a look at where the numbers are on your schemes and what a weekly rhythm might look like for your business. Book it here: [value session link]
```

_Send on the first Monday of each month. LinkedIn newsletter and email simultaneously. Keep the subject line specific to a job or situation the reader will recognise._

### The next six issues

| Issue | Subject line | The one idea |
| --- | --- | --- |
| 2 | If Ste handed his notice in on Monday | Owner dependency is structural, not a personality problem. Until accountability is written down and a rhythm exists, the calls will always come through to the MD. |
| 3 | The retention from the job you finished eighteen months ago | Retention cash is earned money. Without one person accountable for chasing every holdback on a fixed schedule, some of it gets quietly written off. |
| 4 | Your accountant is six weeks too late | Management accounts after the period ends cannot tell you whether a live scheme is bleeding margin. Visibility has to be weekly and built around jobs that are still running. |
| 5 | Which jobs actually made money last year? | Most MDs cannot answer this question cleanly. Knowing which clients, contract types and scheme sizes actually make margin changes how the next tender goes in. |
| 6 | The variation that never got agreed | Unconfirmed vars are margin sitting in a grey area. A simple process for logging, submitting and chasing every change order stops the FA coming back short for reasons nobody can explain. |
| 7 | What is the business worth if you step out of it? | A business that only runs because the MD is in the middle of it has no sale value and no step-back. Building a rhythm and clear accountability is how that changes. |
