
===== story:bio (23s, 3721 chars)
Pam Woodford has spent over 40 years building and running businesses, and four consecutive years ranked the world's number one business coach. She now helps Yorkshire owner-led businesses get more profit, more control, and more of their time back.

- **43 years** Running her own businesses
- **#1 Global** Business coach ranking, four consecutive years: 2015, 2016, 2017, 2018
- **250+** Coaches guided through Business Coach Academy
- **17 years** Running her own coaching practice

### Proof inventory

| Result | Where | Timeframe | How | Status |
| --- | --- | --- | --- | --- |
| Ranked world's number one business coach four times in a row | Self-employed coaching practice | 2015, 2016, 2017, 2018 consecutively | Client results, business growth delivered, and coaching impact measured across a global coaching network | Ready |
| Guided a team of 250+ licensed coaches to grow their practices and deliver client results | Business Coach Academy (Head of Coach Results / Director of Coaching Excellence) | 7+ years | Direct coaching, systems, accountability, and performance frameworks for coaches | Ready |
| Built and ran multiple service and retail businesses from age 17 | Gym 'n' Tonic and others | 28+ years | Founded and scaled multiple businesses across service and retail sectors | Ready |
| [Specific client profit or revenue result with a from and a to] | Construction and allied trades clients | [Timeframe] | Profit coaching using the 5 profit levers: leads, conversion, average sale value, repeat business, margin | Needs a number |
| [Specific client result: hours reduced, team accountability improved, or profit grown] | Yorkshire owner-led business clients | [Timeframe] | BOSS Scorecard, the Profit System, and 1-to-1 coaching | Needs a number |

### Short bio

I started my first business at 17 and spent the next 28 years building and running multiple service and retail businesses. I have been coaching business owners for 17 years. Four years running, 2015 to 2018, I was ranked the world's number one business coach. At Business Coach Academy I worked with over 250 coaches, helping them grow their practices and get real results for their clients. I now work with Yorkshire business owners who are brilliant at what they do but want more profit, more control, and more of their life back.

### One-line introduction

Pam Woodford is a four-time world number one ranked business coach with 43 years of business experience, who helps Yorkshire owner-led businesses grow profit and get their owners out of the weeds.

### For partners and events

Pam Woodford started her first business at 17 and spent 28 years building and running multiple service and retail businesses before moving into coaching. She has coached business owners for 17 years and was ranked the world's number one business coach four years in a row, from 2015 to 2018. At Business Coach Academy, she worked with over 250 licensed coaches, guiding them to grow their practices and deliver results for clients. She now works with Yorkshire owner-led businesses, helping owners grow profit, build teams that perform without them, and get more from the business they have already built.

> **Two results still need numbers:** The proof inventory flags two rows as 'Needs a number'. For each, add: (1) a specific client result from your construction or allied trades work, with a profit or revenue figure, a starting point, an end point, and a timeframe; and (2) at least one result from a Yorkshire owner-led client, such as hours reduced per week, profit grown by £X, or team accountability improved in a measurable way. Once you have those, the proof inventory is complete and the bio becomes significantly more persuasive.

===== market:options (28s, 3946 chars)
Pam's strongest market is construction and allied trades, where 8 years of specialist coaching and 43 years of running her own businesses make her the obvious choice for an MD who is sick of running a job rather than a company.

| Option | Value | Pain | Growing | Easy to find | Purchasing power |
| --- | --- | --- | --- | --- | --- |
| Construction and allied trades MDs | 5 | 5 | 4 | 5 | 4 |
| Yorkshire owner-led businesses (mixed sector) | 4 | 4 | 4 | 3 | 4 |
| Trade and facilities services businesses | 4 | 4 | 4 | 4 | 3 |

### Option 1: Construction and allied trades MDs

Pam has spent over 8 years coaching MDs in construction and allied trades, and she lists it as a defined specialism on her Profit Coach profile. That is not just sector familiarity - it is proof. Construction MDs have a pain that is almost universal: they built the business on their own skill and reputation, and now they are the most expensive person on site doing jobs their team should handle. Cash runs late, margins get squeezed by poor estimating and rework, and the MD is the bottleneck on every decision. Pam can speak that language without translation. LinkedIn Sales Navigator surfaces these businesses cleanly by sector, headcount and geography. Trade associations and local contractor networks add a second route in. Turnover of £1M to £20M is common in this band, and those businesses carry the purchasing power for serious coaching investment.

### Option 2: Yorkshire owner-led businesses (mixed sector)

Pam's headline already leads with Yorkshire, and her 43 years of building businesses across service and retail gives her instant credibility with any owner who has grafted to build something real. The pain is the same regardless of sector: too many hours, not enough profit, a team that brings problems rather than solutions. The mixed-sector approach gives Pam a wider pool to draw from, which helps when she is building pipeline from scratch. The trade-off is findability. Without a sector filter, LinkedIn prospecting is harder to target and referral networks take longer to warm up. This option works well as a secondary market once construction is generating consistent flow, or as the primary market if Pam decides a non-compete or personal preference pushes her away from construction.

### Option 3: Trade and facilities services businesses

Facilities management, cleaning, maintenance, and specialist trade contractors sit adjacent to construction and share most of the same pains: contract pricing pressure, margin erosion, a workforce that is hard to manage and harder to retain, and an owner who cannot step back because the whole operation depends on them. Pam's construction proof transfers cleanly here. These businesses are growing as outsourcing increases, and owners in this space typically have the revenue and the urgency to invest in help. The gap is that Pam has less explicit proof in this sector than in construction, so this is better treated as an expansion option once the construction niche is established.

### Recommended core client

> My core client is a Managing Director of a construction or allied trades business with 10 to 50 employees doing £1M to £20M revenue, who is brilliant at winning and delivering work but is too deep in the day-to-day to step back and run the business properly.

> **If two options feel equally strong on your Decision Call:** Ask yourself one question: which owner would sit across from you and think 'she gets exactly what I deal with every day'? The answer is almost always the sector where your proof is sharpest. For Pam, 8 years of construction coaching beats 43 years of general business experience every time, because specificity builds trust faster than breadth. If you are still undecided, run your first 10 LinkedIn connection requests into construction and 10 into your second choice. See which gets the warmer response in the first two weeks. Let the market decide.

===== market:avatar (43s, 5346 chars)
Site-Tied Steve: MD of a 25-person groundworks and civils contractor in Yorkshire, turning over £3M and working every hour God sends.

- **Name:** Steve
- **Age:** 42 to 54
- **Location:** Yorkshire or the Humber
- **Business:** Groundworks, civils, drainage, or allied trades contractor
- **Revenue:** £1M to £8M
- **Team:** 12 to 35 people, mostly site-based
- **Role:** Managing Director and founder
- **Time in the business:** 10 to 25 years

### A day in the life

It is 6.40am and Steve is already in the van. He meant to leave at 6.15 but his site foreman rang with a plant breakdown and he spent 20 minutes sorting a replacement. He has three jobs on at once. The estimating for next month's pipeline is sitting untouched on his desk, two tenders go out Friday, and his bookkeeper has left two messages about an overdue invoice he needs to chase personally because the client only speaks to him. He pulls onto the A63 and runs through what needs doing today. By 7am the list is already impossible. Somewhere around the bypass it lands on him: he has been doing this for 14 years and the business needs him more now than it did when there were four of them.

### In his words

> I built this from nothing. Started with a dumper and a couple of lads and now I've got 25 on the books, three sites running, a yard full of plant and a turnover I could only have dreamed about back then. So why does it feel like I'm running faster just to stay in the same place? The money should be better than this. The margins were better when it was just me and a couple of mates. Now I've got a team and somehow the profit's tighter. I keep thinking I need to get off site and sort the business out properly. But if I'm not on site, stuff goes wrong. If I'm not pricing, we don't win work. If I'm not chasing the money, we don't get paid. I don't know if the business is actually growing or if I'm just getting busier. There must be a way to make this work properly. I just can't see it right now.

### What they want

- Margin that holds. To price jobs properly and stop watching profit get eaten by rework and underquoting.
- A team that handles the day-to-day without needing him to referee every decision.
- Cash that flows. To stop the month-end squeeze and know what the business is actually worth.
- Time off site. A proper weekend without the phone going, and a family holiday without his site manager ringing every other day.
- A business that would run, at least mostly, without him standing in the middle of it.

### What they fear

- Getting a big job, scaling up to deliver it, and then watching cash collapse before the final payment lands.
- One of his best lads walking and taking half the site team with him.
- Pricing a contract wrong and spending six months working for nothing.
- A serious site incident that puts him personally in the frame.
- Realising in ten years that he ground himself down building something he can never sell or step back from.

### What they have tried

- Hired a contracts manager to take the pressure off, but still ends up doing half the job himself because it's quicker.
- Bought estimating software that nobody uses properly, including him.
- Went to a business seminar once, came back fired up, changed nothing within a fortnight.
- Tried a weekly team meeting that petered out after three weeks because there was always a more urgent job on.

### What they suspect

- Coaches have never run a real business. They talk in frameworks and have never had a plant breakdown at 6am or chased a main contractor for 90-day payment.
- The advice will be generic. He will pay good money to be told things he already knows.
- It only works for bigger companies. His business is too scrappy and too site-dependent to follow a system.
- He will have to do a load of work on top of running the business, which will make things worse before they get better.

### What finally makes them act

- A month where the turnover looks fine but there is nothing in the bank and he cannot explain where it went.
- Missing his kid's match or a family event for the third time running and his partner says something that stays with him.
- A trusted peer, another MD in the trade, mentions they have been working with a coach and shows him a tangible result.
- He loses a decent tender he should have won because he was too stretched to price it properly.
- He looks at the numbers and realises that after paying everyone, including himself a decent wage, the business is not actually making what it should for the risk he carries every day.

### How they talk

| Thing | What they call it |
| --- | --- |
| Customers | Clients, main contractors, the client, the groundworks client |
| Staff | The lads, the crew, the gang, my foreman, my contracts manager |
| Work in progress | Jobs, contracts, the programme, what's on |
| Revenue | Turnover, what we're putting through |
| Profit margin | The margin, what's left, what we're making on it |
| Estimating | Pricing, putting a price in, doing the tender |
| Problem escalation | It landing on my desk, me having to sort it |

### Ready to act

> I've put too much into this business to be working this hard for margins that tight. I want someone who actually gets the trade, not just business theory, to help me work out why it's not paying what it should and what to do about it.

===== story:onepager (28s, 3817 chars)
Pam Woodford is a four-time world number one ranked business coach with 43 years of business experience. She helps owner-led businesses in Yorkshire and construction grow profit, build teams that perform without them, and get their owners out of the weeds.

- **#1 Global** Business coach ranking, four consecutive years: 2015, 2016, 2017, 2018
- **43 years** Building and running her own businesses across service and retail
- **250+** Licensed coaches guided to grow their practices and deliver client results

### Who I help

My core client is a Managing Director or founder of a construction or allied trades business: groundworks, civils, drainage, maintenance, or a specialist trade contractor. Typically 10 to 50 staff, turning over £1M to £20M, based in Yorkshire or the Humber. They are brilliant at winning and delivering work. They built something real from nothing. But somewhere along the way the business stopped paying what it should for the hours they put in, and they became the bottleneck on every decision. I also work with Yorkshire owner-led businesses outside construction where the same problem exists: too many hours, not enough margin, a team that brings problems instead of solving them.

### The problems I fix

- Margins that look fine on paper but leave nothing in the bank at month end.
- A team that needs the MD to referee every decision, chase every invoice, and sort every problem.
- Turnover growing but profit not keeping up, so working harder just to stay in the same place.
- No time away from the business without the phone going, because everything still runs through them.

### How I work

1. **The BOSS Scorecard.** We start with a 3-minute diagnostic that scores the business out of 100 across profit, performance, and the five areas most likely to be capping growth. It shows exactly where the business is losing money or time right now.
2. **A clear plan, not a generic framework.** Based on the scorecard, we build a practical plan focused on the two or three levers that move the numbers fastest for that specific business. No textbook theory. Every action connects directly to profit, cash, or getting the owner out of the weeds.
3. **Weekly accountability, real results.** We meet regularly, track the numbers, and work through what is in the way. The goal is a business that delivers more profit with less owner dependency, within a timeframe that makes the investment feel obvious.

### Results

- Ranked the world's number one business coach four years running, 2015 to 2018, measured across a global coaching network on client results and business growth delivered.
- Guided over 250 licensed coaches at Business Coach Academy to build their practices and get measurable results for clients, over a 7-year period as Head of Coach Results and Director of Coaching Excellence.
- [Specific client result: profit grown from £X to £Y, or hours reduced by X per week, for a construction or Yorkshire owner-led business client - add when available]

### Working together

If you work with business owners, chances are some of them are in exactly this position: a decent business, good turnover, but margins tighter than they should be and an owner who cannot step back. The best referrals are MDs or founders in construction, allied trades, or any Yorkshire owner-led business turning over £1M to £20M with a team of 10 or more. These are owners who are too good at their trade to be stuck running every detail, but have not yet built the structure to stop. An introduction takes two minutes and could be the thing that finally shifts things for them. I am happy to meet informally with any partner who wants to understand what I do before making any introduction.

### Contact

- **LinkedIn:** linkedin.com/in/theprofitcoach
- **Location:** Kingston Upon Hull, Yorkshire

===== voice:sound (23s, 2537 chars)
Pam sounds like a Yorkshire businesswoman who has actually been in the trenches, not a coach who read about them. She is warm, direct and plain-spoken, with a dry wit and no patience for waffle.

- **Tone:** Straight-talking, warm, no-nonsense, dry, grounded
- **Pace:** Measured. Short bursts. Lets a point land before moving on.
- **Formality:** Low. First names from the off. No suits-and-boardroom language.
- **Humour:** Dry and self-aware. Never performs it. It just slips in.
- **Regional flavour:** Hull and Yorkshire. 'Ruddy', 'graft', 'lads', 'juice for the squeeze'. Earthy and real.

### Sounds like

- You're clearly brilliant at what you do. The question is whether the business is paying you back properly for it.
- I've run businesses since I was 17. I know what a 6am plant breakdown feels like. That's not a metaphor.
- Not enough juice for the squeeze. That's what most owners tell me, once they actually say it out loud.

### Does not sound like

- Let's unpack your entrepreneurial journey and align your vision with your core purpose.
- This proven, robust framework will empower you to unlock seamless business growth.
- It's not about working harder. It's about leverage. Are you ready to elevate your mindset?

### Words and phrases to use

- Ruddy, graft, the squeeze, worth the effort
- The lads, the crew, the jobs, the margin, what's left
- Works like clockwork
- Landing on your desk
- Brilliant at what you do
- More to show for it
- Profit, control, time back
- Behind the scenes
- Honest question
- Worth the risk you carry

### Words to avoid

- Leverage (as a verb)
- Empower, elevate, unlock
- Robust, seamless, crucial
- Unpack, dive deep, navigate
- Journey, mindset shift, transformation
- Framework (say 'system' or 'method' instead)
- Synergy, alignment, bandwidth

### A message in your voice

**Example**

```text
Hi Steve, I work with MDs of groundworks and civils businesses across Yorkshire. Same story keeps coming up: turnover looks decent, team is busy, but the margin's tighter than it should be and the owner's still the one sorting everything. I started my first business at 17 and spent 28 years in the trenches before I moved into coaching. If that sounds familiar and you'd like a fresh pair of eyes on what's actually going on, I'm happy to have a straight conversation. No pitch. Just a look at the numbers.
```

_Use for a cold LinkedIn connection or direct message to a Yorkshire MD in construction or allied trades. Keep it plain and specific. No links in the opening message._

===== market:pains (48s, 6572 chars)
Under every problem Steve names, there is one: 'I've put years into this business and it's still not paying me back properly for the risk I carry every day.'

| Pain | What they say out loud | What it costs | What they want instead | Lever |
| --- | --- | --- | --- | --- |
| Margin disappears between winning the job and finishing it | The turnover looks fine but I can't work out where the money goes. We're busy and there's nothing in the bank. | Months of graft that pay the lads, pay the plant hire, and leave almost nothing for him. Rework and underquoting eat the margin silently. | Jobs that land the margin he priced. Profit that shows up in the account at the end of the month. | Profit margin, average sale value |
| He is the bottleneck on every decision | If I'm not on site, stuff goes wrong. If I'm not pricing, we don't win work. If I'm not chasing the money, we don't get paid. | He cannot step back. The business stalls without him. Growth requires more of him, not less. | A team that handles the day-to-day so he can work on the business rather than in it. | Control pillar |
| Cash is tight despite decent turnover | We're putting through good numbers but I'm staring at the bank account at month-end wondering how we're going to make payroll. | Stress, short-term borrowing, and the constant threat that a big job could tip him into a cash crisis before the final payment lands. | Cash that flows predictably. Knowing what the business is worth and what is coming in. | Velocity pillar |
| He cannot get off the tools and price properly | I should be pricing next month's jobs but I spent the morning sorting a plant breakdown and chasing a payment that should have been in last week. | Tenders go in late or not at all. He loses work he should have won. Pipeline dries up. | Time to price properly, win the right jobs, and build a pipeline that does not depend on whatever fire he is fighting that week. | Lead generation, conversion |
| The team brings problems instead of solving them | I hired a contracts manager to take the pressure off. I'm still doing half his job because it's quicker. | His time. His margin. Every hour he spends doing what someone else should do is an hour not spent growing the business. | A team that owns their patch, makes decisions, and comes to him with solutions rather than problems. | Control pillar, Value pillar |
| His personal life is paying the price | I missed the match again. My partner doesn't say much anymore. That's worse. | Family time, health, his relationship. The cost is real but it does not show up in the accounts. | A proper weekend. A holiday where the phone stays quiet. Being present for the people who matter. | Value pillar |
| He cannot see a way out or a way to sell | I've been doing this 14 years and the business needs me more now than when there were four of us. I don't know how I'd ever step back from it. | A business that is unsellable and inescapable. Years of graft building something he cannot exit and cannot hand on. | A business that runs mostly without him, holds its value, and gives him options. | Value pillar |

### At 3am

> The turnover looks decent but I cannot explain where the money went this month.
> If one of my best lads walks, I don't know how we hold the jobs together.
> I've given this business everything. I'm not sure it's giving me enough back.

### Main desire hooks

- Are you looking to get more margin out of the jobs you are already winning?
- Are you looking to get off site and run the business without it falling apart behind you?
- Are you looking to stop being the one who sorts everything and actually have a team that delivers?

### Buying triggers

- A month where turnover looks fine but there is nothing in the bank and he cannot explain why.
- Missing a family event for the third time and his partner says something that stays with him.
- A trusted MD in the trade mentions they have been working with a coach and shows him a tangible result, a number, not a feeling.
- He loses a tender he should have won because he was too stretched to price it properly or get it in on time.
- He sits down and works out what the business actually pays him for the hours he puts in and the risk he carries, and the number is not what it should be.
- A site incident, a near miss, or a legal letter that makes him realise how exposed he is personally.
- He looks at the business and realises he could not sell it tomorrow even if he wanted to.

### Objections and honest answers

| Objection | Answer |
| --- | --- |
| You've never run a real business. Coaches talk in theory. | Pam started her first business at 17 and spent 28 years building and running multiple businesses before she coached anyone. She has spent over 8 years working specifically with MDs in construction and allied trades. She knows what a 6am plant breakdown feels like. That is not a metaphor. |
| The advice will be generic. I'll pay good money to hear things I already know. | The BOSS Scorecard takes three minutes and shows exactly which part of the business is capping profit. The work starts there, with his numbers, his jobs, his margin. Nothing generic about it. |
| It only works for bigger, more organised businesses. Mine is too scrappy. | The businesses that get the most out of this work are the ones that feel scrappy: busy, profitable on paper, but chaotic underneath. That is where the gains are biggest. Tidy businesses have less to find. |
| I don't have time. Adding anything else to my week will make things worse. | That feeling is the problem, not a reason to wait. The work is designed to give time back, not take more. Most owners find the first quick wins free up hours within the first few weeks. |
| I can't justify the cost right now. Cash is tight. | Cash being tight is usually a symptom of one of five things, all of them fixable. The question is whether the cost of doing nothing is higher than the cost of fixing it. Most of the time it is. |
| I've tried coaches and seminars before. Got fired up and changed nothing. | A seminar gives you ideas. This is a working relationship with someone who follows up, holds you to account, and stays until the result lands. The difference is accountability, not content. |
| My business is different. Construction doesn't follow normal business rules. | Pam has worked inside construction for over 8 years. She understands 90-day payment terms, main contractor pressure, rework costs, and what it means to price a job wrong. The method is adapted to the trade, not borrowed from a generic playbook. |

===== market:criteria (35s, 4939 chars)
The list is Managing Directors and founders of construction and allied trades businesses in Yorkshire and the Humber, running 10 to 50 people and turning over £1M to £8M, who are findable on LinkedIn and have the purchasing power to invest in serious help.

| Filter | Include | Exclude |
| --- | --- | --- |
| Connections | 2nd and 3rd degree | 1st degree (already connected) |
| Location | Yorkshire and the Humber: East Riding of Yorkshire, West Yorkshire, South Yorkshire, North Yorkshire, City of Kingston upon Hull | Outside these regions unless Pam explicitly expands |
| Headcount | 11 to 50 (primary). Add 1 to 10 and 51 to 200 if the primary pool runs below 200 qualified prospects. | 0 employees, 201+ |
| Current job title | Managing Director, MD, Founder, Co-Founder, Owner, Co-Owner, CEO, Director, Principal, Proprietor, Contracts Director | Any title containing: coach, coaching, consultant, consulting, consultants, psychologist, recruiter, recruiting, recruitment |
| Industry (Sales Navigator filter) | Construction, Civil Engineering, Facilities Services, Building Materials, Architecture and Planning (allied only), Environmental Services, Mining and Metals (civil adjacent) | Financial Services, Legal, Healthcare, Education, Technology, Retail (unless trade counter or builders merchant) |
| Keywords in profile | groundworks, civils, civil engineering, drainage, utilities, earthworks, groundwork contractor, groundworks contractor, plant hire, excavation, sub-contractor, main contractor, groundworks MD, construction director, groundworks director, site work, piling, concrete, infrastructure, surfacing, roofing contractor, mechanical and electrical, fit-out, facilities management, planned maintenance, building services | life coach, executive coach, NLP, trainer, facilitator, speaker |
| Company exclusions | National house-builders, PLC contractors (Balfour Beatty, Kier, Morgan Sindall, Galliford Try, Vistry), local authority in-house teams, housing associations | Any business in Pam's active client list or under a non-compete |

### Keyword strings to try

- "groundworks" AND ("MD" OR "Managing Director" OR "Director" OR "Owner")
- "civils contractor" AND ("founder" OR "MD" OR "director")
- "drainage" AND "contractor" AND ("MD" OR "Managing Director")
- "earthworks" AND ("owner" OR "director" OR "MD")
- "civil engineering" AND "Yorkshire" AND ("MD" OR "Managing Director" OR "owner")
- "groundwork contractor" AND "Yorkshire"
- "utilities contractor" AND ("director" OR "owner")
- "sub-contractor" AND "civils" AND ("MD" OR "director")
- "plant hire" AND ("MD" OR "owner" OR "director")
- "piling" AND ("Managing Director" OR "director" OR "founder")
- "facilities management" AND "Yorkshire" AND ("MD" OR "owner")
- "mechanical electrical" AND "Yorkshire" AND ("director" OR "MD")
- "roofing contractor" AND Yorkshire AND ("owner" OR "MD")
- "fit-out" AND Yorkshire AND ("director" OR "MD" OR "founder")

### Leave out

- Any business with a job title containing coach, coaching, consultant, consulting, psychologist, recruiter, or recruitment.
- Employees and project managers at PLC contractors: they are not buyers and they are not owner-led.
- National house-builders and their site teams: purchasing decisions sit in head office, not with the MD on the ground.
- Local authority and public-sector in-house construction teams: no commercial mandate, no purchasing authority.
- Anyone Pam has already spoken to or is actively working with, even if they no longer appear in her CRM.
- Businesses outside Yorkshire and the Humber unless Pam decides to expand geography in a later phase.
- Any business sector Pam has named as a personal 'will not take', or that falls under a current non-compete.
- Sole traders with no team: the Profit System requires a team to work with. No headcount means no lever to pull on the Control or Value pillars.

- **300 to 600** Target list size in Sales Navigator before outreach begins. Aim for the upper end before filtering by 'posted in last 30 days' to keep the active pool above 150
- **30%+** Connection acceptance rate to hit. Below this, test a different message or tighten the title filters. Above this, the targeting is working.
- **10%+** Reply rate of accepted connections to aim for. One reply in ten accepted is the floor. Below it, the opening message needs reworking, not the list.

> **Watch these two numbers in the first two weeks:** Run the first 20 to 30 connection requests and track two things only: how many accept, and how many reply to the follow-up message. If acceptance drops below 30%, the title or industry filter is too broad and pulling in people who do not recognise themselves in the outreach. If replies drop below 10% of those who accepted, the opening message is the problem, not the list. Fix one variable at a time. Do not change the list and the message at the same time or you will not know which one moved the number.

===== linkedin:rewrite (64s, 8649 chars)
This rewrite shifts Pam's profile from a general coaching description to a direct conversation with Yorkshire business owners who are graft-rich and profit-poor, leading with her 43 years of real business experience and four consecutive world number one rankings before asking for anything.

> **Visibility unknown:** This profile is written in the public version: Pam is named as a business coach and her coaching work leads. If a discreet version is needed, for example due to an existing employment arrangement, request it separately and the profile will be repositioned around her operator track record and advisory work without the coaching label.

### Headline

**Headline**

```text
Helping Yorkshire business owners get more profit and more of their life back | 43 years in business | Ranked world's #1 business coach 4 years running | Take the free 3-min BOSS Scorecard
```

### About

**About section**

```text
Be honest.

Do you ever look at your business and think: "I should have more to show for all this ruddy effort"?

You've got customers. You've got a team. Turnover looks decent enough from the outside.

But behind the scenes it often feels like:

- Ridiculous hours that never seem to ease
- Every problem landing on your desk because nobody else sorts it
- Margin that disappears between winning the job and finishing it
- A bank account at month-end that doesn't match the turnover you're putting through

Not enough juice for the squeeze. That's what most owners tell me, once they actually say it out loud.

WHAT MOST OWNERS ACTUALLY WANT

A business that makes proper profit without needing you in the middle of everything.

Marketing that brings in the right work consistently.
Sales conversations that convert at the right margin.
A team that owns their patch and solves problems instead of bringing them to you.

When those three things work properly, profit improves and running the business feels worth the effort you're putting in.

WHO THIS IS FOR

Business owners in Yorkshire who are brilliant at what they do but want more from the business they've already built.

Specifically, owners who:

- Feel like the business depends on them for too many decisions
- Have plenty of activity but profit feels tighter than it should
- Want a team that performs without them standing in the middle of it
- Are ready to get more profit, more control, and more of their time back

HOW I WORK WITH YOU

I've been in business since I was 17. Forty-three years building and running businesses across service and retail before I ever coached anyone. I know what a 6am plant breakdown feels like. That's not a metaphor.

I've coached business owners for 17 years. Four years running, 2015 to 2018, I was ranked the world's number one business coach across a global network.

The work starts with your numbers, not a generic playbook.

We look at five things: the leads coming in, how many convert, what each job or sale is worth, how often customers come back, and what's left as profit after the costs. A 10% shift on each of those compounds to around 61% more revenue. Most businesses have two or three of those levers sitting half-open.

The BOSS Scorecard takes three minutes and shows exactly which part of your business is capping your profit right now. That's where we start.

PROOF

Ranked world's number one business coach four consecutive years: 2015, 2016, 2017 and 2018.

Worked with over 250 licensed coaches at Business Coach Academy, guiding them to grow their practices and get real results for the owners they work with.

Forty-three years running my own businesses, from a gym at 17 to multiple service and retail operations over nearly three decades.

[Add one specific client result here: profit grown by £X, hours saved per week, or margin recovered on a specific job type, with a from, a to, and a timeframe.]

WANT TO SEE WHERE YOUR BUSINESS STANDS?

Take the free BOSS Profit and Performance Scorecard. It takes three minutes, scores your business out of 100, and shows you exactly which area is holding back your profit.

Link in the featured section below. Or message me directly and we'll have a straight conversation about what's going on in your business. No pitch. Just a proper look at the numbers.
```

> **Proof gap to fill:** The About section contains one placeholder in square brackets. It marks where a specific client result belongs: a profit figure, a revenue change, or hours recovered, with a starting point, an end point, and a timeframe. Until that number is added, the proof section is thinner than it should be. This is the single most persuasive edit left to make.

### Core skills

| Skill | What it means for the owner |
| --- | --- |
| Profit improvement | Finding where margin is being lost between winning the work and finishing it, and fixing the specific levers that make the biggest difference to what's left at month-end. |
| Business performance coaching | Working through the five profit levers with real numbers, not theory, so the owner can see exactly what to change and in what order to get the fastest result. |
| Team accountability and structure | Helping the owner build a team that owns decisions and solves problems without everything landing back on their desk. |
| Owner exit from the day-to-day | Building the systems and the people structure so the business runs properly when the owner steps back, and is worth something if they ever want to sell or hand it on. |

### Key milestones

- Started her first business at 17 and spent 28 years building and running multiple service and retail businesses, including Gym 'n' Tonic.
- Ranked the world's number one business coach four consecutive years: 2015, 2016, 2017 and 2018, measured across a global coaching network.
- Spent over seven years at Business Coach Academy as Head of Coach Results and Director of Coaching Excellence, guiding a team of 250+ licensed coaches to grow their practices and deliver client results.
- Has coached business owners for 17 years, specialising in construction, allied trades, and Yorkshire owner-led businesses.

### Banner

**Banner line**

```text
43 years in business. Ranked world's #1 coach four years running. I help Yorkshire owners get more profit and more of their life back.
```

_Place this as the primary text on the LinkedIn background banner image. Pair it with a clean, uncluttered design. Avoid stock imagery of handshakes or cityscapes. A plain dark background with white text, or a Yorkshire landscape with the text overlaid cleanly, both work._

### Featured

- The BOSS Profit and Performance Scorecard: pin the direct link to the scorecard as the first featured item. Use the caption 'Three minutes. Find out which part of your business is capping your profit.' This is the primary lead magnet and should sit first.
- A LinkedIn post or article that leads with the '3am thought' hook: 'The turnover looks decent but I cannot explain where the money went this month.' Pin a post that names the problem clearly and ends with a call to take the scorecard or message Pam directly.
- A short video or written post where Pam speaks in her own voice about what it actually costs an owner to stay stuck in the middle of everything, ending with a specific invitation to have a straight conversation. No pitch. Just a look at the numbers.

### Checklist

1. **Headshot.** Use a recent photo where Pam is smiling and the image is well-lit. The headshot is the first thing a prospect looks at when they check the profile after receiving a message. A dated or low-quality photo loses trust before the headline is read.
2. **Custom URL.** Set the LinkedIn URL to linkedin.com/in/theprofitcoach or a clean variation using Pam's name. Avoid the default string of numbers. A custom URL looks deliberate and copies cleanly into emails and print.
3. **Company page linked.** Ensure the Profit Coach and Business Coach Academy roles link to their respective LinkedIn company pages, not left as plain text. This adds credibility and allows prospects to verify the organisations.
4. **Contact info open.** Set contact visibility so that second-degree connections can see Pam's email address or website. Most warm prospects are second-degree. If they cannot find a way to reach her without a connection request, some will not bother.
5. **Job titles from the dropdown.** When editing experience entries, use LinkedIn's dropdown to select job titles where possible rather than typing freeform text. Dropdown titles are indexed by LinkedIn's search algorithm, which improves how often the profile appears when owners search for coaching or business improvement help in Yorkshire.

===== campaigns:messaging (64s, 10159 chars)
Every message in these campaigns earns the right to a conversation by leading with Pam's real proof and the one thing Site-Tied Steve actually wants: a business that pays him back properly for the graft he puts in.

- **Core client:** Steve, MD of a groundworks or civils contractor in Yorkshire, turning over £1M to £8M with 12 to 35 staff
- **Main desire:** More margin out of the jobs he is already winning, and a business that does not need him standing in the middle of it every hour of the day
- **Proof used:** 43 years building and running businesses from age 17, plus four consecutive world number one business coach rankings (2015 to 2018) and 8+ years working specifically with construction and allied trades MDs
- **Proof type:** Career proof. Client proof with specific numbers is not yet available and must be added before Campaign A launches. See warning below.

> **Campaign A cannot launch at full strength yet:** The proof inventory flags two results as 'Needs a number': a specific construction client result (profit or revenue, from and to, timeframe) and a Yorkshire owner-led client result (hours saved, profit grown by £X, or similar). The connection request and Message 1 below use career proof as a holding position. The moment a real client number is available, replace the career proof block with the client proof template. A coached result from your own trade beats any career credential with an MD who has never heard of a coaching award.

### Campaign A: Connector

**Connection request**

```text
Hi {first_name}, I see you run a groundworks or civils business in Yorkshire. Are you looking to get more margin out of the jobs you are already winning? I ask because in 43 years of running businesses I used a simple system to do exactly that. Is this of interest?
```

_Send as the connection request. 273 characters including spaces. Under the 275-character limit. Do not add a link._

**Message 1**

```text
Hi {first_name}, thanks for connecting.

I work with MDs of groundworks, civils and allied trades businesses across Yorkshire. Same story keeps coming up: turnover looks decent, the lads are busy, but the margin is tighter than it should be and the owner is still the one sorting everything.

I started my first business at 17 and spent 28 years in the trenches building and running multiple businesses before I moved into coaching. I have spent the last 8 years working specifically with MDs in construction and allied trades. I know what a 6am plant breakdown feels like. That is not a metaphor.

Using a simple system called the PROFIT System, I help owners get more margin out of the jobs they are already winning, build a team that handles the day-to-day, and stop being the one who has to sort everything.

Most MDs I work with are brilliant at what they do. The business just is not paying them back properly for the risk they carry every day.

And I believe with the right system in place, your business can do the same.

Are you looking to get more margin out of the jobs you are already winning? Would you be interested in learning more?
```

_Send 30 minutes after connecting._

**Message 2**

```text
Hi {first_name}, just checking this landed. Happy to have a straight conversation if any of this sounds familiar. No pitch. Just a look at what is going on.
```

_Send 1 day after Message 1._

**Message 3**

```text
Hi {first_name}, I know you are probably busy on site or chasing someone for a payment that should have landed last week. I also know you get messages from coaches fairly regularly, and most of them are not worth the time.

All I would say is: it never hurts to have a conversation with someone who has actually run businesses and spent 8 years working inside the trade. If nothing else, you will get a straight opinion on what is going on and where the money is going.
```

_Send 2 days after Message 2._

**Message 4**

```text
Hi {first_name}, would you be open to a 20-minute call this week? I will ask you a few straight questions about the business, you can ask me anything you like, and we will both know quickly whether there is anything here worth talking about further. No obligation either way.
```

_Send 4 days after Message 3._

**Message 5**

```text
Hi {first_name}, last note from me on this one.

If you are at a point where the turnover looks fine but the margin is tighter than it should be, or the business still needs you in the middle of everything, that is usually the moment to have a conversation rather than wait.

I have spent 43 years in business and 17 years coaching. I work with MDs in the trade, not generalists who have never priced a job. If you ever want a fresh pair of eyes, you know where I am.
```

_Send 2 weeks after Message 4. Final message in the sequence._

### Open InMail

**Open InMail**

```text
Hi {first_name},

I work with MDs of groundworks, civils and allied trades businesses across Yorkshire and the Humber. A few things come up time and again with the owners I talk to:

1️⃣ Turnover looks decent but the margin is tighter than it should be and nobody can explain where it went.
2️⃣ The owner is still the bottleneck on pricing, chasing money and sorting anything that goes wrong on site.
3️⃣ The team is busy but the profit does not reflect the graft going in.

I started my first business at 17 and spent 28 years building and running multiple service and retail businesses. I have been coaching business owners for 17 years and spent 8 years working specifically with MDs in construction and allied trades. Four years running, from 2015 to 2018, I was ranked the world's number one business coach.

I have combined everything I learned across those years into The Construction PROFIT System: a practical method that works on five levers in the business, leads, conversion, average job value, repeat work and margin, to grow profit without the owner having to do more hours.

The problem most MDs face is not that the business is doing badly. It is that it is not paying them back properly for the risk they carry every day. They are working harder than ever, the team is growing, but somehow the margin is tighter than it was when it was just them and a couple of lads.

Most owners I speak to are at a crossroads: carry on as they are, or find out what is actually capping the profit and fix it.

The ones who take the second path usually find the business looks very different within 12 months.

Interested in finding out which part of your business is capping the profit right now?
```

_Use when {first_name} is not a connection. Adjust the numbered hooks if one does not fit what you know about the prospect._

### Campaign B: Conversation into the BOSS Scorecard

**After connecting**

```text
Hi {first_name}, great to connect. Quick question: are you focused on growing the business at the moment, or more on protecting what you have already built?
```

_Send immediately after connecting. Wait for a reply before sending the insight message._

**Insight**

```text
Good to know. In my experience with MDs in construction and allied trades, every business has one thing that is quietly capping the profit more than anything else. It is rarely the thing the owner thinks it is. Most owners I talk to are chasing leads or managing the team harder when the real constraint is somewhere else entirely, often in the margin on jobs they are already winning, or in how the business runs without them in the room.
```

_Send after they reply to the opening question. Keep it conversational. Do not pitch._

**Scorecard offer**

```text
I have a 3-minute scorecard called the BOSS Scorecard. It gives you a score out of 100 and shows you exactly which part of the business is the weakest link right now, not the symptoms, the actual root constraint. Most MDs find the result either confirms what they suspected or surprises them. Either way it is a useful 3 minutes.
```

_Send as a natural follow-on to the insight message. Do not attach a link yet._

**Leave the link**

```text
Here is the link if you want to give it a go: {assessment_url}

Takes 3 minutes. No sign-up form, no sales call booked automatically at the end. Just your score and a plain explanation of what it means. If it raises anything worth talking through, I am happy to do that. If not, no bother.
```

_Send only after the prospect has shown interest in the scorecard. Replace {assessment_url} with the live BOSS Scorecard link before sending._

### Check before launch

| Check | Pass |
| --- | --- |
| 1. Under 275 characters | Pass. Connection request is 273 characters including spaces. |
| 2. Opens with Hi {first_name}, | Pass. All messages open with Hi {first_name}, |
| 3. Specific callout: names the industry and location | Pass. 'groundworks or civils business in Yorkshire' is specific. Fix: if targeting drainage or plant hire, update the industry noun to match. |
| 4. Hook is a question tied to the main desire | Pass. 'Are you looking to get more margin out of the jobs you are already winning?' is specific to Steve's number one want. |
| 5. Includes 'I ask because' | Pass. Present in the connection request. |
| 6. Mentions 'a simple system' | Pass. 'I used a simple system to do exactly that' is in the connection request. |
| 7. Specific proof with numbers and a timeframe | Fix. Career proof used (43 years, world number one 2015 to 2018) because no client proof with a specific number and timeframe is available yet. Replace with a client result the moment one exists: 'I ask because {Company} used a simple system to grow margin by £X in under {timeframe} by tightening job costing and getting the pricing right.' |
| 8. Mechanism tied to the hook | Pass. The PROFIT System and five profit levers are named in Message 1. Connection request is brief by design. |
| 9. Owner's language used throughout | Pass. Lads, jobs, plant breakdown, margin, pricing, on site, sorting everything, graft, the squeeze. No coaching clichés. |
| 10. Closes with an interest CTA: 'Is this of interest?' | Pass. Connection request closes with 'Is this of interest?' Messages 1 and 4 close with clear, low-pressure invitations to respond or book a call. |

===== conversations:followup (59s, 7955 chars)
Most replies from Steve will not be a yes or a no. They will be a question, a deflection, or silence. Your job is to stay curious, keep it human, and move him one small step forward.

### When they reply

**They say: Yes, interested**

```text
Good to hear. Let me ask you a quick one before we go any further. Is the main thing you are looking at right now the margin on jobs, getting yourself off site a bit more, or something else entirely? Want to make sure I point you in the right direction.
```

_Do not pitch the system yet. Find out what is actually bothering him. One question. Wait for the answer._

**They say: What is it exactly?**

```text
Good question. In plain terms, I work with MDs in groundworks and civils to find out where the margin is going and fix it. We look at five areas of the business: leads, conversion, what you charge, repeat work, and the margin on jobs. Most owners are losing money in one or two of those without realising it. There is a 3-minute scorecard called the BOSS Scorecard that shows you where your business scores and which area is the weakest link right now. That is usually the best place to start. Want me to send you the link?
```

_Plain language. No system jargon. Move him toward the scorecard, not a sales call._

**They say: How much is it?**

```text
Straight answer: the coaches I work with invest anywhere up to £50,000 a year at the top end. But most owners start for under £1,000 a month, and the first step is just a conversation to see if there is anything worth working on. Before we talk money, it is worth knowing whether this is even the right fit. Can I ask: what is the main thing you are trying to sort in the business right now?
```

_Use this anchor when the price question comes in early. Redirect to their situation before any further numbers. Do not apologise for the investment._

**They say: Not right now**

```text
Fair enough, Steve. No pressure at all. Can I ask what would need to change for the timing to be right? Just good to know, so if I come back to you at some point I am not wasting your time.
```

_One question. No follow-up pitch. If he answers, note it and set a 90-day reminder. If he does not, move him onto the light nurture rhythm._

**They say: We are doing fine**

```text
That is good to hear. Most of the MDs I speak to are doing fine on turnover. The question that usually gets them is whether the margin is where it should be for the hours and risk going in. If the answer is yes, brilliant, you are in better shape than most. Just out of curiosity, are you happy with what the business is putting in your pocket relative to what you are putting in?
```

_Do not argue with fine. Ask one gentle question that invites reflection. If he bats it away again, leave it. Put him in the nurture rhythm._

**They say: Who are you?**

```text
Good question and fair enough to ask. I am Pam Woodford. I started my first business at 17 and spent 28 years building and running businesses across service and retail before I moved into coaching. Four years running, 2015 to 2018, I was ranked the world's number one business coach. For the last 8 years I have worked specifically with MDs in construction and allied trades across Yorkshire. I know the trade well enough to know what a 6am plant breakdown feels like. That is not a metaphor. Happy to have a straight conversation if you want to find out more.
```

_Lead with real proof. Keep it short. Do not list credentials like a CV. One or two sentences of biography, then back to them._

**They send a neutral one-liner (for example: 'OK' or 'Interesting')**

```text
Glad it caught your eye. Quick question: is the margin on jobs the main thing you are looking at right now, or is it more about getting yourself a bit further out of the day-to-day?
```

_Neutral is not no. Treat it as mild interest and ask one focused question. Do not send a wall of text._

**They say: Send me some info**

```text
Happy to. Rather than send you a brochure that ends up in a folder, let me point you at something more useful. There is a 3-minute scorecard called the BOSS Scorecard. It gives you a score out of 100 and shows you which part of your business is quietly capping the profit. Most MDs find it either confirms what they suspected or surprises them. Here is the link: {assessment_url}. No sign-up, no sales call booked automatically at the end. If anything comes up that is worth talking through, I am here.
```

_Send the scorecard link instead of a PDF. It is more useful and gives Pam a natural reason to follow up once he has a score._

### Avoid

- Sending a long pitch when he asks a short question. Match the length of his reply.
- Asking two questions at once. One question. Wait for the answer.
- Treating neutral as a no. It rarely is.
- Jumping to cost before you know what he actually wants to fix.
- Apologising for what you charge. State it plainly and move on.
- Sending a PDF or brochure when the scorecard does a better job.
- Going quiet after a 'not right now'. That is when the nurture rhythm starts.
- Using words like journey, transformation or mindset in a reply to an MD who prices groundworks. It ends the conversation.

### VIP nurture: top 100

**INSIGHT message**

```text
Hi {first_name}, I noticed you are running a groundworks operation in Yorkshire. One thing keeps coming up with MDs I talk to in the trade at the moment: turnover is holding up, the lads are busy, but the margin at the end of the month does not reflect the graft going in. The culprit is almost never where the owner thinks it is. Usually it is sitting in job costing, how repeat work gets handled, or the pricing on smaller contracts that feel like easy wins but quietly eat the margin. I have a 3-minute scorecard that shows you exactly which part of your business is the weakest link right now. No waffle, just a score out of 100 and a straight explanation of what it means. Worth 3 minutes of your time? I can send the link.
```

_Send as a LinkedIn direct message or email. Personalise the opening line with something specific you noticed about their business: a recent contract win, a job they posted about, or a trade body they belong to. Do not send without that specific detail._

> **Who goes on the top 100 list:** An MD or founder of a groundworks, civils, drainage, or allied trades business in Yorkshire or the Humber, turning over £1M to £8M, with 12 to 35 staff. Prioritise anyone who has posted recently about margin pressure, hiring problems, or being stretched thin on site. Also prioritise connections of connections: if a trusted MD in the trade is already in your network, their peers are warm prospects. Review and refresh the list every 90 days. Remove anyone who has been through the full sequence and explicitly said no.

### Nurture rhythm

- **Week 2:** Share a useful insight. Send a LinkedIn post or short message on one of the five profit levers, written in plain language for a construction MD. For example: why margin disappears between winning a job and finishing it, and one thing that fixes it. No pitch. Just useful.
- **Week 5:** Send the BOSS Scorecard. Message him directly. Keep it short. 'I have a 3-minute scorecard that shows which part of your business is capping profit right now. Most MDs either confirm what they suspected or get a surprise. Worth a look? Here is the link: {assessment_url}.' Nothing else.
- **Week 8:** Share a relevant piece of proof or a trade observation. Something specific to construction or allied trades. A pattern you see in job costing, payment terms, or team accountability. If you have a client result with a number by this point, use it here. If not, use a sharp observation from your 8 years in the trade. One short paragraph. No ask.
- **Day 90:** Check-in message. Send on a Tuesday or Wednesday morning. Keep it to three sentences. No links, no scorecard, no pitch. Just a human check-in. If he replies, the conversation restarts.

===== offer:direction (51s, 7068 chars)
I help MDs of groundworks and civils businesses in Yorkshire get more margin out of the jobs they are already winning, build a team that stops bringing every problem to them, and get their time back, without packing in the business they have spent years building, using a proven profit method built on 43 years of running real businesses.

### The gap

| Area | Today | What they want |
| --- | --- | --- |
| Profit and margin | Turnover looks fine but there is nothing in the bank at month-end. Margin gets eaten by rework and underquoting and he cannot see where it went. | Jobs that land the margin he priced. Profit that shows up in the account. Numbers he can actually explain. |
| Cash and pipeline | Three sites running, good activity, but cash is tight. Two tenders sitting unpriced because he was sorting a plant breakdown instead. | Cash that flows predictably. A pipeline he built on purpose, not whatever work came in while he was on site. |
| Team and decisions | He hired a contracts manager to take the pressure off and still does half the job himself because it is quicker. Everything lands on his desk. | A team that owns their patch, makes decisions, and comes to him with solutions. A business that does not stall the moment he steps back. |
| His own life | Missed the match again. His partner has stopped saying much about it, which is worse. No holiday where the phone stays quiet. | A proper weekend. A holiday he actually switches off on. A business worth the graft he has put into it. |

### Why they will buy

- Know-how: Steve suspects coaches have never had a plant breakdown at 6am or chased a main contractor for 90-day payment. Pam has run businesses for 43 years. She knows what the trade actually looks like from the inside.
- Speed: He has tried the seminar, came back fired up, changed nothing within a fortnight. A working relationship with someone who follows up and holds him to account gets to results faster than anything he can do alone.
- Ease: The BOSS Scorecard takes three minutes and shows exactly which part of the business is capping profit. The work starts with his numbers and his jobs. He does not have to figure out where to start.
- Less stress: Right now every problem lands on him. The whole point of the work is to stop that. Most owners find the first quick wins free up hours within the first few weeks, which makes the rest feel manageable rather than one more thing on the list.

### Key messages

1. If your turnover is decent but you cannot explain where the money went, the margin is leaking somewhere between winning the job and finishing it. That is a fixable problem, not just how construction works.
2. The business needing you for every decision is not a sign that you are indispensable. It is a sign that the team and the systems are not yet built to hold the weight. That can be sorted.
3. Busy and profitable are not the same thing. If you are working harder than you were five years ago and the margin is tighter, something in the way the business runs needs to change, not you working more hours.
4. A month where cash is tight despite good turnover is usually one of five things, all of them fixable. The question is which one it is and how quickly you can close it.
5. You have put too much into this business to still be the one sorting everything. The work you carry personally right now is the ceiling on what the business can ever become.

### The offer

- **Name:** The Profit Coach Programme
- **Promise:** More margin from the jobs you are already winning, a team that stops depending on you for every call, and your time back, or we keep working until it lands.
- **Who it is for:** MDs of groundworks, civils, drainage and allied trades businesses in Yorkshire, turning over £1M to £8M, with 12 to 35 staff. You are brilliant at the trade. The business is not yet paying you back properly for the risk and graft you carry.
- **What is included:** BOSS Scorecard to find exactly where profit is being capped. Weekly 90-minute sessions for the first 4 to 6 weeks to get quick wins and build momentum. Then two 90-minute sessions a month, ongoing. Direct access to Pam between sessions for the decisions that cannot wait. A clear focus on the 5 profit levers: leads, conversion, average sale value, repeat business, and margin.
- **Format:** One-to-one coaching. Sessions by video or in person across Yorkshire. Weekly at the start, then twice a month. Built around your schedule, not a corporate calendar.
- **Price options:** Monthly from £1,450 a month. Six months upfront at £7,800 (saving one month). Payment plans available: 50% upfront then monthly, or split across 2, 3 or 4 payments. If asked early: our top coaching clients invest up to £50,000 a year, but you can start for under £1,000 a month. It depends on your situation. I could do a call on Monday or Wednesday to look at what makes sense for you. Which day works best?
- **Proof:** Pam ranked world's number one business coach four years in a row, 2015 to 2018. 43 years building and running real businesses. 17 years coaching business owners. 8 years working specifically with MDs in construction and allied trades. [Add one specific client result from construction work with a from, a to, and a timeframe when available.]

### Why you

- Pam started her first business at 17. She spent 28 years building and running multiple service and retail businesses before she coached anyone. When she says she knows what a 6am plant breakdown feels like, that is not a metaphor.
- Ranked world's number one business coach four consecutive years: 2015, 2016, 2017 and 2018. Not a self-nominated award. Measured on client results and business growth delivered across a global coaching network.
- 8 years working specifically with MDs of construction and allied trades businesses. She understands 90-day payment terms, main contractor pressure, rework costs, and what it means to price a job wrong.
- 17 years running her own coaching practice. She has guided over 250 licensed business coaches through Business Coach Academy, helping them grow their practices and get real results for their clients.
- The BOSS Scorecard starts with your numbers, your jobs, your margin. Nothing generic. The work is built on what the scorecard finds, not a standard programme delivered the same way to every client.
- [Add a specific client result from your construction or allied trades work here: from, to, timeframe. This is the single strongest thing you can put in front of a sceptical MD like Steve.]

> **Two proof gaps to close:** The proof stack above is strong but it has two gaps flagged in the proof inventory. Add one specific client result from your construction or allied trades work (profit or revenue, with a starting point, an end point, and a timeframe) and one result from a Yorkshire owner-led client (hours saved, profit grown by a specific figure, or team accountability improved in a measurable way). Those two numbers make this section significantly more persuasive to a sceptical MD who suspects coaching is all theory.

===== offer:payment (40s, 5095 chars)
The price is never the first thing Steve hears. He hears the outcome first, and the investment lands as the cost of getting there faster than he could alone.

| Option | Investment | Best for |
| --- | --- | --- |
| Monthly rolling | £1,450 a month | Owners who want to start without a large upfront commitment and prove the value as they go. |
| Six months upfront (single payment) | £7,800 | Owners ready to commit and save the equivalent of one month. Best for those who want the fastest results with full momentum from the off. |
| Six months upfront (split payments) | 50% upfront (£3,900), then £3,900 at month three. Or split across 3 or 4 payments. | Owners who want the six-month rate but need the cash to move in stages. Works well for a groundworks MD managing a tight month-end. |

### If they ask the price early

**Anchor script - if Steve asks the price before the call**

```text
Good question, Steve. Our clients invest anything from under £1,000 a month right up to £50,000 a year, depending on what they need and how fast they want to move. What I don't want to do is quote you a number before I know what's actually going on with your margins and your team, because there's no point me recommending something that doesn't fit where you are right now. What I'd rather do is get on a call, take a proper look at your numbers, and then be straight with you about what makes sense. I'm free Monday or Wednesday this week. Which works better for you?
```

_Use this if Steve asks about cost in a message, on LinkedIn, or early in a first conversation before the discovery call. The goal is to hold the anchor without dodging the question, then move him to a call._

### At the end of the call

**Either-or close - end of the discovery call**

```text
Right, so we've looked at where the margin's going, why the cash feels tighter than the turnover suggests, and what it would mean to have a team that stops landing everything on your desk. The work starts with your BOSS Scorecard so we know exactly where to go first, then we meet weekly for the first five or six weeks to get some quick wins in and build momentum, then twice a month from there. You can start on the monthly rate at £1,450, or if you want to commit to six months and save yourself a month's cost, that's £7,800 and we can split that if the timing is better. Both routes get you the same work and the same access to me. Which one suits where you are right now?
```

_Deliver this after you have summarised what you heard on the call. Name their specific problem back to them first, then present the two options. Do not present three options at once. Let the silence sit after the question._

### Proposal outline

1. **What we talked about.** Two or three sentences that show you heard Steve. Name his specific problem: the margin disappearing, the team depending on him, the cash squeeze. Write it in his words, not coaching language. This is the section that tells him the proposal is about him, not a template.
2. **What this gets you.** Three outcomes, specific to what he said on the call. Margin that holds on the jobs he is already winning. A contracts manager who actually manages. A month-end that does not feel like a crisis. Keep it concrete. No abstract promises.
3. **How the work runs.** BOSS Scorecard to find exactly where profit is capped. Weekly 90-minute sessions for the first four to six weeks for quick wins and momentum. Then two 90-minute sessions a month, ongoing. Direct access to Pam between sessions for the calls that cannot wait. Sessions by video or in person across Yorkshire.
4. **Why this works.** One short paragraph on proof. 43 years building and running real businesses. Four consecutive years ranked the world's number one business coach. Eight years working with MDs in construction and allied trades. [Add specific client result here: from, to, timeframe.] Not theory. This is built on what actually works inside businesses like Steve's.
5. **Your investment.** Monthly at £1,450 a month, or six months upfront at £7,800 with payment split options available. Include the two or three payment options clearly, side by side. No hourly rate. No day rate. The investment is in the outcome, not the hours.
6. **Next step.** One clear action. Not a list of options. 'Reply to confirm you want to go ahead and I'll send the agreement over today. We can start your BOSS Scorecard this week.' Give a date. Make it easy to say yes.

### Raising your price

Raise by £500 every two to four new clients. At £1,450 a month, your second or third client comes in at £1,950, your fourth or fifth at £2,450. You do not need to tell existing clients. New clients come in at the new rate. At six clients you are at £10,000 a month or close to it, mixing £1,500 and £2,000 accounts. The moment a client says yes without hesitating on the price, the rate goes up for the next one. If you are getting pushback from every prospect, hold the rate and look at how you are presenting the value before you assume the price is the problem. Never drop the price. Adjust the payment structure instead.

===== sales:value (52s, 7644 chars)
The Quick Wins Profit Maximiser is a free 30-minute session where Pam looks at the numbers with you, finds where the margin is leaking, and leaves you with two or three things you can act on straight away. No pitch. No fluff. Just a straight look at what is going on.

- **Name:** The Quick Wins Profit Maximiser
- **Length:** 30 minutes, by video or in person across Yorkshire
- **Who it is for:** MDs of groundworks, civils, drainage and allied trades businesses turning over £1M to £8M. You are busy, you have a team, and the profit is tighter than it should be for the hours you are putting in.
- **What they get:** A clear picture of which part of the business is capping profit right now, and two or three specific actions they can take this week without adding more to their plate.
- **The promise:** You leave with something useful whether we work together or not. If there is nothing in it for you, we have both wasted 30 minutes and Pam will be the first to say so.

### The invitation

**Invitation**

```text
Hi {first_name},

Honest question. Does any of this sound familiar?

- Turnover looks decent but there is nothing in the bank at month-end and you cannot quite explain where it went
- You are still the one sorting everything, on site, pricing jobs, chasing payments, because it is quicker than explaining it to someone else
- The hours keep going in but the margin is not moving the way it should for the graft you are carrying

If it does, I would like to offer you something useful.

I run a free 30-minute session called the Quick Wins Profit Maximiser. We look at what is actually going on in your business, find where the profit is leaking, and you leave with two or three things you can act on straight away.

No pitch. No strings. If there is nothing in it for you, I will tell you that myself.

I have spent 43 years building and running real businesses, and the last 8 years working specifically with MDs in construction and allied trades across Yorkshire. I know how the trade works.

If you want a fresh pair of eyes on what is going on with the margin, just reply here and we will find a time that suits you.
```

_Use for a warm LinkedIn message to a Yorkshire MD in construction or allied trades who has engaged with your content, visited your profile, or connected recently. Keep it plain. No links in the first message._

### The questions

| Area | Question | Red looks like | Green looks like |
| --- | --- | --- | --- |
| Profit and margin | When you finish a job, do you know what margin you actually made compared to what you priced? | He prices the job, delivers it, and finds out what was left at month-end when the bookkeeper tells him. Rework and extras eat it quietly. | He tracks margin by job. He knows within a week of finishing whether it landed where he priced it, and why if it did not. |
| Cash flow | At the end of a typical month, do you know within a few thousand pounds what your cash position will be before you check the account? | He is looking at the bank account on the 25th wondering if payroll is going to clear. Good months and bad months both catch him off guard. | He can call his cash position for the next four weeks without checking. The pattern is predictable and he built it on purpose. |
| Pipeline and pricing | How many tenders do you have in right now that you have priced and submitted in the last 30 days? | Two tenders are sitting on his desk unpriced because he has been on site sorting problems. He will get to them when he can. | He has a consistent pipeline. Tenders go in on time. He wins enough of the right jobs to keep the sites running and the margin solid. |
| Bottleneck | What would happen to the business if you took two weeks completely off tomorrow, no phone, no site visits? | He already knows the answer. Things would go wrong. He cannot actually step back because the business runs through him. | His contracts manager and foremen would handle it. He would come back to a business that had carried on, not a pile of problems to sort. |
| Team and decisions | When a problem comes up on site, does it get solved before it reaches you, or does it land on your desk? | Everything lands on him. He hired a contracts manager to take the pressure off but still does half the job himself because it is quicker to just sort it. | His foremen and contracts manager solve the day-to-day. He hears about problems when they need a decision only he can make, which is not often. |
| Leads and winning work | Are you winning jobs you want to win, or are you pricing anything that comes in and hoping for the best? | He prices everything that lands on his desk because he cannot afford to miss work. He wins some, loses some, and is not always sure which jobs are worth winning. | He knows which jobs are worth having and which are not. He prices selectively, wins at a decent rate, and the work he takes on is the work that delivers margin. |
| Repeat business and relationships | Do your best clients come back to you first, or do you have to chase and re-pitch every time? | He has to chase. Every job feels like starting from scratch. He is not sure why some good clients went elsewhere. | His best clients ring him before they go to tender. He has relationships that bring work without him having to chase it down. |
| Owner's life | When did you last take a full week off where the phone stayed quiet and the sites ran without you? | He cannot remember. He took time with the family last summer but was on the phone every day. His partner has stopped commenting on it, which is worse. | He takes proper time off two or three times a year. The sites run. He comes back refreshed, not behind. |
| Numbers and visibility | Do you know your gross margin percentage right now, without having to check with your bookkeeper? | He has a rough idea. He knows what he is putting through but the margin figure is something he gets told rather than something he tracks. | He knows his margin, his overhead, and his net profit position. He checks the numbers weekly and can see where they are heading. |

### The transition

**Transition**

```text
Right, so based on what you have told me, here is the honest picture.

The margin is there. The jobs are there. The problem is not that you are doing something wrong. It is that a couple of things in the way the business runs right now are quietly eating what should be yours.

[Reflect back their two or three biggest reds in their words.]

If we were to work on this together, that is exactly where we would start. The goal would be to take you from [their current situation in their words] to [their stated goal in their words]. Not in a year. In the first few weeks.

Does that sound like something you would want help with?
```

_Pause after the last question. Let them answer. Do not fill the silence. If they say yes, move straight to the pitch. If they say not now, move to the follow-up path below._

### If they say not now

Do not push and do not handle it as an objection. Say: 'Absolutely. At the very least you now have a clear picture of where to focus.' Then send a short written summary within 24 hours. Two or three sentences on what you found, the two or three actions they can take on their own, and one line that keeps the door open: 'If anything changes or you want to pick this back up, just drop me a message.' Book a soft follow-up for 7 to 10 days out, nothing pressured, just a check-in to see how they are getting on with the actions. Most owners who say not now come back within 60 days. The ones who do not remember the session as the most useful free call they ever had. That matters too.

===== sales:script (68s, 9472 chars)
This call script takes Steve from curious to committed by reflecting his world back at him, showing him exactly where the margin is going, and making the path forward feel obvious.

### Opening

**Opening the call**

```text
Right, Steve, good to speak with you. Thanks for making the time. Before I say anything, I want to hear from you. What made you book this in? What's going on in the business right now that made you think it was worth half an hour of your day?
```

_Let him talk. Do not interrupt. You are listening for the words he uses, the pain he names first, and anything he says about what he has already tried. That is the 20% you tailor later._

### Questions that find the gap

1. If we met a year from now and you looked back and thought, right, that was a good twelve months, what would need to have happened? What would be different?
2. You're putting through decent turnover. When you look at the bank at month-end, is the profit landing where it should be, or does it feel like the money's disappearing somewhere between winning the job and finishing it?
3. Where does your margin go? Is it rework, underquoting, the programme running over, or is it honestly hard to say?
4. How much of your week are you spending on site sorting things that your contracts manager or foreman should be handling?
5. When a problem lands on a job, does it come to you first, or does your team make the call and tell you after?
6. How's the pipeline looking? Are you pricing the jobs you want, or are tenders sitting untouched because you're tied up somewhere else?
7. Cash: are you comfortable with what's coming in and when, or are there months where the turnover looks fine but you're staring at the bank account wondering how you're going to cover payroll?
8. What have you tried to get on top of this? What happened?
9. What's the one thing, if it changed, that would make the biggest difference to how the business feels to run?
10. And honestly, what's it costing you personally? Not just in money. Time, weekends, all of it.

> **Listen, then reflect back:** After question ten, pause. Repeat the two or three things he said that landed hardest. Use his exact words. Say: 'So what I'm hearing is...' and feed it straight back. That moment is worth more than anything clever you could say.

### Transition

**Moving from discovery into the game plan**

```text
Right. Based on what you've told me, I've got a pretty clear picture. The turnover's there, the graft's there, but the margin's tighter than it should be and you're still the one holding the whole thing together. Sound about right? Good. I've seen this in a lot of groundworks and civils businesses across Yorkshire, and there's always a reason for it. It's not because the business is broken and it's not because you're doing it wrong. It's because a few things haven't been built yet. Let me show you what I'd focus on if we were working together. Three things, in order. Tell me when you want me to slow down.
```

_Slow your pace here. Let the transition breathe. Do not rush into the game plan. Steve needs a beat to shift from talking to listening._

### The game plan

1. **Find where the margin is going.** We start with the BOSS Scorecard. Three minutes. It shows exactly which part of the business is capping profit. Then we look at your last six to twelve months of jobs: what you priced, what you made, and where the gap opened up. Nine times out of ten it's rework, underquoting on a certain type of contract, or plant and programme costs running over without anyone flagging it until month-end. Once we know which one it is, we fix that first. That's where the quick wins are. Most owners see margin move within the first few weeks, just from changing what they measure and when they measure it. Check-in question: Does that sound like where the bleed is for you, or is it coming from somewhere different?
2. **Get the team making decisions without you.** The business needing you for every call is not a sign that you're indispensable. It's a sign that the team don't yet have the structure or the authority to hold the weight. We look at who's doing what, where the accountability gaps are, and what needs to be built so your contracts manager and your foreman can actually own their patch. That's not a long process. It usually takes four to six weeks of focused work to stop the flow of problems landing on your desk. The goal is that by the time we're two months in, your phone is quieter on a Friday afternoon than it is today. Check-in question: When you hired your contracts manager, what did you expect them to take off your plate? And how much of that are they actually carrying?
3. **Build a pipeline you control, not one that just happens to you.** Right now your pipeline is whatever work comes in while you're fighting the fires on site. We change that. We look at your best jobs: the ones that made the margin you priced, with the clients who paid on time, on the type of contract that suits the way your business works. Then we build a simple system to go and find more of those, and price them properly, before you're stretched. That's lead generation and conversion, two of the five profit levers I work on with every client. Get those two right and the turnover you're putting through starts feeling very different at month-end. Check-in question: If you could only take on one type of job for the next twelve months, the one that makes you the most margin for the least grief, what would it be?

### Results and proof

Pam started her first business at 17 and spent 28 years building and running multiple service and retail businesses before she coached anyone. She has been coaching business owners for 17 years and was ranked the world's number one business coach four years in a row: 2015, 2016, 2017 and 2018. That ranking was measured on client results and business growth delivered, not a vote or a self-nomination. She has spent over 8 years working specifically with MDs in construction and allied trades, which means she understands 90-day payment terms, main contractor pressure, rework costs, and what it means to price a job wrong and spend six months working for nothing. [Add one specific client result here: business type, what changed, from where to where, and how long it took. This is the single line that turns a sceptical MD from interested to ready to go.]

### Price and close

**Presenting the offer and the price**

```text
So here's how I work with clients. We start with the BOSS Scorecard to find exactly where profit is being capped in your business. Then we run weekly 90-minute sessions for the first four to six weeks to get quick wins on the board and build some momentum. After that, we move to two sessions a month, and you've got direct access to me between sessions for the decisions that can't wait until next Tuesday. Everything is built around your schedule. Video or in person, wherever works for you across Yorkshire.

The investment is £1,450 a month. If you want to go six months upfront, it's £7,800, which saves you a month's fee. I can also split payments across two, three or four instalments if that makes more sense for cashflow right now.

For context, the clients I work with at the top end invest up to £50,000 a year. You can start for under £1,500 a month. What I'd say is this: if we find three or four percent more margin on the jobs you're already winning, that programme pays for itself inside the first couple of months and the rest is yours.

Does that feel like the right sort of investment for what you want to change?
```

_Say the price clearly and then stop talking. Do not fill the silence. Let Steve respond. If he pauses, that is fine. That is him thinking, not objecting._

### Objections

| They say | You say |
| --- | --- |
| Money: I can't justify the cost right now. Cash is tight. | Cash being tight is usually one of five things, all of them fixable. The question is whether the cost of doing nothing is higher than the cost of fixing it. Most of the time it is. If we find three or four percent more margin on the jobs you're already winning, the programme pays for itself inside the first two months. What's the cost of leaving the margin where it is for another year? |
| Time to think: I want to have a think about it. | Of course. What would help you decide? Is there something specific you want to think through? I'd rather you said that now so I can give you a straight answer than you go away with a question I could have answered on this call. |
| Partner: I need to run it past my wife / my business partner. | Absolutely, that's the right thing to do. What's your gut telling you? And is there anything they're likely to raise that I could help you answer before we finish today? |
| Timing: It's not the right time. We've got a big job starting. | A big job starting is exactly when this work matters most. That's when cash gets stretched, when the team needs to be sharp, and when pricing the next one properly is critical. Most owners find the first few weeks free up hours, not add them. What would need to be true for the timing to feel right? |
| Fear: I've tried coaching before. Went to a seminar, changed nothing. | A seminar gives you ideas. This is a working relationship. I follow up. I hold you to account. I stay until the result lands. The difference isn't what you learn, it's whether anyone checks that you've done it. That's the bit most people have never had. |

===== content:posts (43s, 5911 chars)
Pam's content earns trust the same way she earns clients: straight talk, real experience, and proof that the business can pay back better than it does right now.

### Content pillars

| Pillar | What it covers | Example hook |
| --- | --- | --- |
| Margin and money | Where profit leaks between winning the job and finishing it. Cash, pricing, what's left at month-end. | Your turnover looks fine. So where did the money go? |
| Getting off site | The owner as bottleneck. Building a team that makes decisions without him. Buying time back. | You hired a contracts manager to take the pressure off. Are you still doing half the job yourself? |
| Proof and experience | 43 years in business, 8 years in construction and allied trades, four-time world number one. What actually changes and how. | I started my first business at 17. Here's what 43 years teaches you about a tight margin. |
| The business behind the business | What the business costs the owner personally: weekends, family, health, the slow realisation it might never change. | He missed the match again. His partner has stopped saying much about it. That's usually when people call me. |

### Twelve post ideas

1. You're putting through decent turnover. So why is there nothing in the bank at month-end?
2. The five things that make cash tight despite good turnover, and which one is probably yours.
3. I've run businesses since I was 17. The margin problems in construction are not unique. They are just easier to ignore when you're busy.
4. He hired a contracts manager to take the load off. Eighteen months later he was still doing half the job. Here's what was missing.
5. Busy is not the same as profitable. If you're working harder than five years ago and making less margin, something needs to change.
6. The BOSS Scorecard takes three minutes. Most MDs who complete it find out their biggest problem is not the one they thought it was.
7. What does your business actually pay you for the hours and the risk? Most owners have never done that calculation. It's a sobering one.
8. A seminar fires you up. A working relationship gets you the result. The difference is not the content, it's the accountability.
9. Four years ranked the world's number one business coach. The one thing that made the biggest difference to every client: they stopped being the answer to everything.
10. If one of your best lads walked tomorrow, what would actually fall over? That answer tells you more about your business than any set of accounts.
11. Most margin doesn't disappear in one big hit. It leaks. A bit on that job, a bit on rework, a bit on a price that was never right. Here's how to find it.
12. The business needs you for every decision. That's not a sign you're indispensable. It's a sign the team isn't yet built to hold the weight.

### Ready to post

**Proof story**

```text
I want to tell you about a conversation I had with an MD in construction.

Turnover was healthy. Three sites running. Team of twenty-something. From the outside, it looked like a proper business.

But he rang me because he'd sat down one Sunday and worked out what the business was actually paying him per hour once you accounted for the risk, the stress, and the hours he was putting in.

The number wasn't what it should have been. Not even close.

He knew his turnover. He couldn't explain his margin.

We started with the BOSS Scorecard. Three minutes. It showed us exactly where the profit was leaking, and it wasn't where he thought. It was in the gap between the price he put in and what the job actually cost to deliver.

Rework. Plant that ran over. A couple of lads who needed more supervision than he'd allowed for in the price.

None of it dramatic. All of it fixable.

If your turnover looks decent but there's not enough to show for it, that's not just how construction works. That's a problem with a solution.

Take three minutes on the BOSS Scorecard and let's see where yours is leaking. Link in the comments.
```

_Use when you want to open a conversation about margin without it sounding like a pitch. Works well mid-week, Tuesday or Wednesday morning._

**The 3am thought**

```text
It's not the big stuff that keeps construction MDs awake at 3am.

It's the quiet thought that landed somewhere on the bypass on the way to site.

I've built this from nothing. Twenty-odd lads. Three sites. A turnover I couldn't have imagined back when it was just me and a dumper.

So why does it feel like I'm running faster just to stay in the same place?

I hear that a lot. Usually from the sharpest, most capable MDs I work with. Men who are brilliant at the trade and are quietly wondering whether the business is ever going to pay them back properly for what they put in.

The hours. The risk. The missing weekends. The phone that goes at 6am because of a plant breakdown and doesn't stop until they're back in the van at dusk.

That feeling is not a character flaw. It's a signal.

It means something in the way the business runs needs to change. Not you working more hours. The business itself.

If that landed somewhere familiar, I'm happy to have a straight conversation about what's actually going on. No pitch. Just a look at the numbers.

Start with the BOSS Scorecard in the comments. Takes three minutes.
```

_Post on a Monday morning or a Sunday evening when the feeling of a new week building is fresh. Speaks directly to the 3am thought without naming the owner._

> **Posting rhythm:** Four posts a month is the minimum to stay visible with construction MDs on LinkedIn. A proof story on the first Tuesday of the month, a 3am thought mid-month, and two shorter posts built from the twelve ideas above. Rotate the pillars so margin, team, personal cost and experience each appear across the month. Consistency matters more than volume. A post that lands once a week for six months builds more trust than ten posts in a fortnight then silence.

===== content:newsletter (40s, 5199 chars)
A short, plain-spoken read for Yorkshire business owners who are brilliant at the trade but want more to show for it. One idea, one practical move, straight to your inbox.

- **Name:** Not Enough Juice for the Squeeze
- **Who it is for:** MDs and founders of groundworks, civils, drainage and allied trades businesses in Yorkshire, turning over £1M to £8M, with a team already in place
- **How often:** Monthly
- **Format:** Email and LinkedIn newsletter. One idea, one story or example, one thing to act on. Under 500 words. Every issue ends with an offer to talk.
- **Call to action:** Take the free 3-minute BOSS Profit and Performance Scorecard at pamwoodford.co.uk, or book a straight conversation with Pam to look at where the money is going

### The first issue

**Issue 1**

```text
Subject: Busy but skint? Here's why the money keeps disappearing.

Honest question.

You're putting decent numbers through. The lads are busy. The jobs are on. So why is there nothing in the bank at month-end?

I hear this every week from MDs across Yorkshire. Not just once. Every single week. Turnover looks fine. Bank account doesn't agree. And they cannot explain the gap.

Here's what's usually happening.

The margin gets priced at one number and delivered at a different, lower one. Rework, underquoting on groundworks scope, plant hire that runs longer than it should, a variation that never got properly priced in. It happens on almost every job. Each one looks small. Add them up across a month and the profit that should be in the account simply isn't.

The second thing is timing. You invoice at practical completion but payroll lands on the 25th regardless. Main contractors stretch to 60 or 90 days because they can. So you are funding their business with your cash while your own bank balance gives you a headache.

Neither of those is a sign the business is broken. Both of them are fixable.

The one thing to do this week.

Pull the last three jobs you completed. Not the ones still on site. Finished ones. Compare what you priced against what you actually made. Not the invoice value. What landed in the account after you paid out wages, plant, materials and subbies.

Most MDs who do this find one of two things. Either the margin is consistently thinner than priced, which means something in the pricing or delivery needs looking at. Or one job went wrong and dragged everything down, which is a different problem with a different fix.

You cannot sort what you cannot see. That one exercise usually shows you exactly where to look.

If you do it and the numbers surprise you, I am happy to have a straight conversation about what they mean and what to do next. No pitch. Just a look at what's actually going on.

You can also take the free BOSS Profit and Performance Scorecard. It takes three minutes and shows you which part of the business is capping your profit right now. Most owners who take it tell me they wish they had done it sooner.

[Take the scorecard: pamwoodford.co.uk]

Or if you'd rather just talk, reply to this and we'll find a time.

Pam

P.S. I started my first business at 17. I spent 28 years in the trenches before I coached anyone. When I say I know what a 6am plant breakdown feels like, that is not a metaphor.
```

### The next six issues

| Issue | Subject line | The one idea |
| --- | --- | --- |
| 2 | Why your contracts manager is still bringing everything to you | Hiring someone to take the pressure off only works if they have clear ownership of decisions. Without it, they bring problems instead of solving them. The fix is not a better hire. It is a clearer system for who decides what. |
| 3 | The tender you lost wasn't about price | Most MDs who lose work they should have won lost it before they submitted anything. Late tenders, thin pricing done in a rush, or a follow-up that never happened. Winning more work starts with protecting the time to price it properly. |
| 4 | Your turnover went up. Your margin went down. Here's why that happens. | Growth without the right controls in place usually makes margin worse, not better. More jobs means more moving parts and more places for money to leak. The five profit levers explain why busy and profitable are not the same thing. |
| 5 | What a business that doesn't need you looks like in practice | Not a business without an owner. A business where the owner chooses what they do each day rather than having the day choose for them. The difference is team accountability and a handful of simple systems. Both are achievable without a management restructure. |
| 6 | Cash is tight again. This is usually why. | Tight cash despite decent turnover comes down to one of five causes. Payment terms, margin leakage, poor pipeline timing, underpriced jobs, or money going out faster than it comes in. Knowing which one it is points directly to the fix. |
| 7 | You've built something real. Is it paying you back properly? | After 10 or 15 years, most MDs find the business needs them more than it did when there were four of them. That is the wrong direction. A business worth the graft you have put in runs mostly without you and could, if you wanted, be sold or handed on. Here is what that takes. |

===== ninety:quarter (41s, 5218 chars)
One objective for the next 90 days: sign your first three to six paying clients and build the daily habits that keep the pipeline full after that.

- **£1,450/mo** Monthly fee per client (entry point)
- **6** Clients needed to hit £8,700 a month
- **18–24** Discovery calls needed to sign 6 clients (at 25–33% conversion)
- **120–180** Conversations needed to book 18–24 calls (at 10–15% reply rate)

> **How these numbers were set:** These figures are based on Pam's entry price of £1,450 a month and a realistic conversion rate for a new outreach campaign targeting Yorkshire MDs in construction and allied trades. Six clients at £1,450 returns £8,700 a month. Push to £10,000 by moving two clients to the six-month upfront option at £7,800, or by landing one client at a higher monthly rate once the first proof points are in place.

### Week by week

- **Weeks 1 to 2:** Foundations locked. LinkedIn profile reviewed and live with the groundworks and civils positioning. BOSS Scorecard link tested and working. Calendar connected with two clear booking slots a week. Prospect list of 150 to 200 Yorkshire MDs in groundworks, civils, drainage and allied trades built in Sales Navigator or equivalent. Value session named, one-liner written, and the offer section of this blueprint confirmed. Nothing goes out until these are done.
- **Weeks 2 to 4:** First campaign live. Connection requests go out daily: 20 per day, five days a week. Target is Yorkshire-based MDs and directors in construction and allied trades with 12 to 50 staff. First message is conversational and specific, no pitch, no links, no coaching language. Replies handled same day. Goal by end of week 4: 60 to 80 connections accepted, 10 to 15 replies in conversation, 3 to 5 calls booked.
- **Weeks 4 to 8:** Calls every week, first client signed. Run two to four discovery calls a week. Each call opens with the BOSS Scorecard as the diagnostic. First client signed by week 6 at the latest. First value session delivered. One LinkedIn post per week goes live, written in Pam's voice, grounded in a specific problem Steve recognises. Content is not motivation: it is a mirror held up to the margin problem, the team problem, or the cash problem.
- **Weeks 8 to 12:** Second campaign angle, referrals, price review. Test a second outreach angle: subcontractors to main contractors, or drainage specialists, rather than general groundworks MDs. After clients 2 to 4 are signed, review whether the entry price holds or whether a higher monthly rate is justified by the results coming in. Ask each signed client directly for one referral to another MD they respect. First newsletter issue goes to the prospect list: one page, one problem, one fix, no fluff.

### Weekly numbers

| Activity | Per week |
| --- | --- |
| LinkedIn connection requests sent | 100 (20 per working day) |
| Connections accepted (target) | 20 to 30 |
| Follow-up messages sent to accepted connections | 20 to 30 |
| Replies received (target) | 3 to 6 |
| Discovery calls booked | 2 to 4 |
| Discovery calls run | 2 to 4 |
| Value sessions delivered | 1 to 2 (from week 5) |
| LinkedIn content posts published | 1 |
| Referrals asked for (from week 8) | 1 to 2 |

### This week

1. **Lock the LinkedIn profile and the BOSS Scorecard link.** Update the headline and about section to reflect the groundworks and civils positioning. Test the BOSS Scorecard link from a mobile browser. If either is not working or not live by end of day two, nothing else starts. The profile is the landing page every prospect checks before they reply.
2. **Build the first prospect list.** Use Sales Navigator or a manual LinkedIn search to pull 150 to 200 Yorkshire-based MDs and directors in groundworks, civils, drainage, plant hire or allied trades, with 12 to 50 employees. Save names, company, and LinkedIn URL in a simple spreadsheet. Filter hard on location and company size. A tight list of the right people outperforms a loose list of thousands.
3. **Send the first 20 connection requests today.** Use the connection message from the voice section of this blueprint. No pitch. No links. First name only. Keep it to three sentences maximum. The goal of the message is one thing: get the connection accepted so the follow-up conversation can start. Track who accepts in the spreadsheet and follow up within 48 hours of each acceptance.

> **Most likely constraint: conversations stalling before a call is booked:** Pam's strongest asset is her credibility with construction MDs: 43 years in business, 8 years in the trade, and a direct Yorkshire voice that Steve recognises as real. The risk is not getting the first message wrong. It is the follow-up. Most campaigns stall because a prospect replies with mild interest and the follow-up is either too slow, too salesy, or drops a link to a calendar before any rapport is built. Watch for this pattern: reply received, follow-up sent with a calendar link, conversation goes cold. That is the signal. The fix is one more conversational message before any call is suggested. Ask a specific question about their business before you offer anything. If replies are coming in but calls are not booking, that is the constraint to address first.
