
===== story:bio (28s, 4350 chars)
Pam Woodford started her first business at 17, spent 28 years building and running multiple businesses, and has since been ranked the world's number one business coach four years running. She now helps Yorkshire business owners get more out of the business they have already built.

- **43 years** Building and running real businesses, starting at age 17
- **17 years** Running her own coaching practice
- **4 consecutive years** Ranked world's number one business coach (2015, 2016, 2017, 2018)
- **8+ years** Working specifically with MDs in construction and allied trades

### Proof inventory

| Result | Where | Timeframe | How | Status |
| --- | --- | --- | --- | --- |
| Ranked world's number one business coach four years in a row | Global coaching network (self-employed) | 2015, 2016, 2017 and 2018 consecutively | Measured on client results and business growth delivered across the network | Ready |
| Built and ran multiple service and retail businesses | Gym 'n' Tonic and other owner-led businesses | 28 years (from age 17) | Founded and grew businesses across service and retail sectors | Needs a number |
| Guided and supported 250+ licensed business coaches | Business Coach Academy (as Head of Coach Results and Director of Coaching Excellence) | 7 years 7 months | One-to-one coaching support focused on practice growth and client results | Ready |
| Coached MDs in construction and allied trades | Profit Coach (Construction and Allied Trades specialism) | 8+ years | Profit and performance coaching using the BOSS Scorecard and five profit levers | Needs a number |
| Ran her own coaching practice | Pamela Woodford - PROFIT Coach | 17 years | Principal coach and business owner, coaching owner-led businesses across sectors | Ready |

### Short bio

I started my first business at 17. Over the next 28 years I built and ran multiple service and retail businesses, so when I talk about what it feels like to carry a business on your shoulders, I am speaking from experience, not theory. I have been coaching business owners for 17 years and was ranked the world's number one business coach four years running, from 2015 to 2018. For the last 8 years I have focused on MDs of construction and allied trades businesses in Yorkshire, helping them get more margin from the jobs they are already winning, build a team that stops depending on them for every decision, and get their time back.

### One-line introduction

Pam Woodford is a Yorkshire-based profit coach with 43 years in business who has been ranked the world's number one business coach four years running and now works specifically with MDs of construction and allied trades businesses to improve their margin, free up their time, and build a business that does not depend on them for everything.

### For partners and events

Pam Woodford started her first business at 17 and spent 28 years building and running multiple service and retail businesses before moving into coaching. She has been coaching business owners for 17 years and was ranked the world's number one business coach four consecutive years, from 2015 to 2018. For the last 8 years she has worked specifically with MDs of construction and allied trades businesses in Yorkshire, helping them pull more margin from the jobs they already win, build teams that stop bringing every problem to the owner's desk, and create a business that is worth the graft they have put into it. She is based in Hull and works with owner-led businesses across Yorkshire and the Humber.

> **Two numbers needed to complete the proof inventory:** Two results in the table above are marked 'Needs a number'. To make this proof stack as persuasive as possible to a sceptical MD in the trade, add the following: (1) One specific client result from your construction or allied trades coaching work. The format needed is: what the business looked like when you started, what changed, and how long it took. For example: turnover held but margin grew from X% to Y% over Z months, or the owner cut site hours from X days to Y days in Z weeks. (2) One result from your 28 years of running your own businesses that has a clear number attached. For example: peak turnover, number of staff, number of locations, or a profit figure. Either of these, used exactly as described, will significantly strengthen the short bio and the one-pager.

===== market:options (30s, 3757 chars)
Pam's strongest market is MDs of construction and allied trades businesses in Yorkshire, where 8 years of focused experience and a 43-year operating record make her the obvious choice over any generalist coach.

| Option | Value | Pain | Growing | Easy to find | Purchasing power |
| --- | --- | --- | --- | --- | --- |
| Construction and allied trades MDs (Yorkshire) | 5 | 5 | 4 | 5 | 4 |
| Owner-led service businesses (Yorkshire, £1M-£10M) | 4 | 4 | 4 | 4 | 4 |
| Independent retail and leisure owners (Yorkshire) | 3 | 3 | 3 | 3 | 3 |

### Option 1: Construction and allied trades MDs (Yorkshire)

This is where Pam's proof is sharpest and her credibility is hardest to question. Eight years working specifically with MDs in groundworks, civils, drainage and allied trades, on top of 43 years running real businesses, means she walks into a conversation with Steve and understands 90-day payment terms, rework costs, main contractor pressure and what it actually means to price a job wrong. The pain is urgent and specific: turnover looks decent but the margin has disappeared, the owner is still sorting everything, and cash is tight despite a full order book. These businesses exist in every postcode across Yorkshire and are straightforward to find on LinkedIn Sales Navigator by job title, industry and geography. Revenue of £1M to £8M puts most of them well within purchasing power for a monthly coaching programme.

### Option 2: Owner-led service businesses (Yorkshire, £1M-£10M)

Pam's 28 years running service and retail businesses gives her genuine credibility with owners across professional services, facilities management, logistics and similar sectors. The pains are structurally the same as construction: the owner is the bottleneck, the team brings problems rather than solving them, and the business is not paying back what it costs to run. This market is broader, which makes positioning slightly harder. Pam would need to lean on her operating track record and her four consecutive years as the world's number one business coach rather than sector-specific proof. Findable on LinkedIn but requires a broader search. A solid second option, particularly if Pam wants to widen her market over time.

### Option 3: Independent retail and leisure owners (Yorkshire)

Pam has direct experience here through Gym 'n' Tonic and other retail businesses she built and ran over 28 years. The personal credibility is real. The challenge is that retail and leisure face structural headwinds: footfall pressure, thin margins, rising costs, and a sector that is genuinely shrinking in parts of the market. Purchasing power is lower and the ability to sustain a coaching investment of £1,450 a month is less reliable. This market scores lowest because it is the hardest environment to deliver consistent, measurable results in, which matters for proof-building. Worth keeping in reserve but not the lead market.

### Recommended core client

> My core client is an MD of a construction or allied trades business in Yorkshire, with 12 to 35 employees, doing £1M to £8M in turnover, who is brilliant at the trade but finding that the business is not paying them back properly for the hours they put in and the risk they carry.

> **If Options 1 and 2 feel close on the Decision Call:** Ask one question: where does your best client result come from? The market that produced the most specific proof, a from, a to and a timeframe, is the market to lead with. Proof beats preference every time. If Pam has a clear construction result she can name, that settles it. If the construction proof is still a placeholder, run the first 90 days targeting construction while gathering that result, then stress-test Option 2 once there is a number to stand behind.

===== market:avatar (51s, 6476 chars)
Site-Bound Steve: MD of a 22-person groundworks and civils firm in Yorkshire, turning over £3M a year and wondering why there is nothing left to show for it.

- **Name:** Steve
- **Age:** 42 to 52
- **Location:** West or South Yorkshire, usually within 40 miles of Leeds or Sheffield
- **Business:** Groundworks, civils, drainage or allied trades contractor
- **Revenue:** £1.5M to £8M turnover
- **Team:** 12 to 35 staff, a mix of directly employed operatives and regular subbies
- **Role:** MD and owner. Probably still working on site more than he wants to admit.
- **Time in business:** 10 to 20 years. Built it himself, usually from a van and a few contacts.

### A day in his life

It is 6.48am. Steve is already on site. He was supposed to be in the office by eight to finish a tender that needs to go in by Friday, but one of the lads rang at quarter past six to say the excavator has thrown a track and the groundworks on the Wakefield job are stopped until it is sorted. He spends 40 minutes on the phone to the plant hire company, then drives over to assess it himself because the site foreman is not sure what to tell the main contractor. By the time he sorts the plant, fields three calls from a subie chasing an invoice that should have been paid last month, and argues with the contracts manager about a variation that was never written down properly, it is half eleven. The tender sits unfinished on his desk. That afternoon he prices two smaller jobs in his head on the drive between sites, neither written up properly. On the way home he passes the school and realises he missed the lad's football again. His partner does not say anything when he gets in. That is worse. He pours a brew, stares at the bank statement on his phone, and thinks: we put through nearly three million quid this year. Where the hell has it gone?

### In his words

> I've been doing this 15 years. I've got a decent team, we're winning work, the turnover's there. But I'm still the first one on site and the last one to leave and I genuinely cannot tell you what I'm worth for the hours I put in. The margin looked alright when I priced that last big job but by the time we finished it there was next to nowt in it. I don't know if it's the rework, or the subbies, or the plant hire going over, or all three. I should be spending my time pricing the next six months of work and instead I'm sorting plant breakdowns and chasing payments. My contracts manager is a good lad but I'm still doing half his job because it's quicker. I hired him to take pressure off and I'm not sure it's worked. I know the business isn't quite right. I just don't know which bit to fix first. Or if I've got time to fix anything.

### What he wants

- Jobs that land the margin he priced, with a bank account at month-end that reflects it.
- A team that owns its patch and stops bringing every problem to his phone.
- Time to price properly and build a pipeline, instead of chasing whatever fire is burning that morning.
- A proper weekend. A holiday where the phone stays quiet and nothing falls apart.
- A business worth selling one day, or at least worth the 15 years he has put into it.

### What he fears

- One of his best operatives walking, and not knowing how he holds the jobs together without him.
- A site incident or a legal letter that exposes him personally and takes everything he has built.
- His partner running out of patience before the business ever gives him his time back.
- Getting to 60 and realising the business still needs him for everything and he cannot walk away from it.
- A bad quarter that tips him into a cash crisis, especially if two main contractors pay late in the same month.

### What he has tried

- Hired a contracts manager to take the pressure off. Still doing half the job himself because it is quicker.
- Went to a business seminar, came back fired up, changed nothing within three weeks because the day job swallowed him again.
- Brought in an accountant to sort the cash. Got better reporting but the underlying problem did not move.
- Tried delegating more to the foremen. It worked on easy jobs. On the complicated ones, it still lands on his desk.
- Put his prices up on two tenders. Won one, lost one. Did not know which part of the pricing was right and which was a guess.

### What he suspects

- Coaches have never priced a groundworks job or chased a main contractor for 90-day payment. The advice will be theory dressed up as insight.
- He will pay good money to hear things he already knows, get a folder full of worksheets, and nothing will actually change.
- It works for bigger, tidier businesses. His is too scrappy and too dependent on him for any system to stick.
- The people selling coaching are earning more from the coaching than from the advice they give.
- If it worked, every MD he knows would be doing it. Most are not.

### What finally makes him act

- He sits down and works out what the business actually pays him per hour for the risk and graft he carries. The number is not what it should be.
- A month where turnover looks fine but he is staring at the bank account wondering how to make payroll.
- He loses a tender he should have won because he was too stretched to price it properly or get it in on time.
- A trusted MD in the trade mentions they have been working with a coach and shows him a tangible result, a margin figure or hours saved, not a feeling.
- He misses something at home that he cannot get back, and his partner says the thing she has been holding in for months.

### How he talks

| Thing | What he calls it |
| --- | --- |
| Customers | Clients, main contractors, the developer, the council |
| Direct staff | The lads, the crew, my directly employed |
| Subcontractors | Subbies, my groundworks gang, the drainage lads |
| A contract or project | A job, a scheme, a package of works |
| Revenue | Turnover, what we're putting through |
| Profit | What's left, the margin, what I actually keep |
| Quoting | Pricing, tendering, putting a number in |
| Variation to contract | A variation, a VO, extras we never got paid for |
| Cash flow pressure | Tight at the end of the month, waiting on retentions |

### Ready to act

> I've put 15 years into this business and it should be paying me back better than it does. The turnover's there. The work's there. I just need someone who actually understands the trade to help me find out where the margin keeps going and how to stop sorting everything myself.

===== story:onepager (27s, 3973 chars)
Pam Woodford is a Yorkshire-based profit coach with 43 years of running real businesses who was ranked the world's number one business coach four years running. She works with MDs of construction and allied trades businesses across Yorkshire who are winning work but not keeping enough of what they earn.

- **World No.1** Business coach, four consecutive years: 2015, 2016, 2017 and 2018
- **43 years** Building and running real businesses, starting at age 17
- **8+ years** Working specifically with MDs in construction and allied trades

### Who I help

I work with MDs of groundworks, civils, drainage and allied trades businesses in Yorkshire, typically turning over £1M to £8M with 12 to 35 staff. The owner has built the business themselves, usually from a van and a few contacts, and is brilliant at the trade. The problem is the business is not paying them back properly for the hours they put in and the risk they carry every day. Turnover looks decent. The work is there. But the margin keeps disappearing and they are still the one sorting everything.

### The problems I fix

- The turnover looks fine but there is nothing in the bank at month-end and I cannot explain where it went.
- I hired people to take the pressure off and I am still doing half their job because it is quicker.
- I should be pricing next month's work but I spent the morning sorting a plant breakdown and chasing a payment.
- I have put 15 years into this business and it still needs me for everything. I could not walk away from it tomorrow even if I wanted to.

### How I work

1. **Find where profit is being capped.** We start with the BOSS Scorecard, a three-minute diagnostic that shows exactly which part of the business is holding profit back. No guesswork. We work from your numbers and your jobs, not a generic checklist.
2. **Get the quick wins in first.** Weekly 90-minute sessions for the first four to six weeks focus on the fixes that free up cash and time fast. Most owners find hours coming back within the first few weeks, which makes the rest of the work feel manageable rather than one more thing on the list.
3. **Build the business that pays you back.** Once the immediate pressure is off, we work on the five profit levers: leads, conversion, average sale value, repeat business and margin. We build the team and the systems so the business holds its weight without you sorting everything. Two sessions a month, ongoing, with direct access between sessions for decisions that cannot wait.

### Results

- Ranked world's number one business coach four consecutive years, 2015 to 2018, measured on client results and business growth delivered across a global coaching network of over 250 licensed coaches.
- Guided and supported over 250 licensed business coaches through Business Coach Academy, helping them grow their practices and get measurable results for their clients across seven years.
- [Add one specific client result from construction or allied trades work here: from, to, timeframe. For example: margin grew from X% to Y% over Z months, or the owner cut site hours from X days to Y days in Z weeks.]

### Working together

If you work with owner-led businesses in construction, civil engineering, drainage or allied trades across Yorkshire, there is a good chance some of your clients are carrying exactly this problem: turnover that looks healthy but profit that does not show up, and an owner who is still the one holding everything together. I am happy to have a straight conversation with any MD you think would benefit from a fresh pair of eyes on their numbers. The best introduction is simple: someone who turns over between £1M and £8M, has a team of 12 or more, and feels like the business is not quite paying them back for the graft they are putting in. If that sounds like someone you know, get in touch and I will take it from there.

### Contact

- **LinkedIn:** linkedin.com/in/theprofitcoach
- **Location:** Kingston upon Hull, Yorkshire

===== voice:sound (29s, 3035 chars)
Pam sounds like a straight-talking Yorkshire woman who has done the hard yards herself and has no patience for flannel. She is warm but direct, plain-spoken but precise, and she earns trust by saying the thing other people dance around.

- **Tone:** Direct, warm, plain-spoken, no-nonsense, grounded
- **Pace:** Steady and unhurried. She lets a point land before moving on.
- **Formality:** First names, always. Conversational throughout. No corporate language.
- **Humour:** Dry and understated. A well-placed phrase rather than a joke. 'Not enough juice for the squeeze' is the register.
- **Regional flavour:** Hull and Yorkshire. 'Ruddy', 'graft', 'lad', 'nowt', 'brew'. Not performed - it just comes through.

### Sounds like

- You've built a decent business. The turnover's there. But if you're honest, there's not enough to show for the effort you're putting in.
- I started my first business at 17. I know what it feels like to carry a business on your shoulders when nobody else is going to sort it.
- We're not going to sit and talk theory. We look at your numbers, your jobs, your margin, and we find out where it's going.

### Does not sound like

- Let's unpack your leadership journey and align your vision with a transformational growth strategy.
- I'm passionate about empowering business owners to unlock their full potential and navigate the path to success.
- In today's competitive landscape, it's crucial that entrepreneurs leverage robust systems to elevate their performance.

### Words and phrases to use

- Graft, ruddy, nowt, brew, lad, lads, the crew
- Margin, what's left, what you actually keep, what goes in the account
- Jobs, schemes, pricing, tendering, putting a number in
- Not enough juice for the squeeze
- Behind the scenes
- Worth the effort
- Carry the business
- Sort it, fix it, get it right
- Plain and simple
- Works like clockwork
- Decent business
- From the outside everything looks fine

### Words to avoid

- Empower, elevate, unlock, transform
- Leverage (as a verb)
- Unpack, dive deep, navigate
- Journey, pathway, ecosystem
- Robust, seamless, holistic
- Crucial, passionate, impactful
- Thought leader, visionary, game-changer
- In today's world, in today's climate
- Let's explore, let's align, let's move forward

### A message in your voice

**Example**

```text
Hi Steve, I work with MDs of groundworks and civils businesses in Yorkshire - owners who are winning decent work but struggling to see it in the bank at month-end. Most of them know the margin is leaking somewhere between pricing the job and finishing it. They just can't pin down where. I've spent 43 years in business and the last 8 working specifically with MDs in the trade. If that sounds familiar, it might be worth a quick call. No worksheets, no flannel. Just a proper look at where the money's going. Happy to chat if you are.
```

_Use for a LinkedIn connection message or cold outreach to an MD in groundworks, civils or allied trades. Keep it as is. Do not add a formal sign-off or a list of services._

===== market:pains (52s, 7080 chars)
Under every problem Steve names, there is one that sits beneath them all: 'I've put 15 years into this business and it should be paying me back better than it does.' The turnover is there. The graft is there. The reward is not.

| Pain | What they say out loud | What it costs | What they want instead | Lever |
| --- | --- | --- | --- | --- |
| The margin disappears between winning the job and finishing it | The margin looked alright when I priced it but by the time we finished there was next to nowt in it. | Profit eaten by rework, unrecorded variations and plant hire going over. Turnover looks fine. The bank account does not. | Jobs that land the margin he priced. Numbers he can actually explain at month-end. | Profit margin |
| He is still sorting everything himself | My contracts manager is a good lad but I'm still doing half his job because it's quicker. | His time, his headspace, his ability to price the next six months of work. The business cannot grow beyond him. | A team that owns its patch and brings him solutions instead of problems. | Control (structure and accountability) |
| Cash is tight despite a full order book | We're putting through nearly three million quid this year. Where the hell has it gone? | Stress at month-end, late payments to subbies, risk of a cash crisis if two main contractors pay late in the same month. | Cash that flows predictably. A clear picture of what is coming in and when. | Velocity (cash) |
| No time to price properly or build a pipeline | I should be spending my time pricing the next six months of work and instead I'm sorting plant breakdowns. | Missed tenders, underpriced jobs, no control over what work comes in next. | Time blocked out for pricing and pipeline, not patching up problems on site. | Lead generation |
| He does not know which bit to fix first | I know the business isn't quite right. I just don't know which bit to fix first. Or if I've got time to fix anything. | Paralysis. He keeps working harder without changing anything structural. The pattern repeats year after year. | A clear view of exactly where profit is being capped and what to do about it first. | Control (visibility) |
| The business depends on him for every decision | I hired him to take pressure off and I'm not sure it's worked. | He cannot step back. He cannot take a holiday without the phone going. The business is worth nothing without him in it. | A business that does not stall the moment he steps away from it. | Value (team and leadership) |
| The hours are costing him at home | I passed the school and realised I'd missed the lad's football again. My partner doesn't say anything. That's worse. | Relationships, time he cannot get back, and a slow build of resentment that eventually forces a decision he did not choose. | A proper weekend. A holiday where the phone stays quiet and nothing falls apart. | Control (structure) and Value (beyond the owner) |

### At 3am

> We turned over nearly three million quid this year and I cannot tell you what I'm actually keeping.
> If Dave hands his notice in next week, I do not know how I hold the jobs together without him.
> I've been doing this 15 years. My partner's patient. But I don't know how much longer that lasts.
>
> Steve, in his own words

### Main desire hooks

- Are you looking to find out where the margin is going and actually keep more of what you earn?
- Are you looking to build a team that sorts problems themselves so every decision stops landing on your phone?
- Are you looking to get your weekends back without the business falling apart the moment you step away?

### Buying triggers

- He sits down and works out what the business actually pays him per hour for the risk and graft he carries. The number shocks him.
- A month where turnover looks fine but he is staring at the bank account wondering how to make payroll.
- He loses a tender he should have won because he was too stretched to price it properly or get it in on time.
- A trusted MD he respects in the trade mentions they have been working with a coach and gives him a specific result: a margin figure, hours saved, a number he can point at.
- He misses something at home he cannot get back and his partner says the thing she has been holding in for months.
- A site incident or a near-miss that reminds him he is personally exposed if something goes seriously wrong.

### Objections and honest answers

| Objection | Honest answer |
| --- | --- |
| You've never priced a groundworks job or chased a main contractor for 90-day payment. The advice will be theory. | Fair challenge. Pam has run real businesses for 43 years and has spent the last 8 working specifically with MDs in construction and allied trades. She understands rework costs, plant hire overruns, subbies, retentions and what a wrongly priced job actually looks like. She is not coming in with a generic framework and dressing it up as sector knowledge. |
| I'll pay good money to hear things I already know and nothing will actually change. | That is exactly what happens after a seminar. It does not happen in a working relationship where someone follows up, holds you to account and focuses on the five specific levers in your business. The BOSS Scorecard finds where profit is being capped before a single session starts, so the work is on your numbers, not a standard programme. |
| My business is too scrappy and too dependent on me for any system to stick. | That is the point. A business that is too dependent on you is not a character flaw, it is a structural problem with a fix. Pam has worked with MDs whose businesses looked exactly like Steve's. The work starts with what is there, not what should be there. |
| The people selling coaching earn more from coaching than from the advice they give. | Pam ran businesses for 28 years before she coached anyone. She was not a coach who built a theory. She was a business owner who learned what works and then helped others do the same. The four consecutive world number one rankings were measured on client results, not on how many people signed up. |
| If it worked, every MD I know would be doing it. | Most MDs you know are too busy sorting plant breakdowns to stop and fix the business underneath. That is the problem, not the proof. The ones who do make the time tend to be quietly ahead of the ones who do not. |
| I haven't got time for it right now. | Right now is usually when it is most needed. The BOSS Scorecard takes three minutes. The first session looks at your numbers and finds the quickest win. Most owners find the first few weeks free up hours rather than adding to the load. If the timing is wrong, it is worth a 20-minute call to decide that together rather than assuming. |
| £1,450 a month is a lot of money. | It is. It is also roughly the cost of one bad month of margin leakage, one tender lost because there was no time to price it, or one good operative walking because nobody was managing the team properly. The question is not whether £1,450 is a lot. The question is what staying as you are is costing you each month. |

===== market:criteria (28s, 4002 chars)
The list is MDs and owners of groundworks, civils, drainage and allied trades businesses across Yorkshire, with 12 to 35 staff and a turnover between £1.5M and £8M, who are findable on LinkedIn and actively running the business day to day.

| Filter | Include | Exclude |
| --- | --- | --- |
| Connections | 2nd and 3rd degree | 1st degree (already connected) |
| Location | Yorkshire and the Humber: West Yorkshire, South Yorkshire, East Riding of Yorkshire, North Yorkshire, Hull | Outside Yorkshire unless Pam confirms she will work there |
| Headcount | 11 to 50 (primary). Add 1 to 10 if the list runs thin in a sub-region. | 51 to 200 and above |
| Current job title | Managing Director, MD, Owner, Co-owner, Founder, Co-founder, CEO, Director, Principal, Managing Partner, Proprietor | Coach, coaching, consultant, consulting, recruiter, recruiting, recruitment, psychologist, therapist |
| Industry | Construction, Civil Engineering, Building Materials, Facilities Services, Wholesale Building Materials, Mechanical or Electrical Engineering (allied trades) | Software, Finance, Healthcare, Education, Retail (unless Pam confirms she is targeting Option 2 at a later stage) |
| Keywords in profile | Groundworks, civils, drainage, utilities, earthworks, groundwork contractor, civil contractor, plant hire, subbies, subcontractors, main contractor, site, tendering | Coaching, consultancy, SaaS, agency, HR, recruitment |
| Company exclusions | National housebuilders, large main contractors with 200+ staff, public sector and local authority bodies, housing associations | Any business Pam has flagged as a conflict or competitor |

### Keyword strings to try

- "groundworks" OR "groundwork contractor" AND Yorkshire
- "civil engineering" OR "civils" AND (MD OR owner OR director) AND Yorkshire
- "drainage contractor" OR "utilities contractor" AND Yorkshire
- "earthworks" OR "excavation" AND (managing director OR founder) AND Yorkshire
- "plant hire" OR "plant operator" AND owner AND Yorkshire
- "main contractor" OR "subcontractor" AND MD AND Yorkshire
- "construction" AND (owner OR MD) AND (Hull OR Leeds OR Sheffield OR Wakefield OR Bradford OR Doncaster OR Harrogate)
- "building contractor" AND managing director AND Yorkshire
- "groundworks" AND "turnover" (used to surface owners talking about business performance in their profile)
- "construction director" OR "contracts manager" AND owner AND Yorkshire

### Leave out

- Anyone with coach, coaching, consultant, consulting or consultancy in their current title or current company name
- Recruiters and recruitment agencies (unless Pam explicitly targets that sector at a later stage)
- Psychologists, therapists and wellbeing practitioners
- Large national contractors and housebuilders with 200 or more staff
- Public sector, local authority and housing association decision-makers
- Businesses outside construction and allied trades if Pam is running a focused construction campaign (widen only if volume is too low)
- Anyone Pam has already spoken to or disqualified in her CRM
- Businesses outside Yorkshire unless Pam confirms she will travel or work remotely with them

- **800 to 1,500** Target list size in Sales Navigator before any outreach begins. Refine down to the strongest 300 to 400 for the first wave.
- **30%+** Connection acceptance rate to aim for. Below 30% means the title or headline filter needs tightening.
- **10%+** Reply rate from accepted connections. Below 10% means the opening message needs to change.

> **Watch these two numbers in week one and two:** Check acceptance rate after the first 50 requests. If it is below 30%, the titles or industries are pulling the wrong people and the filter needs adjusting before sending more. Check reply rate after the first 20 accepted connections. If replies are below 10%, the opening message is the problem, not the list. Fix the message before scaling the volume. Do not send more than 20 connection requests a day. LinkedIn flags accounts that spike.

===== linkedin:rewrite (56s, 8245 chars)
This rewrite shifts Pam's profile from a general coaching page to a specific, proof-led destination that makes a Yorkshire groundworks MD stop scrolling and think she is talking directly to him.

> **Visibility unknown:** This profile is written as the public version, naming Pam as a profit coach. If she is under a non-compete or prefers not to use the word 'coach', a discreet version positioning her as an operator and adviser is available on request.

### Headline

**Headline**

```text
Profit Coach for Yorkshire MDs in groundworks, civils and allied trades | 43 years in business | Ranked World No.1 four years running | Take the 3-min BOSS Scorecard to see where your margin is going
```

### About

**About section**

```text
Be honest.

You've got a decent business. The turnover's there, the work's there, the lads are there.

But if you sat down tonight and worked out what the business actually pays you per hour for the risk and graft you carry, would the number feel right?

Most of the MDs I work with know something isn't quite right. They just don't know which bit to fix first. Or if they've got time to fix anything.

Behind the scenes it usually looks like this:

⭐ Margin that looked fine when you priced the job but had nowt in it by the time you finished
⭐ A contracts manager you hired to take pressure off but you're still doing half his job because it's quicker
⭐ Cash tight at month-end despite good turnover, and you can't explain where it went
⭐ Tenders sitting unpriced on your desk because you've been sorting a plant breakdown instead

That's not just how construction works. That's a fixable problem.

WHAT MOST MDs ACTUALLY WANT

Jobs that land the margin they priced. A team that sorts problems itself and stops ringing you for every decision. Cash that flows predictably. And a proper weekend where the phone stays quiet and nothing falls apart.

When those things work properly, the business starts paying you back for what you've put into it.

WHO THIS IS FOR

MDs of groundworks, civils, drainage and allied trades businesses in Yorkshire, turning over £1M to £8M, with 12 to 35 staff.

Typically owners who:

⭐ Are brilliant at the trade but still the first on site and the last to leave
⭐ Have good turnover but the bank account at month-end tells a different story
⭐ Know the business is too dependent on them but can't see how to change it
⭐ Have put too many years into this to still be sorting everything themselves

HOW IT WORKS

We start with the BOSS Scorecard, a 3-minute diagnostic that shows exactly which part of your business is capping your profit right now. No worksheets, no theory. Your numbers, your jobs, your margin.

Then we work through the five levers that drive profit in any owner-led business: leads, conversion, average job value, repeat work, and margin. A 10% gain on each compounds to around 61% more revenue. The question is which one to fix first and how fast.

Sessions are one-to-one, by video or in person across Yorkshire, built around your schedule.

WHY ME

I started my first business at 17. I spent 28 years building and running multiple service and retail businesses, so when I say I know what it feels like to carry a business on your shoulders when nobody else is going to sort it, that's not a line. It's just true.

I've been coaching business owners for 17 years. I was ranked the world's number one business coach four years running, 2015 to 2018, measured on client results and business growth delivered, not on how many people signed up.

For the last 8 years I've worked specifically with MDs in construction and allied trades. I understand rework costs, plant hire going over, subbies chasing invoices, 90-day payment terms from main contractors, and what it means to price a job wrong. I'm not dressing up a generic framework as sector knowledge.

I'm based in Hull and work with owner-led businesses across Yorkshire and the Humber.

IF ANY OF THIS SOUNDS FAMILIAR

Take the BOSS Scorecard. It takes 3 minutes and it will show you exactly where your profit is being capped. The link is on my profile.

Or if you'd rather just have a straight conversation, send me a message. No flannel, no pitch. Just a proper look at what's going on in your business and whether I can help.
```

### Core skills

| Skill | What it means for the owner |
| --- | --- |
| Profit and margin recovery | Finding where the money goes between pricing a job and finishing it, and closing that gap without adding workload |
| Team structure and accountability | Building a team that owns its patch and stops bringing every problem to the owner's desk, so the business runs without the MD sorting everything |
| Cash flow and pipeline | Getting cash moving predictably and building a forward order book the owner controls, not whatever work turns up while he's on site |
| Business diagnostics | Using the BOSS Scorecard to identify in minutes which of the five profit levers is capping the business, so the work starts on the right problem first |

### Key milestones

- Started her first business at 17, built and ran multiple service and retail businesses over 28 years before coaching anyone
- Ranked world's number one business coach four consecutive years, 2015, 2016, 2017 and 2018, measured on client results across a global coaching network
- 17 years running her own coaching practice, including guiding 250+ licensed business coaches at Business Coach Academy as Head of Coach Results and Director of Coaching Excellence
- 8+ years working specifically with MDs of construction and allied trades businesses in Yorkshire, focusing on margin, cash and team accountability

### Banner

**Banner line**

```text
Profit coaching for Yorkshire MDs in the trade | Ranked World No.1 four years running | 43 years in business
```

### Featured

- The BOSS Profit and Performance Scorecard: pin the link to the 3-minute diagnostic. Use the caption: 'Not sure where your margin is going? This takes 3 minutes and shows you exactly which part of your business is capping your profit. MDs in groundworks and civils use it to find the quickest win before we do anything else.'
- A short post or article titled 'We turned over nearly £3M this year. Where the hell has it gone?' Written from the MD's point of view, walking through the five places margin leaks in a construction business and what to do about each one. Ends with a link to the BOSS Scorecard.
- A client result or case note from a construction or allied trades client, formatted as a before and after with a timeframe. Caption: 'This is what it looks like when the margin stops disappearing. [Client first name], MD of a [type of business] in Yorkshire, went from [starting point] to [result] in [timeframe]. The BOSS Scorecard found the problem in the first session.' [Complete with a real result when available.]

### Checklist

1. **Headshot.** Use a recent photo, well-lit, smiling, looking directly at the camera. No logos, no group shots, no cropped event photos. This is the first thing a sceptical MD checks when he gets a message from you. It needs to look like someone worth talking to.
2. **Custom URL.** Set the URL to linkedin.com/in/theprofitcoach or a close variant using your name. The current URL already uses this handle. Confirm it is active and clean, no trailing numbers.
3. **Company page.** Link the Profit Coach company page to your current role so it shows the logo in your experience section. Confirm the page exists and is live. If there is no page, create a basic one with the logo, a one-line description and the website link.
4. **Contact info.** Open contact settings to second-degree connections at minimum. Add the BOSS Scorecard URL and your website under websites. Add your email address if you are comfortable doing so. A MD who wants to reach you should not have to hunt for a way in.
5. **Job titles.** Use LinkedIn's dropdown to match job titles to recognised search terms where possible. 'Business Coach', 'Profit Coach' and 'Managing Director' all have dropdown matches and will help you appear in searches by owners looking for coaching or by recruiters cross-referencing your background. Avoid invented titles that have no dropdown match, as they reduce search visibility.

===== campaigns:messaging (65s, 10220 chars)
These campaigns put Pam's 43 years in real business and her construction specialism front and centre, so Steve sees proof before he sees a pitch.

- **Core client:** Steve: MD of a groundworks or civils firm in Yorkshire, £1.5M to £8M turnover, 12 to 35 staff, still sorting everything himself
- **Main desire:** Find out where the margin keeps going and stop being the one every decision lands on
- **Proof used:** Ranked world's number one business coach four consecutive years (2015 to 2018), measured on client results. 43 years building and running real businesses. 8 years working specifically with MDs in construction and allied trades.
- **Proof type:** Career proof. Client proof from construction work is not yet available with a number. See warning below.

> **Campaign cannot fully launch until this number exists:** The single most persuasive line for a sceptical MD like Steve is a specific client result from Pam's construction and allied trades work: a margin percentage, hours saved, or profit figure, with a starting point, an end point, and a timeframe. A placeholder is included in the messages below marked [client result]. Replace it with a real number before sending. Career proof is used as the fallback until then.

### Campaign A: Connector

**Connection request**

```text
Hi {first_name}, I see you run a groundworks or civils business in Yorkshire. Are you looking to find out where the margin keeps going and actually keep more of what you earn? Happy to share how if useful.
```

_Send with the connection request. 221 characters including spaces. Under the 275-character limit._

**Message 1**

```text
Hi {first_name}, thanks for connecting.

I work with MDs of groundworks and civils businesses in Yorkshire, owners who are winning decent work but struggling to see it in the bank at month-end.

Most of them are doing the same thing: putting through solid turnover, carrying the business on their shoulders, but the margin disappears somewhere between pricing the job and finishing it. They're sorting plant breakdowns and chasing subbies for payment instead of pricing the next six months of work.

I have spent 43 years in business and the last 8 working specifically with MDs in construction and allied trades. I was ranked the world's number one business coach four years running, from 2015 to 2018, measured on client results, not how many people signed up.

I use a simple system called the PROFIT System. It finds the specific levers capping your margin and works on those first, so the wins come quickly rather than after six months of worksheets.

[When available, add here: I worked with an MD in {industry} who used this system to {client result} in under {timeframe} by {mechanism}.]

And I believe with the right system in place, your business can do the same.

Are you looking to find out where the margin keeps going and actually keep more of what you earn? Would you be interested in learning more?
```

_Send 30 minutes after connecting. Replace the bracketed client result line as soon as a real number is available._

**Message 2**

```text
Hi {first_name}, just a quick one to check in. I know how full a day gets when you are running sites and fielding calls at the same time. If the note above landed at the wrong moment, no bother at all. Still happy to share more if it is of interest.
```

_Send 1 day after Message 1._

**Message 3**

```text
Hi {first_name}, I will be straight with you. I know MDs in the trade get plenty of messages from coaches promising the world. Most of it is generic and not worth the time to read.

What I do is different in one straightforward way: I have run businesses myself for 43 years and spent the last 8 specifically with MDs in groundworks and allied trades. I understand 90-day payment terms, main contractor pressure, rework eating the margin, and what it means to price a job wrong.

It never hurts to have a conversation. If it is not relevant, I will say so.
```

_Send 2 days after Message 2._

**Message 4**

```text
Hi {first_name}, would you be open to a call this week? No worksheets, no flannel. Just a proper look at where the money is going and whether there is a quick win worth chasing. Twenty minutes is usually enough to find out.
```

_Send 4 days after Message 3._

**Message 5**

```text
Hi {first_name}, last message from me on this one.

If you ever get to the point where you sit down and work out what the business is actually paying you per hour for the risk and graft you carry, and the number is not what it should be, that is usually when it is worth a call.

I am here when the timing is right. Happy to chat any time.
```

_Send 2 weeks after Message 4. Keep it light. No pressure. Leave the door open._

### Open InMail

**Open InMail**

```text
Hi {first_name},

I work with MDs of groundworks and civils businesses across Yorkshire and I wanted to reach out directly.

A few things I hear from MDs in the trade almost every week:

1️⃣ The turnover is decent but there is nowt in the bank at month-end and nobody can explain where it went.
2️⃣ They hired a contracts manager to take the pressure off and they are still doing half the job themselves.
3️⃣ They are sorting plant breakdowns and chasing payment instead of pricing the next six months of work.

I have spent 43 years in business and the last 8 working specifically with MDs in construction and allied trades. I was ranked the world's number one business coach four consecutive years, from 2015 to 2018, measured on what clients actually achieved.

I have combined that experience with other proven methods to create The Construction PROFIT System: a practical approach that finds the specific lever capping your margin and works on that first, so you see results in weeks rather than months.

The problem I see most often is this: the business is too dependent on the owner for every call, every decision, every problem on site. Turnover is there. The graft is there. But the reward is not keeping pace with the effort.

Most MDs in the trade know something is not quite right. They just do not know which bit to fix first, or if they have got time to fix anything.

You are at a crossroads that a lot of Yorkshire MDs reach around this stage: keep carrying the business the same way you have been, or find out exactly where the margin is going and what to do about it.

[When available, add: One MD I worked with used this system to {client result} in {timeframe}. That is the kind of result that changes what the business feels like day to day.]

Interested in a 20-minute call to see if it is worth looking at your numbers together?
```

_Use for MDs you cannot reach via connection request. Replace the bracketed client result as soon as a real number is available._

### Campaign B: Conversation into the BOSS Scorecard

**After connecting**

```text
Hi {first_name}, great to connect. Quick question: are you focused on growing the business at the moment, or more on protecting what you have already built?
```

_Send as soon as they accept the connection. Keep it conversational. Wait for a reply before sending the next message._

**Insight**

```text
Good to know, thanks for that.

One thing I see with most MDs in groundworks and civils: every business has a weakest link that is capping the profit. It is usually one of five things. The tricky part is that most owners have a hunch about which one it is, but the hunch is often wrong. They fix the thing that feels loudest, usually the team or the cash, and the real constraint sits somewhere else quietly eating the margin.
```

_Send after they reply to the first message. Let it land before offering anything._

**Scorecard offer**

```text
There is a three-minute scorecard I use with MDs before we do anything else. It is called the BOSS Scorecard. It gives you a score out of 100 and shows you which specific area is capping your business right now, not the symptoms, but the root constraint underneath them. Most owners find it tells them something they suspected but could not quite put their finger on.
```

_Send after a natural pause following the insight message. Do not rush to the link._

**Leave the link**

```text
Here is the link if you want to take a look: {assessment_url}

Takes about three minutes. No catch. If the score throws up something worth a conversation, I am happy to have one. If not, at least you know where you stand.
```

_Send as the final message in this sequence. No follow-up pressure. If they complete the scorecard, move to a discovery call conversation._

### Check before launch

| Check | Pass |
| --- | --- |
| 1. Under 275 characters | Yes. 221 characters confirmed. |
| 2. Opens with Hi {first_name}, | Yes. Starts with 'Hi {first_name},' |
| 3. Specific callout: industry and location | Yes. 'I see you run a groundworks or civils business in Yorkshire.' |
| 4. Hook as a question tied to main desire | Yes. 'Are you looking to find out where the margin keeps going and actually keep more of what you earn?' |
| 5. 'I ask because' or equivalent bridge | Fix. The connection request is under 275 characters so the bridge moves to Message 1. Add 'I ask because' at the top of Message 1 if you want strict sequence compliance. It reads naturally without it in this format. |
| 6. 'A simple system' named | Yes. Named in Message 1 as 'a simple system called the PROFIT System.' Named in InMail as 'The Construction PROFIT System.' |
| 7. Specific proof with numbers and a timeframe | Fix. Career proof is present (world number one 2015 to 2018, 43 years in business, 8 years in construction). Client proof with a construction-specific number is not yet available. Replace the bracketed placeholder before launching. |
| 8. Mechanism tied to the hook | Yes. Margin leakage between pricing and finishing the job, sorted by finding the specific profit lever capping the business. |
| 9. Owner's language used throughout | Yes. Lads, subbies, plant, rework, margin, turnover, pricing, tendering, schemes, sorting, graft, nowt, brew. |
| 10. Interest CTA only, not a coaching sell | Yes. All CTAs ask 'Is this of interest?' or offer a 20-minute call to look at numbers together. No mention of coaching packages or programmes. |

===== conversations:followup (69s, 9912 chars)
Most replies from Steve will be cautious or short. Your job is not to sell, it is to keep the conversation alive one question at a time.

### When they reply

**They say: Yes, interested**

```text
Glad it landed, {first_name}. Quick question before I suggest anything: is the bigger frustration right now the margin disappearing between pricing and finishing the job, or is it more that every decision still ends up on your phone? Helps me point you at the right thing first.
```

_Do not pitch. One question only. Wait for the answer before moving anywhere near a call or the scorecard._

**They say: What is it exactly?**

```text
Good question and I will be straight with you rather than give you a brochure answer.

I work with MDs of groundworks and civils businesses in Yorkshire, owners who are putting through decent turnover but not seeing it in the bank, and who are still sorting everything themselves because it is quicker.

I use a simple system called the PROFIT System. Before anything else, you take a three-minute scorecard called the BOSS Scorecard. It gives you a score out of 100 and shows you the specific area capping your profit right now, not the symptoms, the thing underneath them.

From there we work on the five levers that move profit: leads, conversion, average job value, repeat work and margin. A 10% gain on each compounds to around 61% more coming in. Most owners find there is a quicker win hiding in one of those five than they expected.

No worksheets. No folder of theory. We look at your numbers and your jobs.

Worth a 20-minute call to see if it fits? I am free Thursday or Friday this week.
```

_Name the system, name the scorecard, give the logic plainly. End with two named days, not 'whenever suits'._

**They say: How much is it?**

```text
Fair enough to ask straight.

Our top clients invest up to £50,000 a year. Most start well under that. You can get going for under £1,000 a month, and the work pays for itself if the margin moves even slightly.

To put a proper number in front of you I would need to understand your business first, because it depends on where the biggest constraint is and what the quickest win looks like for you specifically.

A 20-minute call is usually enough to work that out. I am free Thursday or Friday this week if either works.
```

_Use this anchor script whenever price comes up early. Do not quote a specific package. Move to the call._

**They say: Not right now**

```text
Understood, {first_name}. No bother at all.

One thing worth doing in the meantime: there is a free three-minute scorecard called the BOSS Scorecard. It gives you a score out of 100 and shows you which area is quietly capping your profit right now. Takes less time than a brew.

No catch, no follow-up pressure. Just useful to know where you stand. Here is the link if you want it: {assessment_url}

I will check back in with you in a few months. If the timing shifts before then, you know where I am.
```

_Leave the scorecard link. Do not chase. Move them to the nurture rhythm below._

**They say: We are doing fine**

```text
Good to hear, {first_name}. Most of the MDs I speak to would say the same thing from the outside.

Can I ask one thing? If you sat down and worked out what the business is actually paying you per hour for the risk and graft you carry, would the number be where you want it?

If the answer is yes, brilliant. Sounds like you have got it sorted. If there is any doubt in that answer, it might be worth a quick look at the numbers together.
```

_Do not argue with 'fine'. One honest question. If they come back, continue. If not, leave it and move them to light nurture._

**They say: Who are you?**

```text
Fair question, {first_name}. Happy to be straight about it.

I am Pam Woodford. I started my first business at 17 and spent 28 years building and running businesses before I started coaching. I have been coaching business owners for 17 years and was ranked the world's number one business coach four years running, from 2015 to 2018, measured on what clients actually achieved.

For the last 8 years I have focused specifically on MDs of construction and allied trades businesses in Yorkshire. Groundworks, civils, drainage, allied trades.

I know what 90-day payment terms feel like. I know what rework does to a margin. I know what it is like when the business depends on you for everything and you cannot see a way out of it.

I am not going to sell you anything on the back of a LinkedIn message. If it sounds like it might be relevant, a 20-minute call is usually enough to find out. I am free Thursday or Friday if either works.
```

_Plain bio only. No coaching language. End with an offer of a call on two named days._

**They send a neutral one-liner (e.g. 'Interesting' or 'Tell me more')**

```text
Thanks for coming back, {first_name}.

Quick question: what does your business look like right now in terms of margin? Are you landing the profit you price, or does it tend to shrink by the time the job is done?

No right or wrong answer. Just helps me understand if what I do is actually relevant to you.
```

_A neutral reply is not a no. Ask one specific question about their business. Keep it short._

**They say: Send me some info**

```text
Happy to, {first_name}.

Best place to start is the BOSS Scorecard. It is a three-minute score out of 100 that shows you exactly which area is capping your profit right now. Most MDs find it tells them something they suspected but could not quite put their finger on.

Here is the link: {assessment_url}

Once you have done it, if the score throws up something worth talking through, I am happy to do that. If not, at least you know where you stand.

I can also send you a short overview of how I work with MDs in groundworks and civils if that would be useful. Let me know.
```

_Lead with the scorecard, not a PDF. A PDF gets filed. The scorecard creates a result they want to talk about._

### Avoid

- Sending a long message when they ask a short question. Match their length first, then earn the right to say more.
- Pitching the programme before you understand their problem. You do not know what to sell until you know what is broken.
- Treating 'not right now' as a no. It is a not yet. Put them in the nurture rhythm and stay visible.
- Treating 'we are doing fine' as a closed door. Ask the one honest question underneath it.
- Quoting a price without anchoring it first. Always run the anchor script before naming a monthly figure.
- Sending a list of services when they ask who you are. Tell them who you are as a person, not what you sell.
- Following up the same day after they go quiet. Give it at least 48 hours before a second touch.
- Asking two questions at once. One question. Wait for the answer.

### VIP nurture: top 100

**INSIGHT message**

```text
Hi {first_name},

I noticed your firm has been busy with some decent-sized schemes lately. Good to see the work is there.

One thing I see with most groundworks and civils MDs at your stage: the order book looks healthy but the bank account at month-end tells a different story. The margin goes in somewhere between pricing the job and signing it off. Rework, unrecorded variations, plant hire running over, subbies not managed tightly enough on hours. It is rarely one thing. It is usually three or four small leaks adding up.

Most MDs have a hunch about where it is going. The hunch is often half right. The other half is hiding somewhere quieter.

I ran a quick piece recently looking at the five areas that most commonly cap profit in civils and groundworks businesses at the £2M to £6M turnover level. Happy to share the thinking if it would be useful, no strings attached.

Worth a read?
```

_Personalise the opening line with something specific you noticed on their profile or company page: a project mentioned, a recent hire, a milestone posted. Do not send this without a real observation in the first line._

> **Who goes on the top 100 list:** An MD goes on the VIP list if three or more of these are true: groundworks, civils, drainage or allied trades; Yorkshire-based or within 40 miles of Leeds or Sheffield; turnover signals of £1.5M to £8M (team size, project mentions, fleet visible on profile); 10 or more years in business; active on LinkedIn in the last 90 days; no existing coach visible on their profile. Add anyone who has previously engaged with your content, replied to a message, or been referred by someone you trust. Review the list every quarter and remove anyone who has gone cold for more than 12 months.

### Nurture rhythm

- **Week 2:** Share something useful. Send a short observation or a post you have written that is relevant to their world. Something about margin, pricing, or team. No ask. No link to a call. Just something worth reading. One or two sentences of context, then the content.
- **Week 5:** BOSS Scorecard drop. Send the scorecard link with a single line of context. 'I have been sending this to a few MDs in the trade lately. Takes three minutes and usually throws up something worth knowing. Here is the link if you want it: {assessment_url}.' No pressure. No follow-up question.
- **Week 8:** Relevant trigger or insight. Share something tied to a real event: end of financial year, a busy tendering period, the summer squeeze on cash. Keep it to two or three sentences. Make it feel like something you noticed, not something you scheduled. End with one low-pressure question: 'Is this time of year usually a good one for you or does the cash get tight?'
- **Day 90:** Check-in. Send a plain, short message. 'Hi {first_name}, just checking in. It has been a few months since we last spoke. How is the business going at the moment? Any of the stuff we touched on still on your radar?' Nothing more. If they reply, restart the conversation from scratch. If they do not, move to a quarterly touch and keep them on the VIP list.

===== offer:direction (50s, 6724 chars)
I help MDs of groundworks and civils businesses in Yorkshire get more out of the margin they are already earning, without spending another year sorting everything themselves, using a straight look at their numbers and the five levers that actually move profit.

### The gap

| Today | What they want |
| --- | --- |
| Turnover looks fine. The bank account does not. Margin leaks between pricing the job and finishing it and he cannot pin down where. | Jobs that land the margin he priced. A bank account at month-end that reflects the turnover going through. |
| He is still doing half his contracts manager's job because it is quicker. Every decision lands on his phone. | A team that owns its patch and brings him solutions instead of problems. A business that does not stall the moment he steps away. |
| No time to price properly or build a pipeline. He is sorting plant breakdowns and chasing subbies instead. | Time blocked out for pricing and pipeline. Work coming in at the margin he wants, not whatever he could get. |
| Missing the lad's football. Partner not saying anything, which is worse. Phone going on holiday. | A proper weekend. A holiday where nothing falls apart. A business worth the 15 years he has put into it. |

### Why they will buy

- Know-how: Steve suspects coaches have never priced a groundworks job or chased a main contractor for 90-day payment. Pam has run businesses for 43 years and spent the last 8 working specifically with MDs in construction and allied trades. She knows what rework costs, what a wrongly priced variation looks like, and what tight-at-month-end actually means.
- Speed: He has been in this pattern for years. The BOSS Scorecard finds where profit is being capped before the first session starts, so the work goes straight to his numbers, not a standard programme. Most owners find the first few weeks free up hours rather than adding to them.
- Ease: He does not need another folder of worksheets he will not open. He needs someone who follows up, holds him to account, and keeps the focus on the five specific levers in his business until something actually shifts.
- Built for this avatar: Pam is Yorkshire-based, plain-spoken, and has no patience for flannel. She sounds like someone Steve would listen to on site, not in a hotel conference room.

### Key messages

1. You are putting decent turnover through and still staring at the bank account wondering where it went. The margin is leaking somewhere between pricing the job and finishing it. Finding it is not complicated once you know where to look.
2. Your business is too dependent on you because of a structural problem, not a character flaw. There is a fix. It starts with building the team around you properly, not just hiring someone and hoping the pressure lifts.
3. Every hour you spend sorting plant breakdowns and chasing late payments is an hour you are not spending on pricing the next six months of work. That is not a time management problem. It is a profit problem.
4. Staying as you are has a cost. One bad month of margin leakage, one tender lost because you were too stretched to price it properly, one good operative walking because nobody was managing the team. That cost runs every month whether you measure it or not.
5. You do not need theory. You need someone who has run real businesses, knows the trade, and will sit down with your numbers until you can see exactly which bit to fix first and what it is worth fixing.

### The offer

- **Name:** The P.R.O.F.I.T. Programme
- **Promise:** More margin from the jobs you are already winning, a team that stops depending on you for every decision, and your time back, without another year of graft that does not show up in the bank.
- **Who it is for:** MDs of groundworks, civils, drainage and allied trades businesses in Yorkshire, typically turning over £1.5M to £8M, with 12 to 35 staff, who are winning decent work but not keeping enough of it.
- **What is included:** The BOSS Profit and Performance Scorecard before session one, so the work starts on your actual numbers. Weekly sessions for the first four to six weeks to find the quick wins and build momentum. Then two 90-minute sessions a month, ongoing. Direct access to Pam between sessions. Accountability on the five profit levers: lead generation, conversion, average job value, repeat work and margin. No worksheets you will not use. No programmes you will sit through once and forget.
- **Format:** Weekly to start, then twice a month. Sessions are 90 minutes. Stacked on fixed days so the rhythm becomes part of how the business runs. In person where practical, remote where not. Long-term by design: the relationship is built to last as long as the business does.
- **Price options:** From £1,450 a month, rising with client load. Six-month option at £7,800 or £9,600, with two, three or four payment arrangements available, or 50% upfront and monthly from there. If asked early: our clients invest up to £50,000 a year, but you can start for under £1,000 a month. It depends on your situation. Worth a call to look at what makes sense for you.
- **Proof:** John Davy, business owner: 'I believe that Pam is the best coach I have ever, ever had. She's professional and insightful and the sessions that we've had fundamentally changed the way I do business. Specifically I can point to huge amounts of profit in my various companies that Pam and only Pam recognised. Her fees are completely outstripped by the money that you will get back.'

### Why you

- Started her first business at 17. Spent 28 years building and running multiple service and retail businesses before coaching anyone. When she talks about carrying a business on your shoulders, it is from experience, not theory.
- Ranked the world's number one business coach four years running: 2015, 2016, 2017 and 2018. Measured on client results and business growth delivered, not on how many people signed up.
- 17 years running her own coaching practice as principal coach and business owner.
- 8 years working specifically with MDs in construction and allied trades. She knows rework costs, plant hire overruns, subbies, retentions, variations that were never written down, and what a wrongly priced job actually looks like on the numbers.
- Guided and supported over 250 licensed business coaches across Business Coach Academy as Head of Coach Results and Director of Coaching Excellence, focused on getting real results for real clients.
- Based in Hull. Works with owner-led businesses across Yorkshire and the Humber. She is on the ground, not on a Zoom call from a city she has never set foot in.
- John Davy, business owner: 'Her fees are completely outstripped by the money that you will get back.'

===== offer:payment (46s, 5548 chars)
The fee is not the cost. The cost is another month of margin leaking out of jobs you already priced.

| Option | Investment | Best for |
| --- | --- | --- |
| Monthly rolling | £1,450 per month | MDs who want to start without a large upfront commitment and test the relationship works before extending it. |
| Six months upfront - single payment | £7,800 | MDs who want a straightforward arrangement and are happy to commit to the full six months in one go. |
| Six months upfront - split payment | £9,600 paid as 50% on signing (£4,800) then four monthly payments of £1,200 | MDs who prefer to spread the investment without going monthly. Slight premium on the split for the flexibility. |
| Six months upfront - three payments | £9,600 paid as £3,200 at months one, three and five | MDs who want three clear payment points tied to early milestones in the programme. |

### If they ask the price early

**Anchor script - price asked early**

```text
Honest answer: my clients invest anywhere up to £50,000 a year working with me. But you can start for under £1,500 a month. What it actually looks like for you depends on where the business is right now and what we are trying to fix. What I don't want to do is give you a number before we've had a proper look at your situation, because it might be completely the wrong starting point. Are you free Monday or Wednesday for a 20-minute call? We can look at what makes sense and you can decide from there.
```

_Use this when a prospect asks what it costs before a discovery call. It anchors high, brings it back down to accessible, and moves straight to booking the call. Do not quote a specific monthly figure until you know their situation._

### At the end of the call

**Either-or close**

```text
Right, so we've had a good look at where the margin's going and what's keeping you stuck on site rather than pricing the next six months of work. The way I work is simple. We start weekly for the first month or so to find the quick wins and get some momentum going, then we move to two sessions a month from there. Most of my clients find the first few weeks free up time rather than add to it. In terms of getting started, some MDs prefer to go monthly at £1,450, which keeps things flexible. Others prefer to commit to six months upfront because they want to get stuck in properly and they get a better rate for doing it. Which of those sounds more like you?
```

_Use this at the close of a discovery or strategy call when the prospect is engaged and the problem is clear. Give them two options, not five. Wait for their answer. Do not fill the silence._

### Proposal outline

1. **Where you are now.** One short paragraph reflecting back what Steve said on the call. His turnover, his margin problem, the hours, what is landing on his desk that should not be. Use his words where you can. If he said 'there's next to nowt left in it', write that down. This section should make him feel you were listening.
2. **What this costs you each month.** A plain summary of the cost of staying as things are. Not dramatic, just factual. One bad month of margin leakage, one tender lost because there was no time to price it properly, one operative walking. The proposal should make it obvious that doing nothing is not a neutral choice.
3. **What the work looks like.** The BOSS Scorecard before session one, so the work starts on his actual numbers. Weekly sessions for the first four to six weeks to find the quick wins and get momentum. Then two 90-minute sessions a month, ongoing. Direct access between sessions. Focus stays on the five profit levers in his business until something shifts. No worksheets he will not open.
4. **What changes.** Three specific outcomes tied to what he said on the call. Keep them grounded. 'A clearer picture of where the margin is going on each job' beats 'increased profitability'. Pull directly from the pain he named.
5. **Your investment.** List the two or three options relevant to his situation. Monthly at £1,450, or six months upfront at £7,800 or £9,600 with the split payment arrangements available. State clearly what each option includes. No small print.
6. **A word from someone who's been there.** John Davy's testimonial in full: 'I believe that Pam is the best coach I have ever, ever had. She's professional and insightful and the sessions that we've had fundamentally changed the way I do business. Specifically I can point to huge amounts of profit in my various companies that Pam and only Pam recognised. Her fees are completely outstripped by the money that you will get back.' No comment needed. Let it sit.
7. **Next step.** One clear action. Not a menu of options. 'Reply to this email and I'll send you the BOSS Scorecard link. It takes three minutes and we'll use your results in our first session.' Keep it simple enough that a busy MD can do it from his van.

### Raising your price

Start at £1,450 a month. When you bring on your second or third client at that rate, go to £1,950. When you add two more beyond that, go to £2,500. The rule is simple: raise by £500 every two to four clients. You do not announce this to existing clients. New clients come in at the new rate. If a prospect pushes back on price, the answer is not a discount. It is a conversation about what the problem is costing them. If that conversation goes well and they still say no, the price is not the issue. Experienced coaches can and should start higher. If you have a ranked track record and eight years in the trade, £1,450 is the floor, not the target.

===== sales:value (49s, 7371 chars)
The Margin Finder Session is a free, 30-minute call where Pam looks at your numbers, finds where the margin is leaking, and tells you exactly which bit to fix first. Steve walks away with a clear picture of what is capping his profit and what it is worth sorting.

- **Name:** The Margin Finder Session
- **Length:** 30 minutes
- **Who it is for:** MDs of groundworks, civils, drainage and allied trades businesses in Yorkshire, turning over £1.5M to £8M, winning decent work but not keeping enough of it
- **What they get:** A straight look at where the margin is going, which of the five profit levers is capping the business right now, and one or two things they can act on before the week is out
- **The promise:** No worksheets. No flannel. No pitch. Just a proper look at the numbers and an honest answer about where to start.

### The invitation

**Invitation**

```text
Hi {first_name},

I'm running a free 30-minute call this month called the Margin Finder Session. It's for MDs of groundworks and civils businesses who are putting decent turnover through but not seeing enough of it in the bank.

In half an hour we look at:

- Where the margin is leaking between pricing the job and finishing it, so you can stop it going out the door on the next scheme
- Which part of the business is capping your profit right now, so you stop spending time on the wrong thing
- What one change would free up the most hours in your week, so you can get back to pricing work instead of sorting problems

No strings. No pitch. No catch. Just a proper conversation about your numbers.

You walk away with a clear view of which bit to fix first and what it is worth fixing. Even if we never speak again, that is useful.

I have five spots this month. If you want one, book here: {booking_link}
```

_Use as an email, LinkedIn DM or direct outreach to an MD in the trade. Keep the three bullets exactly as written. They each move away from a specific pain Steve names and toward what he actually wants._

### The questions

| Area | Question | Red looks like | Green looks like |
| --- | --- | --- | --- |
| Margin visibility | When a job finishes, do you know within a week what margin you actually made compared to what you priced? | He finds out at year-end through the accounts, or not at all. Variations, rework and plant overruns are not tracked back to the job. | Job costing is done within a week of completion. He can compare priced margin to actual margin on every scheme and spot the pattern. |
| Cash and payment | Do you know, right now, what is owed to you, when it is due, and what you owe out and when? | He has a rough idea. Month-end is stressful. Retentions are parked and forgotten. He has been caught short when two main contractors paid late in the same month. | He has a rolling cash forecast, knows exactly what is coming in and when, and chases retentions systematically before they become a problem. |
| Team and delegation | When your contracts manager or foremen hit a problem on site, what happens next? | It lands on his phone. He sorts it because it is quicker. He is still doing half his contracts manager's job and everyone on the crew knows the boss is the one who actually decides. | The team owns its patch. Problems come to him with a suggested solution attached. He is approving, not fixing. |
| Pricing and pipeline | How much time did you spend last week on pricing and winning future work, versus sorting problems that were already on site? | He is firefighting most of the week. Tenders are rushed or missed. He is pricing in his head on the drive between sites and not writing it up properly. | He has protected time for pricing and pipeline. He knows what work is coming in over the next six months and at what margin. |
| Variations and extras | What is your process for recording and claiming variations before a job closes out? | Variations get agreed verbally and written up late, or not at all. By the time the final account is settled, he has lost extras he was owed. | Every variation is recorded in writing at the time, priced, and submitted before the job closes. He rarely loses money he was owed. |
| Profit levers | Do you know which of your five profit levers, leads, conversion, average job value, repeat work and margin, is the weakest right now? | He has never looked at it this way. He knows things are not quite right but cannot say which bit is capping profit most. | He knows which lever is weakest and has a specific action against it. He can see how a 10% move on each one compounds across the business. |
| Owner dependency | If you were off site for two weeks with no phone, what would stop or go wrong? | Quite a lot. The crew would manage the easy stuff but anything complicated would wait for him or get sorted badly. He has not had a proper holiday in years. | The business runs for two weeks without him. His contracts manager handles the sites, the office handles the admin, and he comes back to an update rather than a pile of problems. |
| Personal return | If you worked out your effective hourly rate, including evenings and weekends, would the number reflect the risk and graft you carry? | He has never done the calculation. He suspects the number would not sit well. The hours are long and the reward does not feel proportionate to what he puts in. | He knows his number, it reflects the risk he carries, and it is going in the right direction year on year. He could not articulate the exact figure but it is healthy. |
| Business value | If you decided to step back or sell in the next five years, what would the business be worth without you in it? | Not much. The business depends on him for relationships, decisions and quality control. Without him, the key clients would be nervous and the jobs would struggle. | The business has systems, a leadership layer and client relationships that are not all held personally by him. It has value beyond his presence. |

### The transition

**Transition**

```text
Right, that's useful. I've got a clear picture of where you are.

You're winning decent work. The turnover's there. But the margin is leaking somewhere between pricing the job and finishing it, and right now every decision is still landing on your phone rather than getting sorted by the team around you.

That is exactly the pattern I work on with MDs in the trade. And what I can tell you is it is fixable. It is not a character flaw and it is not because your business is too scrappy. It is a structural problem and there is a specific order to sort it in.

Would it be useful if I showed you how I typically work with clients in your situation and the kind of results we get? It'll take five minutes and then you can decide if it's worth a proper conversation.
```

_Use this after the audit questions, once Steve has had at least one aha moment. Wait for the yes before moving into the offer. Do not rush past the pause._

### If they say not now

No problem at all. The important thing is you've got a clearer picture of where the margin is going and which bit to look at first. That's yours to use whatever happens next. I'll send you a short note after this call with the two or three things we flagged, so it doesn't just sit in your head and get swallowed by the week. If it's useful, I'll check back in with you in a couple of weeks. No pressure either way. You know where I am.

===== sales:script (75s, 10893 chars)
This call turns a conversation about Steve's business into a clear decision: stay as you are, or fix it with Pam.

### Opening

**Opening**

```text
Steve, great to meet you properly. Thanks for making the time - I know how the diary goes in this game. Before I say anything about what I do, I want to understand where you're at and what would actually make a difference for you. Is that alright?

So - what made you book this call? What's going on in the business right now?
```

### Questions that find the gap

1. What's the turnover looking like this year, and when you look at the bank account at month-end, does it feel like it reflects that?
2. When a job finishes, do you generally know whether it landed the margin you priced - or does it only become clear afterwards, usually when there's not much left?
3. Where does most of your day actually go? If you think about last week, what were you sorting that probably shouldn't have landed on your desk?
4. You've got a contracts manager - how much of his job are you still doing? And when does it land back on you?
5. What does the pipeline look like right now? Do you know what's coming in over the next six months, or are you pricing reactively as things come up?
6. Cash - how does month-end feel? Are you waiting on retentions or main contractor payments regularly, and does it ever get tight?
7. What have you already tried to sort this? What happened?
8. If we were sitting here in twelve months and things were genuinely better - what would that actually look like for you? In the business, and outside it?
9. And personally - what's the cost of this carrying on the way it is? What's it costing you at home, or with your time?
10. What's stopped you sorting this before now?

> **How to use these questions:** Do not rush through them. Ask one, listen properly, and repeat back what they said before moving to the next. The answers they give you are the words you use in the pitch. Write them down.

### Transition

**Transition into the game plan**

```text
Right. So what I'm hearing is this: the turnover's decent, but the margin's going somewhere between pricing the job and finishing it and you can't pin down where. You're still sorting too much yourself because it's quicker than waiting for someone else to do it. And you're not getting the time to price properly or think six months ahead because the day job is swallowing you whole.

Does that feel about right?

[Wait for confirmation.]

OK. Based on what you've told me, let me show you exactly how I'd approach this with you. Three things. I'll walk you through each one and you can ask me anything as we go.
```

### The game plan

1. **Step 1 - Find out where the margin is going.** Before we do anything else, we look at your numbers properly. Not a general conversation about margin - your jobs, your pricing, your costs, your subbies, your plant hire. The BOSS Scorecard takes three minutes and shows us which of the five profit levers is capping your business before session one even starts. Most MDs in the trade have got a margin problem in two or three specific places. Rework they haven't costed properly. Variations that were never written up and never got paid. Plant hire that ran over and nobody flagged it until the job was done. We find those places and we put a number on them. Because once you can see where it's going, it stops being a mystery and starts being something you can fix.

Check-in: Does that make sense for where you are right now - or is there a specific job or month that's been niggling at you that we should start with?
2. **Step 2 - Sort the team so every decision stops landing on your phone.** You've got a contracts manager and a couple of foremen. But you're still doing half the contracts manager's job because it's quicker. That's not a people problem. It's a structural problem. There's no clear ownership, no accountability, and no way for the team to know what good looks like without checking with you first. We fix that. We build the structure around the people you've already got - job ownership, decision-making, reporting back to you on what matters rather than bringing you everything. Most MDs find within the first few weeks that the calls start to drop off. Not because the lads have changed, but because they finally know what they're supposed to own.

Check-in: When you picture your contracts manager running things without you checking in - does that feel possible, or does it feel a long way off?
3. **Step 3 - Get your time back and build a pipeline you can rely on.** Right now you're pricing reactively. Whatever comes in, you put a number on it when you've got a spare hour, usually on the drive between sites. That means you're winning work on price when you're stretched, losing tenders you should have won because you didn't have time to price them properly, and never quite sure what the next six months looks like. We block time for pipeline. We look at where your best work comes from - which clients, which type of job, which margin - and we build a simple process to get more of it. Not a marketing plan with a logo. A practical approach that fits around the way you actually work. When the pipeline is steady and you can see what's coming in, the pressure at month-end starts to ease.

Check-in: If you could get two days a month back to focus purely on pricing and pipeline, what do you think that would be worth to the business?

### Results and proof

I started my first business at 17. I spent 28 years building and running real businesses before I coached anyone. When I talk about what it feels like to carry everything yourself, it is not a phrase I picked up at a seminar. I have been coaching business owners for 17 years and was ranked the world's number one business coach four years running, from 2015 to 2018. That ranking was measured on client results and business growth delivered, not on how many people signed up. For the last 8 years I have worked specifically with MDs in construction and allied trades. I know what rework costs. I know what a variation that was never written up looks like on the numbers. I know what tight-at-month-end actually means when you've got payroll going out on Friday. John Davy, a business owner I worked with, put it this way: 'I believe that Pam is the best coach I have ever, ever had. Her fees are completely outstripped by the money that you will get back. Specifically I can point to huge amounts of profit in my various companies that Pam and only Pam recognised.' That is the kind of result I work towards with every client.

### Price and close

**Price and close**

```text
So here is how we get started.

Before session one, you do the BOSS Scorecard. Three minutes. It shows us exactly which part of the business is capping your profit so we go straight to your numbers, not a standard programme.

For the first four to six weeks, we meet weekly - 90 minutes a session. That's where we find the quick wins and build some momentum. After that, we move to two sessions a month, and you've got direct access to me between sessions. No waiting until the next call to sort something that's landed on your desk.

The investment is £1,450 a month. There is also a six-month option at £7,800 or £9,600, with payment arrangements to suit - you can split that into two, three or four payments, or pay 50% upfront and monthly from there.

To put that in plain terms: it is roughly the cost of one bad month of margin leakage. One tender you were too stretched to price properly. One good operative walking because the team structure wasn't right. That cost runs every month whether you measure it or not.

So the question isn't really whether £1,450 is a lot. The question is what staying as you are is costing you.

[Pause. Let it land.]

Based on what you've told me today about [reflect back their specific challenge - e.g. margin disappearing, still sorting the contracts manager's job, missing tenders] - does this feel like the right support to get that sorted?
```

### Objections

| They say | You say |
| --- | --- |
| £1,450 a month is a lot of money. | It is. And I'd rather you said that than nodded and walked away uncertain. The honest question is what staying as you are is costing you each month. One month of margin leakage on a job priced wrong, one tender lost because you were too stretched to get it in on time, one good lad walking because nobody was managing the team properly - those costs are running already. We're not adding a cost. We're replacing one that's already there with one that pays you back. John Davy said my fees were completely outstripped by the money he got back. That is what I work towards with every client. |
| I need a bit of time to think it over. | Of course - and I'd rather you made a proper decision than rush into anything. Can I ask what specifically you want to think through? Because if there's something that doesn't feel right, I'd rather we talk about it now than you sit with it. If it's just about letting it settle, that's fine. Can we fix a time in the next couple of days to pick this up? I don't want the day job to swallow this and you end up back at square one. |
| I'd need to talk to my partner first. | Absolutely - and that's the right call. They carry the impact of this too, so they should have a say. What I'd suggest is this: let me send you a short summary of what we talked about today - the gap, the three steps, the investment - so you've got something concrete to show them rather than trying to explain it after a long day. And let's pencil in a call for later in the week once you've had that conversation. |
| The timing's not right. We're flat out at the moment. | I hear that. Flat out is usually when this is most needed, though - because flat out with the margin leaking is more graft for less reward. The BOSS Scorecard takes three minutes. The first session looks at your numbers and finds the quickest win. Most MDs find the first few weeks free up time rather than add to it, because we stop the right things landing on your desk. But if you're genuinely at capacity right now, tell me when makes more sense and let's put a date in the diary. I'd rather you start at the right moment than the wrong one. |
| I'm not sure coaching actually works. I've tried things before and nothing changed. | That's a fair thing to say, and I'd be surprised if you hadn't been let down at some point. The difference here is that we're not doing theory. We're looking at your jobs, your numbers, your margin, your team - and we're working on the five specific things that move profit in a business like yours. The BOSS Scorecard shows us where to start before session one. And I follow up. I hold you to it. I don't send you a workbook and wait to see you next month. If something's stuck, we sort it. That's a different thing to a seminar or a generic programme. |

===== content:posts (42s, 5747 chars)
Pam's content angle is simple: she says the thing Steve already knows but has never heard said plainly, then shows him there is a fix.

### Content pillars

| Pillar | What it covers | Example hook |
| --- | --- | --- |
| Where the margin goes | The gap between what a job looks like on the quote and what lands in the bank. Rework, unrecorded variations, plant hire overruns, subbies charging over. | You priced that job at 18%. You finished it at 6%. Here is where it went. |
| The business that runs you | Why the MD is still doing half the contracts manager's job. What it costs. How to build a team that owns its patch. | You hired him to take the pressure off. If you are honest, it has not worked. Here is why. |
| Cash, turnover and the awkward gap | Turning over £3M and staring at the bank at month-end. Retentions, late main contractors, payroll stress. | Full order book. Tight at month-end. Those two things should not go together. |
| Getting your time back | Hours on site, missed football matches, a partner who has stopped saying anything. What a business worth the graft actually looks like. | You built this business. At some point it is supposed to give something back. |

### Twelve post ideas

1. You turned over £3M last year. Can you tell me, to the nearest £50K, what you actually kept?
2. The margin looked right when you priced it. By the time you finished, there was next to nowt in it. Here is the usual culprit.
3. Your contracts manager is a good lad. So why are you still doing half his job?
4. Five levers that move profit in a groundworks business. Most MDs are only pulling one.
5. What a 3am bank statement stare is really telling you.
6. The tender you lost last month because you were sorting a plant breakdown instead of pricing it properly.
7. I started my first business at 17. The thing I wish someone had told me about margin before year five.
8. Full order book. Tight at month-end. Here is the structural reason those two things keep happening together.
9. Your business is too dependent on you. That is not a character flaw. It is a structural problem with a fix.
10. He passed the school and realised he had missed the lad's football again. His partner did not say anything. That was worse.
11. The BOSS Scorecard takes three minutes. It shows you exactly which part of your business is capping your profit. Worth a look.
12. What does your business actually pay you per hour, once you count the risk and the graft you carry? Work it out. The number might surprise you.

### Ready to post

**Proof story**

```text
A client once told me his fees were completely outstripped by the money he got back.

He did not say it lightly. He is the kind of bloke who chooses his words carefully.

When we started working together he had a decent business. Customers, a team, turnover going through the door. But behind the scenes it felt like constant graft with not enough to show for it. He knew the profit was there somewhere. He just could not pin down where it was going.

We sat down with his numbers and went through the five levers that actually move profit in an owner-led business. Lead generation. Conversion. Average job value. Repeat work. Margin.

Most businesses have one or two of those working well. The rest are leaking quietly and nobody has stopped long enough to look.

Once we found where the money was going, fixing it was not complicated. It just needed someone to sit with the numbers and tell him the truth.

His words: the sessions fundamentally changed the way I do business. I can point to huge amounts of profit in my various companies that Pam and only Pam recognised.

If you run a business in Yorkshire and you suspect there is more in it than you are currently seeing, the BOSS Scorecard is a good place to start. Three minutes. Free. It shows you exactly which part of your business is capping your profit.

Link in my profile.
```

_Use as a standalone LinkedIn post. Works well mid-week. No edits needed._

**The 3am thought**

```text
It is late. You have got the bank statement open on your phone.

The turnover looks fine. It always looks fine. But the account does not reflect the work you have put through and you are sat there trying to work out where it has gone.

Rework on that last job. Plant hire that went over. A variation you never got paid for because nobody wrote it down at the time. Subbies you paid before the main contractor settled up.

None of it looks massive on its own. Together it eats the margin before you have had a chance to count it.

Most MDs I talk to know the margin is leaking. They just cannot pin down exactly where. They are too busy sorting the day job to stop and look properly.

Here is the plain truth. That pattern does not fix itself. It just keeps running, month after month, while the turnover ticks up and the bank account tells a different story.

The BOSS Scorecard takes three minutes and shows you exactly which part of your business is capping your profit. No worksheets. No flannel. Just a clear picture of where to look first.

If that sounds useful, the link is in my profile. Have a look when you get a minute.
```

_Post early morning, Tuesday to Thursday. Speaks directly to the margin-leakage pain. Pair with a comment prompt like: 'Anyone else recognise this?' to encourage replies._

> **Posting rhythm:** Four posts a month is the minimum to stay visible. One proof story, one 3am pain post, one practical insight from the five levers or five levels, and one question post that invites owners to respond. Post Tuesday to Thursday, early morning or just after lunch. That is when MDs in the trade are most likely to scroll. Consistency matters more than frequency. Four solid posts a month beats twelve thin ones.

===== content:newsletter (37s, 5174 chars)
A short, plain-spoken read for Yorkshire MDs who are winning decent work but not keeping enough of it. One idea per issue. No flannel.

- **Name:** The Margin Letter
- **Who it is for:** MDs and owners of groundworks, civils, drainage and allied trades businesses in Yorkshire, turning over £1.5M to £8M, who are winning work but watching the margin disappear before it reaches the bank
- **How often:** Monthly
- **Format:** Email and LinkedIn newsletter. Under 500 words. One idea, one story or example, one practical move, one offer.
- **Call to action:** Book a no-fee Value Session with Pam to look at your numbers and find where profit is being capped

### The first issue

**Issue 1**

```text
Subject: You put £3M through last year. So where is it?

Hi,

Let me ask you something straight.

If someone asked you right now what your business actually pays you per hour, for the risk and the graft and the early starts, what would you say?

Most MDs I work with have never sat down and done that sum. When they do, the number is not what it should be.

Turnover looks fine. The order book is full. But the bank account at month-end tells a different story.

Here is what I see, again and again, with groundworks and civils businesses in Yorkshire.

The margin looked right when the job was priced. By the time it finished, there was next to nowt in it. Rework, plant hire going over, a variation that was never written up properly, a subie who ran long and nobody flagged it until the invoice landed. Each one is a few hundred quid. Across a full year, it adds up to the difference between a business that pays you well and one that just keeps you busy.

The problem is not the jobs. The problem is that nobody is watching the margin between pricing and finishing. And the MD is too busy sorting plant breakdowns and chasing late payments to notice until month-end, when it is too late to do anything about it.

I started my first business at 17. I have run businesses for 43 years and spent the last 8 working specifically with MDs in the trade. I know what a wrongly priced variation looks like on the numbers. I know what tight-at-month-end actually feels like.

The fix is not complicated. But you have to know where to look first.

That is what the BOSS Scorecard does. It takes about three minutes and shows you exactly which part of your business is capping your profit right now. Not a guess. Your numbers.

Next month I will talk about what happens when the team is good but everything still lands on your desk. It is not a people problem. It is a structural one, and it has a fix.

If you want to find out where your margin is going before then, book a no-fee Value Session with me. We look at your numbers together, no worksheets, no sales pitch, just a plain look at where the money is going and what is worth fixing first.

Book here: theprofitcoach.com/pam

Pam Woodford
The Margin Letter
```

_Send to the email list and publish as a LinkedIn newsletter. Keep the subject line exactly as written. Do not add a logo header or formal sign-off block on the LinkedIn version._

### The next six issues

| Issue | Subject line | The one idea |
| --- | --- | --- |
| 2 | Your contracts manager is a good lad. So why are you still doing half his job? | A team that depends on the MD for every call is a structural problem, not a people problem. The fix is giving each person a clear patch they own and holding them to it. Delegation without structure just creates a queue at the owner's desk. |
| 3 | A full order book and no cash. How does that happen? | Turnover and cash are not the same thing. Retention, 90-day payment terms and unrecorded variations can drain cash from a business that looks healthy on paper. One move: a simple cash forecast that shows what is coming in and when, so month-end is never a surprise. |
| 4 | The tender you should have won. Why you lost it. | Missing or underpricing tenders because there was no time to do them properly is not a time management problem. It is a profit problem. Every hour spent sorting a plant breakdown is an hour not spent pricing the next six months of work. The order book does not fill itself. |
| 5 | Five numbers every MD in the trade should know by heart. | The five profit levers: lead generation, conversion, average job value, repeat work and margin. A 10% improvement on each compounds to around 61% more revenue. Most MDs only ever pull one lever. Knowing which one to pull first is worth more than any amount of general effort. |
| 6 | What is your business worth the day you decide you have had enough? | A business that depends on the MD for every decision is worth very little to a buyer, and not much more as a going concern. Building a business that runs without you is not a retirement plan. It is what makes the next ten years worth having. |
| 7 | The question I ask every MD before we start. | Before any coaching work begins, Pam asks one question: where do you think the profit is going? The answer tells her everything about where to look first. This issue walks through the five most common answers she hears from MDs in the trade, and what is usually hiding behind each one. |

===== ninety:quarter (42s, 4943 chars)
One objective for the next 90 days: sign your first six clients onto The P.R.O.F.I.T. Programme and build the weekly rhythm that keeps the pipeline full after that.

- **£8,700/mo** Income target at six clients on £1,450 a month
- **6** Clients needed to hit that target
- **18 to 24** Value sessions needed to sign six clients (assume 25 to 33% conversion)
- **150 to 200** Real conversations needed to book that many calls

> **On the numbers:** These figures use your entry price of £1,450 a month and a six-client target. If you open with a six-month retainer at £7,800, the call and conversation numbers drop. Adjust as your first few calls give you a real conversion rate to work from.

### Week by week

- **Weeks 1 to 2:** Foundations locked. LinkedIn profile live and reflecting your construction specialism. BOSS Scorecard link active and tested. Value session named and calendar connected. Prospect list of 150 MDs in groundworks, civils, drainage and allied trades across Yorkshire built and ready. Your outreach message drafted and reviewed. Nothing goes out until the destination is working.
- **Weeks 2 to 4:** First campaign live. Start sending 20 connection requests a day to Steve-profile MDs in your target area. Handle replies daily, same day where possible. Goal by end of week four: 60 to 80 connections accepted, 15 to 20 real conversations started, two to four value sessions booked. First BOSS Scorecard completions coming in.
- **Weeks 4 to 8:** Calls every week, first client signed. Run at least two value sessions a week. Focus the session on the owner's numbers, not a presentation. Use the BOSS Scorecard to show exactly where margin is being capped before you suggest anything. Aim to sign your first client by week six and your second by week eight. Start posting on LinkedIn once a week: short, plain-spoken, grounded in a real problem Steve would recognise.
- **Weeks 8 to 12:** Second angle tested, referrals asked for. Test a second outreach angle, either a different entry line or a different trigger (cash-tight month, missed tender, site incident). Ask your first one or two clients who else in the trade they respect and whether they would make an introduction. Send your first short newsletter to the list you have been building. Review your price after three or four clients signed: if conversion is above 40%, the price is probably too low.

### Weekly numbers

| Activity | Per week |
| --- | --- |
| Connection requests sent to target MDs | 100 |
| New connections accepted (target rate: 30 to 40%) | 30 to 40 |
| Follow-up messages sent to accepted connections | All of them, within 48 hours |
| Real two-way conversations active | 10 to 15 |
| Value sessions booked | 2 to 4 |
| Value sessions run | 2 to 4 |
| Proposals or next steps offered | Equal to sessions run |
| New clients signed | 1 to 2 (from week six onward) |
| LinkedIn posts published | 1 |
| BOSS Scorecard completions followed up | Same day, every one |

### This week

1. **Get the destination ready before the first message goes out.** Check your LinkedIn profile reflects your construction specialism exactly as written in your positioning. Test the BOSS Scorecard link end to end: click it, complete it, confirm the result page works and that you get the notification. Connect your calendar to the value session booking page and run a test booking yourself. If any of these three fail, nothing else in the plan works.
2. **Build your first prospect list of 150 names.** Search LinkedIn for MDs, owners and managing directors in groundworks, civils, drainage, earthworks and allied trades within 40 miles of Leeds and Sheffield. Filter for businesses with 11 to 50 employees. Save the list. You are looking for the Steve profile: 10 to 20 years in business, owner-operator, Yorkshire-based. Aim for 150 names ready before you send a single message.
3. **Send your first 20 connection requests today.** Use the message already written in your voice section: the one that opens with what you do for MDs in the trade and closes with 'Happy to chat if you are.' Do not change the copy. Do not add a list of services. Send to the 20 best-fit names on your list. Check replies tomorrow morning and handle each one the same day it arrives.

> **Your most likely constraint: conversations that go quiet:** Pam's specialism and credibility will get connections accepted. The drop-off risk is in the follow-up: MDs in construction are busy and slow to respond, and a single message that gets no reply is easy to leave. The fix is a simple two-step follow-up sequence sent five to seven days apart, plain and short, no flannel. Spot the problem early: if accepted connections are climbing but booked calls are not, the follow-up is stalling. Check your reply rate every Friday. If fewer than one in five accepted connections turns into a conversation by week four, the follow-up message needs rewriting before you send another hundred.
